time,ADX
2020-04-07,50.0546
2020-04-03,49.6147
2020-04-01,49.2418
2020-03-31,48.6689
2020-03-30,48.0659
2020-03-27,47.5294
2020-03-26,47.2004
2020-03-25,46.3877
2020-03-24,44.8754
2020-03-23,42.8635
2020-03-20,40.7881
2020-03-19,38.7680
2020-03-18,36.6416
2020-03-17,34.7003
2020-03-16,32.9738
2020-03-13,31.3702
2020-03-12,29.8513
2020-03-11,28.2525
2020-03-09,27.1300
2020-03-06,26.4932
2020-03-05,25.8229
2020-03-04,25.8372
2020-03-03,25.8522
2020-03-02,26.2090
2020-02-28,26.5846
2020-02-27,27.0097
2020-02-26,27.4062
2020-02-25,27.3803
2020-02-24,27.2267
2020-02-20,27.0651
2020-02-19,26.0788
2020-02-18,25.1611
2020-02-17,24.6030
2020-02-14,23.5703
2020-02-13,22.3422
2020-02-12,21.0990
2020-02-11,19.8488
2020-02-10,18.4059
2020-02-07,17.0403
2020-02-06,15.7621
2020-02-05,14.4414
2020-02-04,13.5551
2020-02-03,12.6222
2020-01-31,12.4232
2020-01-30,11.6054
2020-01-29,10.6405
2020-01-28,9.8231
2020-01-27,10.2070
2020-01-24,10.5380
2020-01-23,10.8610
2020-01-22,10.8505
2020-01-21,11.1314
2020-01-20,11.4270
2020-01-17,11.7867
2020-01-16,12.0404
2020-01-15,12.3886
2020-01-14,12.8465
2020-01-13,13.4648
2020-01-10,14.1145
2020-01-09,14.7983
2020-01-08,15.2571
2020-01-07,15.0772
2020-01-06,15.1730
2020-01-03,15.2739
2020-01-02,15.3116
2020-01-01,14.7209
2019-12-31,14.4212
2019-12-30,14.1057
2019-12-27,13.7097
2019-12-26,13.4273
2019-12-24,13.5637
2019-12-23,13.8628
2019-12-20,14.0886
2019-12-19,14.6355
2019-12-18,15.2273
2019-12-17,15.6903
2019-12-16,16.3180
2019-12-13,16.8046
2019-12-12,17.4133
2019-12-11,17.8480
2019-12-10,18.2157
2019-12-09,18.1183
2019-12-06,17.9800
2019-12-05,18.1086
2019-12-04,18.5211
2019-12-03,18.7160
2019-12-02,18.8491
2019-11-29,19.1415
2019-11-28,19.8518
2019-11-27,20.5588
2019-11-26,21.0447
2019-11-25,21.5563
2019-11-22,22.2490
2019-11-21,23.0217
2019-11-20,23.2604
2019-11-19,23.4136
2019-11-18,23.5748
2019-11-15,23.5979
2019-11-14,23.3491
2019-11-13,23.1993
2019-11-11,23.1996
2019-11-08,23.1319
2019-11-07,23.0029
2019-11-06,22.5800
2019-11-05,22.1349
2019-11-04,21.7431
2019-11-01,21.6405
2019-10-31,21.7980
2019-10-30,22.2416
2019-10-29,22.7085
2019-10-27,23.2207
2019-10-25,23.9350
2019-10-24,24.6868
2019-10-23,24.8896
2019-10-22,25.1030
2019-10-18,25.1451
2019-10-17,24.7153
2019-10-16,24.5325
2019-10-15,24.6291
2019-10-14,25.1937
2019-10-11,25.7278
2019-10-10,25.8887
2019-10-09,26.0124
2019-10-07,26.1426
2019-10-04,26.5856
2019-10-03,26.6562
2019-10-01,26.4659
2019-09-30,26.2110
2019-09-27,25.4346
2019-09-26,24.6893
2019-09-25,24.0957
2019-09-24,23.5159
2019-09-23,22.6891
2019-09-20,21.8188
2019-09-19,21.8664
2019-09-18,22.5064
2019-09-17,23.4260
2019-09-16,24.1858
2019-09-13,25.1662
2019-09-12,26.1081
2019-09-11,27.0586
2019-09-09,28.1267
2019-09-06,29.2057
2019-09-05,29.9681
2019-09-04,30.2394
2019-09-03,30.3218
2019-08-30,30.4961
2019-08-29,30.7827
2019-08-28,31.1487
2019-08-27,31.6215
2019-08-26,32.2713
2019-08-23,32.6123
2019-08-22,32.0774
2019-08-21,31.8317
2019-08-20,32.1326
2019-08-19,32.4494
2019-08-16,33.1142
2019-08-14,33.6686
2019-08-13,34.0500
2019-08-09,34.4514
2019-08-08,35.5490
2019-08-07,36.0763
2019-08-06,36.3618
2019-08-05,36.3483
2019-08-02,35.6402
2019-08-01,34.8948
2019-07-31,34.2639
2019-07-30,33.5997
2019-07-29,33.1279
2019-07-26,32.6289
2019-07-25,31.9534
2019-07-24,30.9456
2019-07-23,30.2931
2019-07-22,29.8592
2019-07-19,29.4025
2019-07-18,29.3024
2019-07-17,30.1222
2019-07-16,30.6619
2019-07-15,31.0987
2019-07-12,31.3336
2019-07-11,31.8741
2019-07-10,32.4518
2019-07-09,33.3043
2019-07-08,34.2018
2019-07-05,35.3590
2019-07-04,34.8859
2019-07-03,34.4509
2019-07-02,34.0994
2019-07-01,33.7848
2019-06-28,33.2590
2019-06-27,32.8145
2019-06-26,32.5342
2019-06-25,32.3819
2019-06-24,32.5047
2019-06-21,32.6997
2019-06-20,32.6972
2019-06-19,32.7250
2019-06-18,33.0071
2019-06-17,33.4188
2019-06-14,33.8536
2019-06-13,33.8614
2019-06-12,33.9539
2019-06-11,34.0512
2019-06-10,33.8906
2019-06-07,33.7620
2019-06-06,33.7856
2019-06-04,33.5794
2019-06-03,32.7140
2019-05-31,31.8644
2019-05-30,30.9702
2019-05-29,30.1939
2019-05-28,29.5737
2019-05-27,28.9208
2019-05-24,27.8169
2019-05-23,26.6965
2019-05-22,25.5170
2019-05-21,24.4984
2019-05-20,23.4261
2019-05-17,22.4321
2019-05-16,21.8559
2019-05-15,22.1871
2019-05-14,23.3474
2019-05-13,23.8572
2019-05-10,24.8984
2019-05-09,25.9944
2019-05-08,27.1118
2019-05-07,28.3736
2019-05-06,28.9038
2019-05-03,29.2746
2019-05-02,28.7297
2019-04-30,28.2536
2019-04-26,28.0336
2019-04-25,27.8365
2019-04-24,27.2653
2019-04-23,26.7563
2019-04-22,26.5066
2019-04-18,26.4866
2019-04-16,26.1930
2019-04-15,25.5471
2019-04-12,25.0010
2019-04-11,24.4261
2019-04-10,23.8649
2019-04-09,23.3765
2019-04-08,22.8624
2019-04-05,21.7875
2019-04-04,20.7145
2019-04-03,19.8710
2019-04-02,18.7928
2019-04-01,17.7484
2019-03-28,16.7808
2019-03-27,16.0352
2019-03-26,15.2504
2019-03-25,14.8490
2019-03-22,14.9665
2019-03-20,14.8806
2019-03-19,14.3482
2019-03-18,13.1664
2019-03-15,12.0515
2019-03-14,11.1885
2019-03-13,10.7479
2019-03-12,10.2841
2019-03-11,9.9579
2019-03-08,9.3232
2019-03-07,8.8771
2019-03-06,8.3111
2019-03-05,7.7979
2019-03-01,7.7635
2019-02-28,8.0322
2019-02-27,8.4408
2019-02-26,8.8709
2019-02-25,9.1977
2019-02-22,9.6711
2019-02-21,10.0529
2019-02-20,10.5727
2019-02-19,10.6985
2019-02-18,10.7955
2019-02-15,10.4808
2019-02-14,10.1494
2019-02-12,10.1532
2019-02-11,10.5887
2019-02-08,11.1272
2019-02-07,11.3205
2019-02-06,11.4426
2019-02-05,11.6602
2019-02-04,12.0529
2019-02-01,12.4075
2019-01-31,12.8345
2019-01-30,12.6872
2019-01-29,12.6616
2019-01-28,12.1436
2019-01-25,11.5984
2019-01-24,11.5245
2019-01-23,11.2429
2019-01-22,10.8444
2019-01-21,10.5594
2019-01-18,10.5124
2019-01-17,10.9325
2019-01-16,11.3748
2019-01-15,11.4322
2019-01-14,11.5102
2019-01-11,12.1138
2019-01-10,12.6089
2019-01-09,13.2487
2019-01-08,13.8749
2019-01-07,14.3801
2019-01-04,14.7224
2019-01-03,14.9082
2019-01-02,14.9981
2019-01-01,14.8126
2018-12-31,14.5346
2018-12-28,14.0472
2018-12-27,13.6943
2018-12-26,13.3743
2018-12-24,13.3320
2018-12-21,12.8343
2018-12-20,12.3104
2018-12-19,12.1091
2018-12-18,11.8015
2018-12-17,12.0871
2018-12-14,12.6030
2018-12-13,13.1464
2018-12-12,13.6659
2018-12-11,14.3212
2018-12-10,14.6603
2018-12-07,15.4117
2018-12-06,16.0104
2018-12-05,16.6748
2018-12-04,16.9415
2018-12-03,17.0330
2018-11-30,17.1293
2018-11-29,17.0943
2018-11-28,17.2882
2018-11-27,17.9276
2018-11-26,18.6885
2018-11-22,19.6348
2018-11-21,20.5371
2018-11-20,21.5988
2018-11-19,22.4867
2018-11-16,23.4493
2018-11-15,24.3917
2018-11-14,24.9794
2018-11-13,25.4260
2018-11-12,25.8546
2018-11-09,26.4778
2018-11-07,27.4278
2018-11-06,28.3512
2018-11-05,29.3233
2018-11-02,30.3737
2018-11-01,31.6269
2018-10-31,32.7551
2018-10-30,33.7143
2018-10-29,34.8966
2018-10-26,35.9682
2018-10-25,37.0026
2018-10-24,37.9554
2018-10-23,38.9583
2018-10-22,39.0112
2018-10-19,39.3144
2018-10-17,39.5071
2018-10-16,39.9291
2018-10-15,40.8439
2018-10-12,41.5879
2018-10-11,42.3504
2018-10-10,42.6604
2018-10-09,43.0455
2018-10-08,42.2753
2018-10-05,41.2832
2018-10-04,40.3421
2018-10-03,39.6456
2018-10-01,39.0204
2018-09-28,37.5952
2018-09-27,36.2087
2018-09-26,34.8843
2018-09-25,33.7122
2018-09-24,32.2777
2018-09-21,30.7678
2018-09-19,29.1783
2018-09-18,29.0112
2018-09-17,29.1881
2018-09-14,29.5982
2018-09-12,30.2624
2018-09-11,30.5632
2018-09-10,31.1598
2018-09-07,32.0475
2018-09-06,33.5737
2018-09-05,35.1802
2018-09-04,36.9107
2018-09-03,38.8531
2018-08-31,40.6379
2018-08-30,41.2317
2018-08-29,40.8315
2018-08-28,40.2693
2018-08-27,39.7187
2018-08-24,39.2560
2018-08-23,38.8443
2018-08-21,38.5882
2018-08-20,38.4572
2018-08-17,38.2013
2018-08-16,37.8844
2018-08-14,37.5508
2018-08-13,37.5485
2018-08-10,37.7105
2018-08-09,37.4395
2018-08-08,37.0067
2018-08-07,36.7037
2018-08-06,36.7020
2018-08-03,36.9698
2018-08-02,37.2518
2018-08-01,37.3377
2018-07-31,37.1436
2018-07-30,37.2523
2018-07-27,37.3667
2018-07-26,37.4702
2018-07-25,37.5792
2018-07-24,37.3858
2018-07-23,37.2625
2018-07-20,36.8244
2018-07-19,36.5794
2018-07-18,37.5381
2018-07-17,36.9695
2018-07-16,36.5672
2018-07-13,35.6852
2018-07-12,34.8869
2018-07-11,34.3293
2018-07-10,34.0976
2018-07-09,33.8637
2018-07-06,33.7436
2018-07-05,33.7002
2018-07-04,33.6985
2018-07-03,33.6990
2018-07-02,33.8087
2018-06-29,34.0726
2018-06-28,34.3503
2018-06-27,34.6427
2018-06-26,34.0154
2018-06-25,33.0158
2018-06-22,32.0701
2018-06-21,31.3706
2018-06-20,31.0271
2018-06-19,30.5178
2018-06-18,30.1310
2018-06-15,29.6149
2018-06-14,29.1137
2018-06-13,28.8661
2018-06-12,28.1331
2018-06-11,27.2518
2018-06-08,26.4513
2018-06-07,25.6302
2018-06-06,25.1176
2018-06-05,24.7590
2018-06-04,24.7748
2018-06-01,24.9245
2018-05-31,24.8109
2018-05-30,24.2485
2018-05-29,23.7936
2018-05-28,23.2020
2018-05-25,22.3040
2018-05-24,21.0967
2018-05-23,20.0780
2018-05-22,19.0057
2018-05-21,17.2798
2018-05-18,15.6069
2018-05-17,13.8460
2018-05-16,12.4468
2018-05-15,12.5315
2018-05-14,12.6207
2018-05-11,13.0854
2018-05-10,13.5137
2018-05-09,13.6366
2018-05-08,14.1589
2018-05-07,14.8678
2018-05-04,15.6219
2018-05-03,16.4271
2018-05-02,17.1871
2018-04-30,17.4002
2018-04-27,17.8010
2018-04-26,18.2959
2018-04-25,18.8598
2018-04-24,19.2835
2018-04-23,19.5998
2018-04-20,20.0842
2018-04-19,20.6943
2018-04-18,20.4826
2018-04-17,20.1002
2018-04-16,19.6978
2018-04-13,19.3192
2018-04-12,18.7454
2018-04-11,18.1921
2018-04-10,17.6097
2018-04-09,16.6711
2018-04-06,15.4328
2018-04-05,14.3109
2018-04-04,13.2528
2018-04-03,12.5703
2018-04-02,12.0675
2018-03-28,11.6323
2018-03-27,11.5345
2018-03-26,11.4316
2018-03-23,11.8272
2018-03-22,12.0343
2018-03-21,12.6013
2018-03-20,13.0476
2018-03-19,12.9720
2018-03-16,13.0332
2018-03-15,13.6616
2018-03-14,13.8429
2018-03-13,14.2563
2018-03-12,14.9878
2018-03-09,15.5391
2018-03-08,15.9175
2018-03-07,15.8532
2018-03-06,15.9560
2018-03-05,16.2903
2018-03-01,16.6073
2018-02-28,16.8787
2018-02-27,17.0765
2018-02-26,17.5223
2018-02-23,17.9143
2018-02-22,17.7137
2018-02-21,17.2672
2018-02-20,16.9014
2018-02-19,16.8432
2018-02-16,16.7927
2018-02-15,17.1943
2018-02-14,17.6170
2018-02-12,18.3813
2018-02-09,18.6736
2018-02-08,18.9401
2018-02-07,19.3797
2018-02-06,19.8424
2018-02-05,20.2612
2018-02-02,20.0015
2018-02-01,20.4304
2018-01-31,21.1486
2018-01-30,20.7554
2018-01-29,20.6262
2018-01-25,20.9601
2018-01-24,21.3115
2018-01-23,21.6815
2018-01-22,21.6004
2018-01-19,21.5150
2018-01-18,20.9269
2018-01-17,20.5069
2018-01-16,20.2021
2018-01-15,20.0682
2018-01-12,20.5344
2018-01-11,21.2445
2018-01-10,22.3222
2018-01-09,23.2219
2018-01-08,23.9547
2018-01-05,25.0526
2018-01-04,26.1960
2018-01-03,26.2721
2018-01-02,25.8736
2018-01-01,25.4103
2017-12-29,25.0314
2017-12-28,24.9593
2017-12-27,24.8833
2017-12-26,24.9811
2017-12-22,25.2652
2017-12-21,25.4758
2017-12-20,25.4180
2017-12-19,25.3911
2017-12-18,25.0874
2017-12-15,24.7678
2017-12-14,24.8183
2017-12-13,24.0774
2017-12-12,23.5797
2017-12-11,23.4439
2017-12-08,23.3010
2017-12-07,22.9205
2017-12-06,22.1972
2017-12-05,21.4359
2017-12-04,20.6344
2017-12-01,19.9636
2017-11-30,19.6170
2017-11-29,19.3870
2017-11-28,19.5231
2017-11-27,19.7940
2017-11-24,20.1309
2017-11-23,20.4856
2017-11-22,20.6209
2017-11-21,21.0308
2017-11-20,21.7687
2017-11-17,22.3561
2017-11-16,23.0517
2017-11-15,23.1269
2017-11-14,22.8157
2017-11-13,22.5991
2017-11-10,22.2106
2017-11-09,21.9138
2017-11-08,21.6173
2017-11-07,21.6361
2017-11-06,21.6962
2017-11-03,22.1481
2017-11-02,22.6238
2017-11-01,22.9761
2017-10-31,23.1241
2017-10-30,23.2799
2017-10-27,23.6256
2017-10-26,23.8356
2017-10-25,23.2427
2017-10-24,22.7243
2017-10-23,23.1506
2017-10-19,23.5993
2017-10-18,24.2947
2017-10-17,25.2217
2017-10-16,26.2936
2017-10-13,27.6470
2017-10-12,28.1063
2017-10-11,28.7635
2017-10-10,29.4553
2017-10-09,29.5708
2017-10-06,29.7715
2017-10-05,30.2101
2017-10-04,31.1652
2017-10-03,32.3071
2017-09-29,33.5592
2017-09-28,34.8772
2017-09-27,36.5336
2017-09-26,38.1636
2017-09-25,39.9234
2017-09-22,41.7758
2017-09-21,42.4946
2017-09-20,42.7792
2017-09-19,42.5891
2017-09-18,42.2760
2017-09-15,41.9426
2017-09-14,41.6951
2017-09-13,41.0827
2017-09-12,40.5123
2017-09-11,39.9119
2017-09-08,39.0300
2017-09-07,38.1016
2017-09-06,37.1562
2017-09-05,36.7161
2017-09-04,36.7349
2017-09-01,36.7547
2017-08-31,36.8540
2017-08-30,37.0051
2017-08-29,37.0696
2017-08-28,37.1375
2017-08-24,37.2444
2017-08-23,37.6189
2017-08-22,38.1194
2017-08-21,39.2232
2017-08-18,40.1845
2017-08-17,41.0473
2017-08-16,41.5321
2017-08-14,42.0718
2017-08-11,42.7633
2017-08-10,43.5592
2017-08-09,44.7964
2017-08-08,45.1044
2017-08-07,43.7124
2017-08-04,42.3618
2017-08-03,41.2803
2017-08-02,40.1669
2017-08-01,39.0177
2017-07-31,37.5008
2017-07-28,35.9175
2017-07-27,34.2982
2017-07-26,32.3837
2017-07-25,30.5629
2017-07-24,29.0034
2017-07-21,27.3619
2017-07-20,25.6884
2017-07-19,24.0907
2017-07-18,22.5962
2017-07-17,21.2862
2017-07-14,19.9072
2017-07-13,18.8170
2017-07-12,17.9075
2017-07-11,17.4351
2017-07-10,17.1792
2017-07-07,16.9098
2017-07-06,17.3418
2017-07-05,17.7966
2017-07-04,18.4885
2017-07-03,19.0771
2017-06-30,20.0139
2017-06-29,20.9689
2017-06-28,21.9537
2017-06-27,22.9155
2017-06-23,23.9180
2017-06-22,24.3564
2017-06-21,24.1490
2017-06-20,23.7378
2017-06-19,23.3050
2017-06-16,22.9739
2017-06-15,22.4430
2017-06-14,22.0761
2017-06-13,22.2085
2017-06-12,22.2294
2017-06-09,22.2513
2017-06-08,22.3895
2017-06-07,22.7106
2017-06-06,23.1752
2017-06-05,23.6643
2017-06-02,23.6948
2017-06-01,23.8064
2017-05-31,24.2887
2017-05-30,24.8404
2017-05-29,25.5664
2017-05-26,26.3306
2017-05-25,27.2227
2017-05-24,28.2510
2017-05-23,29.0965
2017-05-22,29.9865
2017-05-19,31.4896
2017-05-18,32.4919
2017-05-17,32.9624
2017-05-16,33.3428
2017-05-15,33.0493
2017-05-12,32.8469
2017-05-11,32.7254
2017-05-10,32.2443
2017-05-09,31.8871
2017-05-08,31.9466
2017-05-05,32.1412
2017-05-04,32.2260
2017-05-03,32.1677
2017-05-02,32.4963
2017-04-28,32.8421
2017-04-27,32.9306
2017-04-26,32.8149
2017-04-25,32.0632
2017-04-24,31.2737
2017-04-21,31.3325
2017-04-20,31.5961
2017-04-19,31.6816
2017-04-18,31.8184
2017-04-17,31.6697
2017-04-13,30.9560
2017-04-12,29.9003
2017-04-11,28.9220
2017-04-10,27.9395
2017-04-07,27.1205
2017-04-06,26.6315
2017-04-05,26.4062
2017-04-03,26.4601
2017-03-31,26.2734
2017-03-30,25.8557
2017-03-29,25.2881
2017-03-28,24.5983
2017-03-27,23.5852
2017-03-24,22.7214
2017-03-23,21.8121
2017-03-22,20.9536
2017-03-21,20.3389
2017-03-20,19.6920
2017-03-17,19.0110
2017-03-16,18.3908
2017-03-15,17.8466
2017-03-14,17.7114
2017-03-10,17.6745
2017-03-09,18.1864
2017-03-08,18.8205
2017-03-07,19.7098
2017-03-06,20.3240
2017-03-03,21.0434
2017-03-02,21.7622
2017-03-01,22.5188
2017-02-28,23.1982
2017-02-27,23.4847
2017-02-23,24.0476
2017-02-22,24.7025
2017-02-21,25.3203
2017-02-20,25.6050
2017-02-17,25.9048
2017-02-16,25.5802
2017-02-15,25.4257
2017-02-14,25.7990
2017-02-13,25.5802
2017-02-10,25.3499
2017-02-09,25.2695
2017-02-08,25.1848
2017-02-07,25.0957
2017-02-06,24.3385
2017-02-03,23.5414
2017-02-02,22.8731
2017-02-01,21.9805
2017-01-31,21.1853
2017-01-30,20.2254
2017-01-27,19.3465
2017-01-25,18.8504
2017-01-24,18.4628
2017-01-23,18.7500
2017-01-20,19.5667
2017-01-19,20.4471
2017-01-18,21.1159
2017-01-17,21.9447
2017-01-16,23.0433
2017-01-13,24.2233
2017-01-12,25.2096
2017-01-11,26.2478
2017-01-10,27.4082
2017-01-09,28.5007
2017-01-06,29.5299
2017-01-05,30.6133
2017-01-04,31.5672
2017-01-03,32.4095
2017-01-02,33.2712
2016-12-30,33.9411
2016-12-29,34.3277
2016-12-28,34.4868
2016-12-27,34.6543
2016-12-26,34.6235
2016-12-23,34.4787
2016-12-22,34.3263
2016-12-21,33.5174
2016-12-20,32.7867
2016-12-19,32.0401
2016-12-16,31.4477
2016-12-15,31.0019
2016-12-14,30.5327
2016-12-13,29.9209
2016-12-12,29.0630
2016-12-09,28.4489
2016-12-08,28.2008
2016-12-07,28.0189
2016-12-06,27.7584
2016-12-05,28.0929
2016-12-02,28.2152
2016-12-01,28.3440
2016-11-30,28.7231
2016-11-29,29.1222
2016-11-28,29.3701
2016-11-25,29.2779
2016-11-24,28.9901
2016-11-23,28.2299
2016-11-22,27.6074
2016-11-21,26.7989
2016-11-18,25.9478
2016-11-17,25.3188
2016-11-16,24.6568
2016-11-15,23.9599
2016-11-11,22.2404
2016-11-10,20.8308
2016-11-09,19.7908
2016-11-08,18.0347
2016-11-07,17.2393
2016-11-04,16.5698
2016-11-03,15.8651
2016-11-02,15.6670
2016-11-01,15.4774
2016-10-28,15.8375
2016-10-27,16.2167
2016-10-26,16.8245
2016-10-25,16.8257
2016-10-24,17.1318
2016-10-21,17.2214
2016-10-20,17.3833
2016-10-19,17.6129
2016-10-18,17.9501
2016-10-17,18.4497
2016-10-14,19.2958
2016-10-13,19.9472
2016-10-10,20.6723
2016-10-07,21.5711
2016-10-06,22.6699
2016-10-05,23.8265
2016-10-04,24.9505
2016-10-03,26.2254
2016-09-30,27.5235
2016-09-29,28.4663
2016-09-28,29.4588
2016-09-27,30.2938
2016-09-26,31.1272
2016-09-23,31.5712
2016-09-22,31.9795
2016-09-21,32.5555
2016-09-20,33.8655
2016-09-19,35.2445
2016-09-16,36.5612
2016-09-15,37.7985
2016-09-14,39.2694
2016-09-12,40.8657
2016-09-09,42.2055
2016-09-08,42.4875
2016-09-07,42.7844
2016-09-06,41.9412
2016-09-02,41.4159
2016-09-01,40.8734
2016-08-31,40.3282
2016-08-30,39.8323
2016-08-29,39.5182
2016-08-26,39.3269
2016-08-25,39.3068
2016-08-24,39.6216
2016-08-23,40.2375
2016-08-22,40.8858
2016-08-19,41.0594
2016-08-18,41.2541
2016-08-17,41.4589
2016-08-16,41.5417
2016-08-12,41.6289
2016-08-11,41.8307
2016-08-10,42.1591
2016-08-09,42.4115
2016-08-08,42.6497
2016-08-05,42.7382
2016-08-04,42.8707
2016-08-03,43.0102
2016-08-02,42.7388
2016-08-01,40.6501
2016-07-29,38.5474
2016-07-28,36.6953
2016-07-27,34.7611
2016-07-26,33.0350
2016-07-25,31.2180
2016-07-22,30.2902
2016-07-21,29.5875
2016-07-20,29.0120
2016-07-19,28.4769
2016-07-18,27.8269
2016-07-15,26.5095
2016-07-14,25.1971
2016-07-13,23.9180
2016-07-12,22.5716
2016-07-11,21.2235
2016-07-08,19.8216
2016-07-07,19.1723
2016-07-05,18.5676
2016-07-04,17.7418
2016-07-01,16.8724
2016-06-30,16.0143
2016-06-29,15.5439
2016-06-28,15.8377
2016-06-27,16.2137
2016-06-24,16.6489
2016-06-23,17.4171
2016-06-22,17.6350
2016-06-21,18.1503
2016-06-20,18.6927
2016-06-17,19.5132
2016-06-16,20.3075
2016-06-15,20.9143
2016-06-14,21.5531
2016-06-13,22.6140
2016-06-10,23.6369
2016-06-09,24.2631
2016-06-08,24.7166
2016-06-07,25.1014
2016-06-06,25.5066
2016-06-03,25.6574
2016-06-02,25.3425
2016-06-01,25.2145
2016-05-31,25.7328
2016-05-30,26.2785
2016-05-27,26.4686
2016-05-26,26.6687
2016-05-25,27.4314
2016-05-24,28.2343
2016-05-23,29.3556
2016-05-20,29.4465
2016-05-19,28.7089
2016-05-18,27.9777
2016-05-17,27.2233
2016-05-16,26.1984
2016-05-13,25.1195
2016-05-12,24.0433
2016-05-11,23.1195
2016-05-10,22.4964
2016-05-09,21.9354
2016-05-06,21.3672
2016-05-05,21.0838
2016-05-04,21.0640
2016-05-03,21.4360
2016-05-02,21.7858
2016-04-29,22.1998
2016-04-28,22.9905
2016-04-27,23.3797
2016-04-26,23.8011
2016-04-25,24.2447
2016-04-22,25.0081
2016-04-21,25.4951
2016-04-20,25.8303
2016-04-18,25.3203
2016-04-13,24.2821
2016-04-12,22.8855
2016-04-11,21.6469
2016-04-08,20.5931
2016-04-07,19.6604
2016-04-06,18.8720
2016-04-05,18.1657
2016-04-04,17.5861
2016-04-01,16.8058
2016-03-31,15.9844
2016-03-30,15.2002
2016-03-29,14.7280
2016-03-28,14.4266
2016-03-23,13.9316
2016-03-22,13.4110
2016-03-21,13.3723
2016-03-18,13.2112
2016-03-17,13.1529
2016-03-16,13.1391
2016-03-15,13.5197
2016-03-14,13.7081
2016-03-11,14.0053
2016-03-10,14.6239
2016-03-09,15.0420
2016-03-08,15.4820
2016-03-04,16.0182
2016-03-03,16.6873
2016-03-02,17.2986
2016-03-01,17.7221
2016-02-29,18.5555
2016-02-26,18.9620
2016-02-25,18.7508
2016-02-24,18.5014
2016-02-23,18.5468
2016-02-22,18.7952
2016-02-19,19.0613
2016-02-18,19.6994
2016-02-17,20.5611
2016-02-16,21.2193
2016-02-15,22.2008
2016-02-12,23.1494
2016-02-11,24.3528
2016-02-10,25.3607
2016-02-09,25.3421
2016-02-08,25.4022
2016-02-05,24.9017
2016-02-04,24.5504
2016-02-03,24.8920
2016-02-02,25.2515
2016-02-01,26.0992
2016-01-29,27.3342
2016-01-28,28.1377
2016-01-27,28.9834
2016-01-25,30.1201
2016-01-22,31.3992
2016-01-21,32.3657
2016-01-20,33.2928
2016-01-19,33.6507
2016-01-18,34.0274
2016-01-15,34.7570
2016-01-14,35.9279
2016-01-13,36.4261
2016-01-12,36.7769
2016-01-11,36.2699
2016-01-08,34.8898
2016-01-07,33.4808
2016-01-06,32.4867
2016-01-05,31.4403
2016-01-04,30.6614
2016-01-01,29.6084
2015-12-31,28.4415
2015-12-30,27.3937
2015-12-29,26.3748
2015-12-28,25.3365
2015-12-24,24.5235
2015-12-23,23.6677
2015-12-22,22.6841
2015-12-21,21.6902
2015-12-18,20.6622
2015-12-17,19.8275
2015-12-16,19.2507
2015-12-15,18.9355
2015-12-14,18.9192
2015-12-11,19.2946
2015-12-10,19.0621
2015-12-09,18.8121
2015-12-08,18.6794
2015-12-07,18.5396
2015-12-04,18.7474
2015-12-03,18.9594
2015-12-02,18.5546
2015-12-01,17.9386
2015-11-30,17.3270
2015-11-27,16.8476
2015-11-26,16.0672
2015-11-24,15.2457
2015-11-23,14.5529
2015-11-20,14.2217
2015-11-19,13.9279
2015-11-18,13.8915
2015-11-17,14.5150
2015-11-16,15.0890
2015-11-13,15.5229
2015-11-10,15.8226
2015-11-09,15.7387
2015-11-06,15.6503
2015-11-05,15.8049
2015-11-04,15.8440
2015-11-03,15.9920
2015-11-02,16.5033
2015-10-30,17.1508
2015-10-29,17.8165
2015-10-28,18.5837
2015-10-27,19.0811
2015-10-26,19.0914
2015-10-23,19.1431
2015-10-21,19.1975
2015-10-20,19.2547
2015-10-19,19.5412
2015-10-16,20.0693
2015-10-15,20.3717
2015-10-14,20.7198
2015-10-13,20.7094
2015-10-12,20.7455
2015-10-09,20.8186
2015-10-08,20.8955
2015-10-07,21.3289
2015-10-06,22.0067
2015-10-05,22.8763
2015-10-01,23.7338
2015-09-30,24.3975
2015-09-29,25.0962
2015-09-28,25.6466
2015-09-24,25.1117
2015-09-23,24.4143
2015-09-22,23.6526
2015-09-21,23.1170
2015-09-18,22.8854
2015-09-16,22.7258
2015-09-15,23.2660
2015-09-14,23.8347
2015-09-11,23.9903
2015-09-10,23.7451
2015-09-09,23.4871
2015-09-08,23.3325
2015-09-07,22.9249
2015-09-04,22.5729
2015-09-03,22.2531
2015-09-02,22.1084
2015-09-01,21.0564
2015-08-31,19.9491
2015-08-28,19.0155
2015-08-27,18.0327
2015-08-26,17.3439
2015-08-25,16.2131
2015-08-24,15.0228
2015-08-21,13.7698
2015-08-20,13.7907
2015-08-19,14.0579
2015-08-18,14.6924
2015-08-17,15.4483
2015-08-14,16.2440
2015-08-13,16.8422
2015-08-12,17.6234
2015-08-11,18.4457
2015-08-10,18.6730
2015-08-07,18.8530
2015-08-06,18.9428
2015-08-05,19.0373
2015-08-04,18.4279
2015-08-03,17.8173
2015-07-31,17.2053
2015-07-30,17.0005
2015-07-29,16.9299
2015-07-28,16.8341
2015-07-27,17.1905
2015-07-24,17.9372
2015-07-23,18.8737
2015-07-22,19.7764
2015-07-21,20.7265
2015-07-20,21.5221
2015-07-17,22.2014
2015-07-16,22.7516
2015-07-15,23.4165
2015-07-14,24.4323
2015-07-13,25.6842
2015-07-10,26.8775
2015-07-09,28.2421
2015-07-08,29.6728
2015-07-07,30.4627
2015-07-06,29.5759
2015-07-03,28.7015
2015-07-02,27.8435
2015-07-01,26.9784
2015-06-30,26.0149
2015-06-29,25.2056
2015-06-26,24.3538
2015-06-25,23.0543
2015-06-24,21.8728
2015-06-23,20.6709
2015-06-22,18.9249
2015-06-19,17.0870
2015-06-18,15.4740
2015-06-17,14.5042
2015-06-16,13.8934
2015-06-15,13.5085
2015-06-12,13.0546
2015-06-11,12.6241
2015-06-10,12.1709
2015-06-09,12.3421
2015-06-08,12.5223
2015-06-05,13.1696
2015-06-04,13.8410
2015-06-03,13.9656
2015-06-02,14.0518
2015-06-01,14.4094
2015-05-29,14.7326
2015-05-28,15.0728
2015-05-27,15.3433
2015-05-26,15.6280
2015-05-25,15.2917
2015-05-22,15.4164
2015-05-21,15.3380
2015-05-20,15.2502
2015-05-19,15.4693
2015-05-18,15.5486
2015-05-15,15.5554
2015-05-14,15.7574
2015-05-13,16.2590
2015-05-12,16.8421
2015-05-11,17.5266
2015-05-08,18.0269
2015-05-07,18.8363
2015-05-06,19.7994
2015-05-05,20.7377
2015-05-04,21.2072
2015-04-30,22.2105
2015-04-29,22.7801
2015-04-28,23.2881
2015-04-27,23.8230
2015-04-24,24.5072
2015-04-23,25.6855
2015-04-22,26.5207
2015-04-21,27.3999
2015-04-20,28.3254
2015-04-17,27.7780
2015-04-16,27.2018
2015-04-15,26.6033
2015-04-13,26.3172
2015-04-10,25.8222
2015-04-09,24.6560
2015-04-08,23.4284
2015-04-07,22.4872
2015-04-06,22.0032
2015-04-01,21.7480
2015-03-31,22.0975
2015-03-30,22.4653
2015-03-27,23.4937
2015-03-26,24.4963
2015-03-25,25.5517
2015-03-24,26.2798
2015-03-23,27.1444
2015-03-20,27.8565
2015-03-19,28.6060
2015-03-18,29.8662
2015-03-17,31.1928
2015-03-16,32.5891
2015-03-13,34.0472
2015-03-12,35.7078
2015-03-11,37.2893
2015-03-10,38.9541
2015-03-09,40.3704
2015-03-05,41.8613
2015-03-04,42.6299
2015-03-03,43.4389
2015-03-02,44.1558
2015-02-28,44.9119
2015-02-27,44.7301
2015-02-26,45.3860
2015-02-25,46.0320
2015-02-24,46.7120
2015-02-23,47.2182
2015-02-20,47.4419
2015-02-19,47.6773
2015-02-18,47.2958
2015-02-16,46.9536
2015-02-13,46.5862
2015-02-12,46.6002
2015-02-11,46.7296
2015-02-10,46.9170
2015-02-09,47.3773
2015-02-06,47.7651
2015-02-05,48.1196
2015-02-04,48.0422
2015-02-03,47.9359
2015-02-02,47.4708
2015-01-30,47.0237
2015-01-29,46.5530
2015-01-28,45.5001
2015-01-27,44.2703
2015-01-23,43.1634
2015-01-22,42.8598
2015-01-21,42.5403
2015-01-20,42.2039
2015-01-19,41.4873
2015-01-16,40.3881
2015-01-15,39.2310
2015-01-14,38.0131
2015-01-13,36.7310
2015-01-12,37.1142
2015-01-09,37.5887
2015-01-08,37.7595
2015-01-07,37.6099
2015-01-06,37.4836
2015-01-05,37.4767
2015-01-02,37.3350
2015-01-01,37.1057
2014-12-31,36.6762
2014-12-30,36.2488
2014-12-29,35.9629
2014-12-26,35.5561
2014-12-24,35.2702
2014-12-23,34.9226
2014-12-22,34.5568
2014-12-19,34.5764
2014-12-18,34.6941
2014-12-17,34.8179
2014-12-16,35.4995
2014-12-15,35.9024
2014-12-12,35.4485
2014-12-11,35.1048
2014-12-10,34.7594
2014-12-09,34.6553
2014-12-08,34.0189
2014-12-05,33.3491
2014-12-04,32.8300
2014-12-03,32.5208
2014-12-02,32.2514
2014-12-01,32.0676
2014-11-28,31.8742
2014-11-27,31.7375
2014-11-26,31.6702
2014-11-25,31.7853
2014-11-24,31.8223
2014-11-21,31.4784
2014-11-20,30.9124
2014-11-19,30.5405
2014-11-18,30.0440
2014-11-17,28.6631
2014-11-14,27.2096
2014-11-13,26.7217
2014-11-12,26.0655
2014-11-11,25.4530
2014-11-10,25.0791
2014-11-07,24.8251
2014-11-05,24.5578
2014-11-03,24.7569
2014-10-31,25.2941
2014-10-30,25.5626
2014-10-29,25.9862
2014-10-28,26.4321
2014-10-27,26.3096
2014-10-22,26.1808
2014-10-21,26.9067
2014-10-20,27.9540
2014-10-17,29.3466
2014-10-16,30.8117
2014-10-15,31.6568
2014-10-14,31.6911
2014-10-13,31.7273
2014-10-10,31.9165
2014-10-09,31.7900
2014-10-08,31.6569
2014-10-07,31.8891
2014-10-01,32.1335
2014-09-30,32.0131
2014-09-29,32.1840
2014-09-26,32.8631
2014-09-25,34.1970
2014-09-24,35.4974
2014-09-23,36.1022
2014-09-22,36.2956
2014-09-19,36.1793
2014-09-18,36.0569
2014-09-17,36.8483
2014-09-16,37.6571
2014-09-15,37.7769
2014-09-12,37.3250
2014-09-11,36.8493
2014-09-10,35.7120
2014-09-09,34.5150
2014-09-08,33.2852
2014-09-05,32.1921
2014-09-04,31.7503
2014-09-03,30.9636
2014-09-02,30.1355
2014-09-01,29.4824
2014-08-28,28.7813
2014-08-27,27.4643
2014-08-26,26.0779
2014-08-25,25.0239
2014-08-22,23.9490
2014-08-21,23.1453
2014-08-20,22.4107
2014-08-19,22.2222
2014-08-18,22.0238
2014-08-14,21.8603
2014-08-13,21.6882
2014-08-12,21.4363
2014-08-11,21.0347
2014-08-08,20.7641
2014-08-07,20.8111
2014-08-06,21.1710
2014-08-05,21.2646
2014-08-04,21.2675
2014-08-01,21.2705
2014-07-31,21.2737
2014-07-30,21.3568
2014-07-28,21.0457
2014-07-25,20.7182
2014-07-24,20.1617
2014-07-23,19.7015
2014-07-22,19.4227
2014-07-21,19.2650
2014-07-18,19.2920
2014-07-17,19.3534
2014-07-16,19.1387
2014-07-15,18.9126
2014-07-14,18.7614
2014-07-11,18.6023
2014-07-10,18.4348
2014-07-09,18.2585
2014-07-08,17.6020
2014-07-07,17.0407
2014-07-04,15.8002
2014-07-03,14.6751
2014-07-02,14.1433
2014-07-01,14.0427
2014-06-30,14.4119
2014-06-27,15.0306
2014-06-26,15.6818
2014-06-25,16.3122
2014-06-24,17.0247
2014-06-23,17.6322
2014-06-20,18.1016
2014-06-19,18.5393
2014-06-18,18.8535
2014-06-17,19.1843
2014-06-16,19.6761
2014-06-13,20.7042
2014-06-12,21.5614
2014-06-11,22.4637
2014-06-10,23.0973
2014-06-09,23.1818
2014-06-06,22.8363
2014-06-05,22.2932
2014-06-04,21.7216
2014-06-03,20.7311
2014-06-02,19.6884
2014-05-30,19.2644
2014-05-29,19.2485
2014-05-28,19.6327
2014-05-27,20.0716
2014-05-26,20.1651
2014-05-23,20.2635
2014-05-22,19.6561
2014-05-21,19.0168
2014-05-20,19.5850
2014-05-19,19.6713
2014-05-16,19.9361
2014-05-15,19.9080
2014-05-14,19.8783
2014-05-13,20.7719
2014-05-12,21.1288
2014-05-09,21.2740
2014-05-08,20.7446
2014-05-07,20.3749
2014-05-06,19.9856
2014-05-05,19.6729
2014-05-02,19.3795
2014-04-30,18.9358
2014-04-29,18.4688
2014-04-28,18.1360
2014-04-25,17.9924
2014-04-24,18.1523
2014-04-23,17.6850
2014-04-22,17.1931
2014-04-21,17.1654
2014-04-17,16.9898
2014-04-16,16.8645
2014-04-15,16.6465
2014-04-11,16.5802
2014-04-10,16.4271
2014-04-09,16.2660
2014-04-07,16.4495
2014-04-04,16.5484
2014-04-03,16.7635
2014-04-02,17.2295
2014-04-01,16.6856
2014-03-31,16.1321
2014-03-28,14.8989
2014-03-27,13.6007
2014-03-26,13.5102
2014-03-25,13.7201
2014-03-24,13.8840
2014-03-22,14.0566
2014-03-21,13.8188
2014-03-20,13.7690
2014-03-19,13.9420
2014-03-18,13.9692
2014-03-14,14.0654
2014-03-13,14.3011
2014-03-12,14.5492
2014-03-11,14.0103
2014-03-10,13.4431
2014-03-07,13.2440
2014-03-06,13.4840
2014-03-05,13.7509
2014-03-04,14.1484
2014-03-03,14.4789
2014-02-28,14.7005
2014-02-26,14.9346
2014-02-25,15.6361
2014-02-24,15.8834
2014-02-21,16.3132
2014-02-20,16.9393
2014-02-19,17.5984
2014-02-18,17.5894
2014-02-17,17.5799
2014-02-14,18.3842
2014-02-13,18.6550
2014-02-12,19.1569
2014-02-11,19.7212
2014-02-10,20.3152
2014-02-07,21.3395
2014-02-06,22.3776
2014-02-05,23.5433
2014-02-04,24.7577
2014-02-03,26.0361
2014-01-31,27.2229
2014-01-30,28.1813
2014-01-29,29.1514
2014-01-28,30.4272
2014-01-27,31.7702
2014-01-24,32.8841
2014-01-23,33.9371
2014-01-22,34.5105
2014-01-21,35.1140
2014-01-20,35.3220
2014-01-17,35.6973
2014-01-16,36.1236
2014-01-15,36.1551
2014-01-14,36.6633
2014-01-13,36.9416
2014-01-10,37.0851
2014-01-09,37.2361
2014-01-08,37.4922
2014-01-07,37.7619
2014-01-06,37.8646
2014-01-03,37.9726
2014-01-02,37.9632
2014-01-01,37.5028
2013-12-31,36.8107
2013-12-30,36.2898
2013-12-27,35.8266
2013-12-26,35.7637
2013-12-24,35.6976
2013-12-23,35.2412
2013-12-20,34.9468
2013-12-19,35.3727
2013-12-18,35.8211
2013-12-17,36.3221
2013-12-16,36.5248
2013-12-13,36.7383
2013-12-12,36.6415
2013-12-11,36.5397
2013-12-10,35.9404
2013-12-09,35.0470
2013-12-06,34.1067
2013-12-05,33.2022
2013-12-04,32.2888
2013-12-03,31.4307
2013-12-02,30.5273
2013-11-29,30.1504
2013-11-28,29.9174
2013-11-27,29.8240
2013-11-26,29.6613
2013-11-25,29.4900
2013-11-22,29.3097
2013-11-21,29.7139
2013-11-20,29.6084
2013-11-19,28.5950
2013-11-18,27.5464
2013-11-14,26.4425
2013-11-13,25.3884
2013-11-12,24.6155
2013-11-11,23.6726
2013-11-08,22.7786
2013-11-07,21.9322
2013-11-06,20.8798
2013-11-05,20.1305
2013-11-01,19.4571
2013-10-31,18.7482
2013-10-30,18.1520
2013-10-29,17.8202
2013-10-28,17.8233
2013-10-25,17.5434
2013-10-24,17.3081
2013-10-23,17.1904
2013-10-22,16.8659
2013-10-21,16.6240
2013-10-18,16.3835
2013-10-17,16.1794
2013-10-15,16.0895
2013-10-14,15.9950
2013-10-11,15.6962
2013-10-10,15.5593
2013-10-09,15.4152
2013-10-08,14.9594
2013-10-07,14.4796
2013-10-04,14.1682
2013-10-03,13.9289
2013-10-01,14.1524
2013-09-30,14.7855
2013-09-27,15.2707
2013-09-26,15.7814
2013-09-25,16.2299
2013-09-24,16.6827
2013-09-23,17.0400
2013-09-20,16.7709
2013-09-19,16.4878
2013-09-18,16.4423
2013-09-17,16.5958
2013-09-16,17.2261
2013-09-13,18.1265
2013-09-12,19.0164
2013-09-11,19.9531
2013-09-10,20.7954
2013-09-06,21.8145
2013-09-05,22.7024
2013-09-04,23.3577
2013-09-03,23.2313
2013-09-02,23.1885
2013-08-30,23.1434
2013-08-29,22.8506
2013-08-28,22.3982
2013-08-27,21.9753
2013-08-26,21.8862
2013-08-23,22.3169
2013-08-22,22.7704
2013-08-21,22.8677
2013-08-20,22.9968
2013-08-19,22.9950
2013-08-16,23.2394
2013-08-14,23.8712
2013-08-13,25.0800
2013-08-12,26.2757
2013-08-08,26.3501
2013-08-07,25.3603
2013-08-06,23.6880
2013-08-05,21.9465
2013-08-02,20.3964
2013-08-01,18.7646
2013-07-31,17.3553
2013-07-30,15.6428
2013-07-29,14.1458
2013-07-26,12.9446
2013-07-25,11.9524
2013-07-24,11.3723
2013-07-23,10.9876
2013-07-22,10.7555
2013-07-19,10.3588
2013-07-18,9.9411
2013-07-17,9.9519
2013-07-16,10.4177
2013-07-15,10.5288
2013-07-12,10.4696
2013-07-11,10.8878
2013-07-10,11.3280
2013-07-09,11.3168
2013-07-08,11.2269
2013-07-05,11.1323
2013-07-04,11.2373
2013-07-03,11.3479
2013-07-02,11.8799
2013-07-01,12.4398
2013-06-28,12.7977
2013-06-27,12.7984
2013-06-26,12.5932
2013-06-25,12.6085
2013-06-24,12.6245
2013-06-21,12.2225
2013-06-20,12.3544
2013-06-19,12.9076
2013-06-18,13.5323
2013-06-17,14.0195
2013-06-14,14.6667
2013-06-13,15.3205
2013-06-12,16.0088
2013-06-11,16.4681
2013-06-10,16.6106
2013-06-07,16.7591
2013-06-06,16.9829
2013-06-05,17.6955
2013-06-04,18.2258
2013-06-03,18.7839
2013-05-31,19.1560
2013-05-30,19.6568
2013-05-29,20.0365
2013-05-28,20.4362
2013-05-27,21.0162
2013-05-24,21.7325
2013-05-23,22.5496
2013-05-22,23.6462
2013-05-21,24.4565
2013-05-20,24.7403
2013-05-17,25.0485
2013-05-16,23.7663
2013-05-15,22.6183
2013-05-14,21.6848
2013-05-13,21.1441
2013-05-10,20.5749
2013-05-09,19.6407
2013-05-08,18.7728
2013-05-07,18.0264
2013-05-06,18.1424
2013-05-03,18.4308
2013-05-02,18.9243
2013-04-30,19.4438
2013-04-29,20.4458
2013-04-26,21.5005
2013-04-25,21.7252
2013-04-23,21.9617
2013-04-22,22.9349
2013-04-18,24.0164
2013-04-17,24.4268
2013-04-16,24.0437
2013-04-15,23.2473
2013-04-12,22.5281
2013-04-11,21.6495
2013-04-10,20.8498
2013-04-09,20.0723
2013-04-08,19.3821
2013-04-05,19.0960
2013-04-04,18.9065
2013-04-03,18.5388
2013-04-02,18.2722
2013-04-01,17.4392
2013-03-28,16.2585
2013-03-26,14.8725
2013-03-25,13.2887
2013-03-22,12.1546
2013-03-21,11.3234
2013-03-20,11.0869
2013-03-19,11.1994
2013-03-18,11.3346
2013-03-15,11.8679
2013-03-14,12.4292
2013-03-13,12.5121
2013-03-12,12.6850
2013-03-11,12.7110
2013-03-08,12.5582
2013-03-07,12.3973
2013-03-06,12.9755
2013-03-05,13.5841
2013-03-04,13.9762
2013-03-01,14.3889
2013-02-28,14.3703
2013-02-27,14.3508
2013-02-26,13.9783
2013-02-25,13.7511
2013-02-22,13.8109
2013-02-21,13.8739
2013-02-20,14.4966
2013-02-19,14.7789
2013-02-18,15.3792
2013-02-15,16.0788
2013-02-14,16.5290
2013-02-13,17.0028
2013-02-12,17.6463
2013-02-11,17.9148
2013-02-08,18.3645
2013-02-07,18.9006
2013-02-06,19.7195
2013-02-05,20.6165
2013-02-04,21.5596
2013-02-01,22.2631
2013-01-31,22.8586
2013-01-30,23.4856
2013-01-29,24.1455
2013-01-28,24.7249
2013-01-25,25.1072
2013-01-24,25.8405
2013-01-23,26.6124
2013-01-22,26.7894
2013-01-21,26.6001
2013-01-18,26.4256
2013-01-17,26.2568
2013-01-16,25.6221
2013-01-15,24.9539
2013-01-14,23.7894
2013-01-11,23.1179
2013-01-10,22.4111
2013-01-09,21.6671
2013-01-08,21.3377
2013-01-07,20.8421
2013-01-04,20.2319
2013-01-03,19.6402
2013-01-02,19.0175
2013-01-01,19.0447
2012-12-31,18.7263
2012-12-28,18.3911
2012-12-27,18.2783
2012-12-26,18.1594
2012-12-24,18.0675
2012-12-21,18.6927
2012-12-20,19.6224
2012-12-19,20.2643
2012-12-18,21.2432
2012-12-17,22.0392
2012-12-14,22.9581
2012-12-13,23.4665
2012-12-12,24.3171
2012-12-11,25.5533
2012-12-10,26.8545
2012-12-07,28.0873
2012-12-06,29.3375
2012-12-05,30.4963
2012-12-04,31.1697
2012-12-03,32.0863
2012-11-30,33.0512
2012-11-29,33.7287
2012-11-27,34.6467
2012-11-26,35.2464
2012-11-23,35.8777
2012-11-22,36.6572
2012-11-21,37.8467
2012-11-20,39.0988
2012-11-19,40.0162
2012-11-16,40.9820
2012-11-15,41.9986
2012-11-12,41.5204
2012-11-11,41.0544
2012-11-09,41.1123
2012-11-08,41.1234
2012-11-07,41.6793
2012-11-06,42.2645
2012-11-05,43.1326
2012-11-02,44.2624
2012-11-01,44.3036
2012-10-31,44.3469
2012-10-30,44.4671
2012-10-29,44.5936
2012-10-25,43.2847
2012-10-23,41.9579
2012-10-22,40.6726
2012-10-19,39.3809
2012-10-18,38.0212
2012-10-17,36.6679
2012-10-16,35.5878
2012-10-15,34.6495
2012-10-12,33.7740
2012-10-11,32.8524
2012-10-10,31.9762
2012-10-09,31.0735
2012-10-08,30.3777
2012-10-05,29.6452
2012-10-04,28.2872
2012-10-03,27.2410
2012-10-01,26.2158
2012-09-28,25.1147
2012-09-27,24.1004
2012-09-26,23.1424
2012-09-25,22.1667
2012-09-24,21.2596
2012-09-21,20.8361
2012-09-20,20.5294
2012-09-18,20.3650
2012-09-17,19.6809
2012-09-14,18.9607
2012-09-13,18.8597
2012-09-12,18.7534
2012-09-11,18.6415
2012-09-10,19.0743
2012-09-08,19.9397
2012-09-07,20.5790
2012-09-06,21.2520
2012-09-05,22.2486
2012-09-04,23.2541
2012-09-03,24.3125
2012-08-31,25.2751
2012-08-30,26.3982
2012-08-29,27.5416
2012-08-28,28.8502
2012-08-27,30.1580
2012-08-24,30.9489
2012-08-23,31.9093
2012-08-22,32.8176
2012-08-21,33.7737
2012-08-17,35.1939
2012-08-16,35.9755
2012-08-14,36.9971
2012-08-13,37.3914
2012-08-10,37.1234
2012-08-09,36.3172
2012-08-08,35.6110
2012-08-07,35.1410
2012-08-06,34.9037
2012-08-03,34.9864
2012-08-02,34.7506
2012-08-01,34.4975
2012-07-31,34.4436
2012-07-30,34.3869
2012-07-27,34.3273
2012-07-26,34.0685
2012-07-25,32.9422
2012-07-24,31.0561
2012-07-23,29.0706
2012-07-20,27.1034
2012-07-19,25.4893
2012-07-18,23.8173
2012-07-17,22.3194
2012-07-16,20.7426
2012-07-13,19.4831
2012-07-12,18.2686
2012-07-11,17.1107
2012-07-10,16.2347
2012-07-09,15.3126
2012-07-06,14.8852
2012-07-05,14.5142
2012-07-04,14.2568
2012-07-03,12.7554
2012-07-02,11.1750
2012-06-29,9.9954
2012-06-28,8.7549
2012-06-27,7.6887
2012-06-26,7.4312
2012-06-25,7.1602
2012-06-22,6.8749
2012-06-21,7.2303
2012-06-20,7.6044
2012-06-19,7.9982
2012-06-18,8.3260
2012-06-15,8.6528
2012-06-14,8.6644
2012-06-13,8.9959
2012-06-12,9.4129
2012-06-11,9.8519
2012-06-08,9.9766
2012-06-07,10.0546
2012-06-06,10.1367
2012-06-05,9.9006
2012-06-04,9.3008
2012-06-01,8.5980
2012-05-31,8.6303
2012-05-30,8.6731
2012-05-29,8.7181
2012-05-28,8.8884
2012-05-25,8.9767
2012-05-24,9.1328
2012-05-23,9.2970
2012-05-22,9.7779
2012-05-21,10.1072
2012-05-18,10.4537
2012-05-17,10.9566
2012-05-16,11.4583
2012-05-15,11.9864
2012-05-14,12.1171
2012-05-11,12.3749
2012-05-10,12.8945
2012-05-09,13.3354
2012-05-08,13.7994
2012-05-07,13.6502
2012-05-04,13.4931
2012-05-03,14.0786
2012-05-02,14.0332
2012-04-30,13.7805
2012-04-27,14.1387
2012-04-26,14.7246
2012-04-25,15.0123
2012-04-24,15.3151
2012-04-23,16.1137
2012-04-20,16.2491
2012-04-19,15.8854
2012-04-18,15.5025
2012-04-17,15.3629
2012-04-16,15.2161
2012-04-13,15.3104
2012-04-12,15.4289
2012-04-11,15.8781
2012-04-10,16.2414
2012-04-09,16.3453
2012-04-04,16.4548
2012-04-03,16.2452
2012-04-02,16.2297
2012-03-30,16.7270
2012-03-29,17.3813
2012-03-28,18.0701
2012-03-27,18.9473
2012-03-26,19.8707
2012-03-23,20.5396
2012-03-22,21.4295
2012-03-21,21.7828
2012-03-20,22.3286
2012-03-19,23.4414
2012-03-16,24.6116
2012-03-15,25.8433
2012-03-14,26.8933
2012-03-13,27.4963
2012-03-12,27.8125
2012-03-09,28.3066
2012-03-07,28.8268
2012-03-06,29.9294
2012-03-05,30.9589
2012-03-03,32.0427
2012-03-02,32.5357
2012-03-01,33.1322
2012-02-29,33.7601
2012-02-28,34.1493
2012-02-27,34.9749
2012-02-24,35.8439
2012-02-23,35.7664
2012-02-22,35.6849
2012-02-21,35.0830
2012-02-17,34.3139
2012-02-16,33.8255
2012-02-15,33.3801
2012-02-14,32.9632
2012-02-13,32.3871
2012-02-10,31.4727
2012-02-09,30.2939
2012-02-08,28.7848
2012-02-07,27.3489
2012-02-06,26.1451
2012-02-03,24.7264
2012-02-02,23.3772
2012-02-01,22.1518
2012-01-31,20.8619
2012-01-30,19.9104
2012-01-27,19.3825
2012-01-25,18.3496
2012-01-24,17.4158
2012-01-23,16.1144
2012-01-20,15.4767
2012-01-19,14.9475
2012-01-18,14.4556
2012-01-17,13.8345
2012-01-16,13.6232
2012-01-13,13.7723
2012-01-12,14.1976
2012-01-11,14.3876
2012-01-10,14.5875
2012-01-09,14.7807
2012-01-07,14.6024
2012-01-06,14.1445
2012-01-05,13.4296
2012-01-04,13.2034
2012-01-03,12.9652
2012-01-02,12.7145
2011-12-30,12.0506
2011-12-29,11.3517
2011-12-28,11.0494
2011-12-27,10.7914
2011-12-26,10.9501
2011-12-23,11.2180
2011-12-22,11.4100
2011-12-21,11.6907
2011-12-20,12.0818
2011-12-19,12.2511
2011-12-16,12.4293
2011-12-15,13.0743
2011-12-14,13.4537
2011-12-13,14.0727
2011-12-12,14.6676
2011-12-09,15.3161
2011-12-08,15.9987
2011-12-07,15.9892
2011-12-05,15.9792
2011-12-02,16.3165
2011-12-01,16.6717
2011-11-30,17.3996
2011-11-29,18.2862
2011-11-28,19.0152
2011-11-25,19.7695
2011-11-24,20.2675
2011-11-23,20.8392
2011-11-22,21.8621
2011-11-21,22.9388
2011-11-18,24.0655
2011-11-17,25.2669
2011-11-16,26.4681
2011-11-15,27.6820
2011-11-14,29.1373
2011-11-11,30.3916
2011-11-09,31.4273
2011-11-08,31.7033
2011-11-04,31.8437
2011-11-03,31.6141
2011-11-02,31.4394
2011-11-01,31.6277
2011-10-31,31.1931
2011-10-28,30.7357
2011-10-25,30.0271
2011-10-24,29.8991
2011-10-21,29.9601
2011-10-20,29.6618
2011-10-19,29.0286
2011-10-18,27.9988
2011-10-17,27.0271
2011-10-14,25.6010
2011-10-13,24.3619
2011-10-12,23.2334
2011-10-11,22.1235
2011-10-10,21.2279
2011-10-07,20.3578
2011-10-05,19.4418
2011-10-04,18.6074
2011-10-03,17.4802
2011-09-30,17.3518
2011-09-29,17.1976
2011-09-28,17.2822
2011-09-27,17.4231
2011-09-26,17.3659
2011-09-23,17.3623
2011-09-22,17.3586
2011-09-21,17.8085
2011-09-20,17.6880
2011-09-19,17.7238
2011-09-16,17.5693
2011-09-15,17.7409
2011-09-14,17.8521
2011-09-13,17.9691
2011-09-12,18.0923
2011-09-09,17.9276
2011-09-08,17.7511
2011-09-07,18.2851
2011-09-06,18.7904
2011-09-05,19.4578
2011-09-02,20.2127
2011-08-30,21.0073
2011-08-29,22.0665
2011-08-26,23.1146
2011-08-25,23.9427
2011-08-24,24.5002
2011-08-23,25.0358
2011-08-22,25.7073
2011-08-19,26.7519
2011-08-18,27.8514
2011-08-17,28.3840
2011-08-16,28.3543
2011-08-12,27.8846
2011-08-11,27.3903
2011-08-10,27.1774
2011-08-09,26.8973
2011-08-08,26.8357
2011-08-05,26.7709
2011-08-04,26.7026
2011-08-03,25.7783
2011-08-02,24.7068
2011-08-01,24.1315
2011-07-29,23.5259
2011-07-28,23.6114
2011-07-27,23.7014
2011-07-26,23.3731
2011-07-25,23.0275
2011-07-22,22.1014
2011-07-21,21.1266
2011-07-20,20.1522
2011-07-19,18.5807
2011-07-18,16.9264
2011-07-15,15.8419
2011-07-14,14.7702
2011-07-13,13.7164
2011-07-12,13.1274
2011-07-11,13.6029
2011-07-08,13.7111
2011-07-07,13.9601
2011-07-06,14.0479
2011-07-05,14.6699
2011-07-04,15.3247
2011-07-01,15.7218
2011-06-30,16.3905
2011-06-29,17.0944
2011-06-28,17.8336
2011-06-27,18.3721
2011-06-24,18.6795
2011-06-23,18.4272
2011-06-22,17.7848
2011-06-21,17.1782
2011-06-20,16.6401
2011-06-17,15.8462
2011-06-16,15.5736
2011-06-15,15.2867
2011-06-14,15.5298
2011-06-13,16.2257
2011-06-10,17.0451
2011-06-09,17.5731
2011-06-08,17.8987
2011-06-07,18.2441
2011-06-06,19.0743
2011-06-03,19.8462
2011-06-02,20.8805
2011-06-01,21.9425
2011-05-31,23.0650
2011-05-30,23.8216
2011-05-27,24.6180
2011-05-26,25.4564
2011-05-25,25.5449
2011-05-24,25.0952
2011-05-23,24.7596
2011-05-20,24.6005
2011-05-19,24.6380
2011-05-18,24.7692
2011-05-17,24.9072
2011-05-16,25.1725
2011-05-13,25.5520
2011-05-12,26.0838
2011-05-11,26.6436
2011-05-10,27.0276
2011-05-09,27.4318
2011-05-06,27.4325
2011-05-05,27.1301
2011-05-04,26.8117
2011-05-03,26.7891
2011-05-02,26.9517
2011-04-29,28.0093
2011-04-28,29.1226
2011-04-27,29.7450
2011-04-26,30.2278
2011-04-25,30.7360
2011-04-21,31.1950
2011-04-20,30.8867
2011-04-19,30.8288
2011-04-18,30.8777
2011-04-15,30.9292
2011-04-13,30.2219
2011-04-11,29.4753
2011-04-08,28.7959
2011-04-07,28.0808
2011-04-06,27.2925
2011-04-05,26.5712
2011-04-04,25.8120
2011-04-01,25.0128
2011-03-31,24.3702
2011-03-30,23.6703
2011-03-29,22.9981
2011-03-28,22.5920
2011-03-25,22.6786
2011-03-24,23.0694
2011-03-23,22.9780
2011-03-22,23.0629
2011-03-21,23.1523
2011-03-18,23.3784
2011-03-17,23.6050
2011-03-16,23.5113
2011-03-15,23.2353
2011-03-14,23.1075
2011-03-11,22.5217
2011-03-10,21.9236
2011-03-09,21.3400
2011-03-08,20.8410
2011-03-07,20.3928
2011-03-04,20.1988
2011-03-03,19.9047
2011-03-01,19.5951
2011-02-28,19.8079
2011-02-25,20.0319
2011-02-24,20.5918
2011-02-23,20.9886
2011-02-22,20.9090
2011-02-21,20.6756
2011-02-18,20.6535
2011-02-17,20.5474
2011-02-16,21.2321
2011-02-15,21.9529
2011-02-14,22.8698
2011-02-11,23.8349
2011-02-10,24.8288
2011-02-09,24.8818
2011-02-08,25.2859
2011-02-07,25.8822
2011-02-04,26.6005
2011-02-03,27.3567
2011-02-02,27.6224
2011-02-01,26.8495
2011-01-31,26.2791
2011-01-28,25.8270
2011-01-27,25.4666
2011-01-25,25.5574
2011-01-24,25.8859
2011-01-21,26.3860
2011-01-20,26.4494
2011-01-19,26.5161
2011-01-18,26.7736
2011-01-17,27.0447
2011-01-14,26.6847
2011-01-13,26.5273
2011-01-12,26.6863
2011-01-11,26.7631
2011-01-10,26.8439
2011-01-07,27.0834
2011-01-06,27.5802
2011-01-05,28.7445
2011-01-04,29.4970
2011-01-03,30.4469
2010-12-31,30.6985
2010-12-30,31.0532
2010-12-29,31.2825
2010-12-28,31.4351
2010-12-27,31.7254
2010-12-24,32.1386
2010-12-23,32.5294
2010-12-22,32.9850
2010-12-21,33.0984
2010-12-20,33.2315
2010-12-16,33.3716
2010-12-15,33.6155
2010-12-14,34.0185
2010-12-13,34.5407
2010-12-10,34.1762
2010-12-09,33.7924
2010-12-08,32.6441
2010-12-07,31.6453
2010-12-06,30.5940
2010-12-03,30.0137
2010-12-02,29.4028
2010-12-01,29.0181
2010-11-30,28.4802
2010-11-29,27.3345
2010-11-26,26.1285
2010-11-25,24.8073
2010-11-24,24.1828
2010-11-23,24.1069
2010-11-22,23.8449
2010-11-19,23.5692
2010-11-18,23.1927
2010-11-16,22.7964
2010-11-15,22.8252
2010-11-12,23.3190
2010-11-11,23.8409
2010-11-10,24.6059
2010-11-09,25.8773
2010-11-08,27.2155
2010-11-04,28.3317
2010-11-03,29.5067
2010-11-02,31.0245
2010-11-01,32.6476
2010-10-29,33.4961
2010-10-28,34.0468
2010-10-27,35.0948
2010-10-26,36.1980
2010-10-25,37.0671
2010-10-22,37.9820
2010-10-21,39.2809
2010-10-20,40.8266
2010-10-19,42.4536
2010-10-18,44.1888
2010-10-15,46.0153
2010-10-14,46.8389
2010-10-13,46.9509
2010-10-12,47.1492
2010-10-11,47.3736
2010-10-08,47.3967
2010-10-07,47.4473
2010-10-06,47.2387
2010-10-05,47.0666
2010-10-04,47.0715
2010-10-01,47.0768
2010-09-30,47.0823
2010-09-29,47.2451
2010-09-28,47.4166
2010-09-27,46.9196
2010-09-24,46.4808
2010-09-23,46.2019
2010-09-22,45.9824
2010-09-21,45.7513
2010-09-20,45.2940
2010-09-17,43.8367
2010-09-16,42.3489
2010-09-15,40.7827
2010-09-14,39.4245
2010-09-13,38.0171
2010-09-09,36.4003
2010-09-08,34.6949
2010-09-07,33.0301
2010-09-06,31.2777
2010-09-03,30.1436
2010-09-02,29.4293
2010-09-01,28.7463
2010-08-31,28.5285
2010-08-30,28.5595
2010-08-27,28.4285
2010-08-26,28.1275
2010-08-25,27.9190
2010-08-24,28.0094
2010-08-23,27.3459
2010-08-20,26.2117
2010-08-19,25.3464
2010-08-18,24.9343
2010-08-17,24.5005
2010-08-16,24.0438
2010-08-13,23.5632
2010-08-12,23.4349
2010-08-11,22.9940
2010-08-10,22.5299
2010-08-09,22.2860
2010-08-06,22.0292
2010-08-05,22.3261
2010-08-04,23.0039
2010-08-03,23.8132
2010-08-02,24.4048
2010-07-30,25.1624
2010-07-29,25.9598
2010-07-28,26.2556
2010-07-27,26.5669
2010-07-26,27.5084
2010-07-23,28.6563
2010-07-22,28.6779
2010-07-21,28.0092
2010-07-20,27.1719
2010-07-19,26.3318
2010-07-16,24.8888
2010-07-15,23.4803
2010-07-14,22.4141
2010-07-13,21.2918
2010-07-12,20.4106
2010-07-09,19.4830
2010-07-08,18.9261
2010-07-07,18.7819
2010-07-06,18.6650
2010-07-05,18.5419
2010-07-02,18.4788
2010-07-01,19.2485
2010-06-30,19.9766
2010-06-29,20.8590
2010-06-28,21.7944
2010-06-25,22.8041
2010-06-24,23.8203
2010-06-23,24.6175
2010-06-22,25.9050
2010-06-21,27.2602
2010-06-18,28.6868
2010-06-17,29.3391
2010-06-16,29.9760
2010-06-15,30.5497
2010-06-14,31.2843
2010-06-11,32.0576
2010-06-10,32.8716
2010-06-09,33.2962
2010-06-08,33.7432
2010-06-07,34.2137
2010-06-04,35.0845
2010-06-03,35.9619
2010-06-02,36.8098
2010-06-01,37.7034
2010-05-31,38.5117
2010-05-28,39.5194
2010-05-27,40.2723
2010-05-26,41.2752
2010-05-25,42.5122
2010-05-24,44.0165
2010-05-21,44.8416
2010-05-20,44.8711
2010-05-19,44.8320
2010-05-18,44.8096
2010-05-17,43.6645
2010-05-14,42.4591
2010-05-13,41.2306
2010-05-12,40.1437
2010-05-11,39.5429
2010-05-10,38.9141
2010-05-07,38.2522
2010-05-06,38.0703
2010-05-05,36.5185
2010-05-04,34.8849
2010-05-03,33.4210
2010-04-30,31.8799
2010-04-29,30.2510
2010-04-28,28.8245
2010-04-27,27.3397
2010-04-26,25.8147
2010-04-23,24.4491
2010-04-22,23.0846
2010-04-21,21.7576
2010-04-20,20.3831
2010-04-19,18.9963
2010-04-16,17.9237
2010-04-15,17.0633
2010-04-13,16.8160
2010-04-12,16.3832
2010-04-09,16.1154
2010-04-08,16.4990
2010-04-07,15.8721
2010-04-06,15.2122
2010-04-05,14.4400
2010-04-01,13.8938
2010-03-31,13.5785
2010-03-30,13.2901
2010-03-29,12.9865
2010-03-26,12.6670
2010-03-25,12.9704
2010-03-23,13.2899
2010-03-22,13.6263
2010-03-19,13.8396
2010-03-18,14.1732
2010-03-17,14.5591
2010-03-16,14.9653
2010-03-15,15.2793
2010-03-12,15.4075
2010-03-11,15.6945
2010-03-10,15.9967
2010-03-09,15.6221
2010-03-08,15.3090
2010-03-05,14.9794
2010-03-04,14.8594
2010-03-03,14.6848
2010-03-02,14.5010
2010-02-26,14.3519
2010-02-25,14.5116
2010-02-24,15.2632
2010-02-23,15.7028
2010-02-22,16.0865
2010-02-19,16.4321
2010-02-18,16.7050
2010-02-17,16.8576
2010-02-16,17.0183
2010-02-15,17.0234
2010-02-11,17.0288
2010-02-10,17.2037
2010-02-09,17.3992
2010-02-08,17.6787
2010-02-06,17.9728
2010-02-05,18.7883
2010-02-04,19.3545
2010-02-03,20.1972
2010-02-02,21.2309
2010-02-01,22.2848
2010-01-29,23.0429
2010-01-28,23.8408
2010-01-27,24.6808
2010-01-25,25.7813
2010-01-22,26.7372
2010-01-21,27.7434
2010-01-20,27.8895
2010-01-19,27.4154
2010-01-18,26.9164
2010-01-15,26.3912
2010-01-14,26.2192
2010-01-13,26.0382
2010-01-12,25.8477
2010-01-11,24.6442
2010-01-08,23.8696
2010-01-07,23.1409
2010-01-06,22.8082
2010-01-05,22.4581
2010-01-04,21.9793
2009-12-31,21.6441
2009-12-30,21.5937
2009-12-29,21.5639
2009-12-24,21.3677
2009-12-23,21.1486
2009-12-22,21.0183
2009-12-21,21.5260
2009-12-18,22.0605
2009-12-17,22.7873
2009-12-16,23.9663
2009-12-15,25.2074
2009-12-14,26.0627
2009-12-11,26.9631
2009-12-10,26.6639
2009-12-09,26.6759
2009-12-08,26.7922
2009-12-07,26.4010
2009-12-04,25.9859
2009-12-03,25.8501
2009-12-02,25.9583
2009-12-01,26.2507
2009-11-30,26.7730
2009-11-27,27.3493
2009-11-26,28.2260
2009-11-25,28.9792
2009-11-24,29.6585
2009-11-23,30.1537
2009-11-20,30.2584
2009-11-19,30.3685
2009-11-18,30.2949
2009-11-17,29.8202
2009-11-16,29.3206
2009-11-13,29.4007
2009-11-12,29.7532
2009-11-11,30.5856
2009-11-10,31.4591
2009-11-09,32.3786
2009-11-06,33.1713
2009-11-05,34.0406
2009-11-04,35.0266
2009-11-03,36.0196
2009-10-30,37.0650
2009-10-29,38.0023
2009-10-28,39.1257
2009-10-27,39.6692
2009-10-26,40.1564
2009-10-23,40.5776
2009-10-22,41.1350
2009-10-21,41.2351
2009-10-20,41.2834
2009-10-16,40.9799
2009-10-15,40.1612
2009-10-14,38.8714
2009-10-13,37.5305
2009-10-12,36.7514
2009-10-09,35.9313
2009-10-08,35.1574
2009-10-07,34.3347
2009-10-06,33.4687
2009-10-05,32.7366
2009-10-01,31.2275
2009-09-30,29.7467
2009-09-29,28.9693
2009-09-25,28.4867
2009-09-24,28.1829
2009-09-23,27.8632
2009-09-22,27.5266
2009-09-18,26.9238
2009-09-17,26.4347
2009-09-16,25.8079
2009-09-15,25.5700
2009-09-14,25.4073
2009-09-11,25.7068
2009-09-10,26.1347
2009-09-09,26.4163
2009-09-08,25.9127
2009-09-07,24.9134
2009-09-04,23.8010
2009-09-03,22.6300
2009-09-02,21.8128
2009-09-01,21.0412
2009-08-31,20.2289
2009-08-28,20.3053
2009-08-27,20.5575
2009-08-26,20.6632
2009-08-25,20.7744
2009-08-24,21.0343
2009-08-21,21.3551
2009-08-20,21.6927
2009-08-19,21.5608
2009-08-18,21.4566
2009-08-17,21.3470
2009-08-14,21.7684
2009-08-13,21.6282
2009-08-12,21.4806
2009-08-11,21.3252
2009-08-10,21.7472
2009-08-07,22.0395
2009-08-06,21.8458
2009-08-05,21.3169
2009-08-04,20.7458
2009-08-03,20.1446
2009-07-31,19.7614
2009-07-30,19.8862
2009-07-29,20.1651
2009-07-28,20.4588
2009-07-27,20.8026
2009-07-24,21.3621
2009-07-23,22.4763
2009-07-22,23.6145
2009-07-21,24.8126
2009-07-20,25.7519
2009-07-17,26.7406
2009-07-16,28.1249
2009-07-15,29.5819
2009-07-14,29.3860
2009-07-13,30.2615
2009-07-10,31.0170
2009-07-09,32.3106
2009-07-08,33.9798
2009-07-07,35.7369
2009-07-06,37.2091
2009-07-03,38.4978
2009-07-02,39.6944
2009-07-01,40.6207
2009-06-30,41.6896
2009-06-29,42.3916
2009-06-26,42.9463
2009-06-25,43.5301
2009-06-24,43.8629
2009-06-23,44.4553
2009-06-22,45.2702
2009-06-19,45.9450
2009-06-18,46.6553
2009-06-17,46.9081
2009-06-16,47.1140
2009-06-15,47.3308
2009-06-12,47.6840
2009-06-11,48.1606
2009-06-10,48.1830
2009-06-09,47.8052
2009-06-08,47.0636
2009-06-05,45.8813
2009-06-04,44.7271
2009-06-03,43.3946
2009-06-02,42.1143
2009-06-01,40.9215
2009-05-29,40.0119
2009-05-28,39.4769
2009-05-27,39.1821
2009-05-26,38.7705
2009-05-25,38.3959
2009-05-22,37.2707
2009-05-21,35.8487
2009-05-20,34.3519
2009-05-19,32.9279
2009-05-18,32.1157
2009-05-15,32.1953
2009-05-14,32.3120
2009-05-13,32.5170
2009-05-12,32.6671
2009-05-11,32.6370
2009-05-08,32.7369
2009-05-07,32.2430
2009-05-06,32.0729
2009-05-05,31.8337
2009-05-04,31.3905
2009-04-30,31.5029
2009-04-29,31.0513
2009-04-28,30.7627
2009-04-27,30.0568
2009-04-24,29.2323
2009-04-23,28.3643
2009-04-22,27.5659
2009-04-21,26.3293
2009-04-20,25.1012
2009-04-17,24.0882
2009-04-16,23.0219
2009-04-15,21.6045
2009-04-13,20.2641
2009-04-09,19.7280
2009-04-08,19.2107
2009-04-06,18.7080
2009-04-02,18.4693
2009-04-01,18.3587
2009-03-31,18.4449
2009-03-30,18.8911
2009-03-27,19.5170
2009-03-26,20.0641
2009-03-25,20.5977
2009-03-24,20.4214
2009-03-23,20.2357
2009-03-20,20.7446
2009-03-19,19.8626
2009-03-18,18.8612
2009-03-17,18.8728
2009-03-16,19.0186
2009-03-13,19.1721
2009-03-12,18.4392
2009-03-09,17.4308
2009-03-06,16.2209
2009-03-05,15.2121
2009-03-04,14.4713
2009-03-03,14.2293
2009-03-02,14.0292
2009-02-27,14.0245
2009-02-26,14.0492
2009-02-25,14.0846
2009-02-24,13.9395
2009-02-20,14.0662
2009-02-19,14.2830
2009-02-18,14.6832
2009-02-17,15.1045
2009-02-16,15.5480
2009-02-13,16.2213
2009-02-12,16.9643
2009-02-11,17.4102
2009-02-10,17.6998
2009-02-09,18.0047
2009-02-06,18.4686
2009-02-05,18.6414
2009-02-04,18.8234
2009-02-03,19.1429
2009-02-02,19.1463
2009-01-30,19.4758
2009-01-29,20.0093
2009-01-28,20.6513
2009-01-27,21.3272
2009-01-23,21.4333
2009-01-22,21.7036
2009-01-21,22.1670
2009-01-20,22.5463
2009-01-19,22.9456
2009-01-16,23.5036
2009-01-15,24.0910
2009-01-14,24.7093
2009-01-13,24.6628
2009-01-12,24.5390
2009-01-09,24.4888
2009-01-07,24.5111
2009-01-06,24.7162
2009-01-05,25.4348
2009-01-02,25.6450
2008-12-31,25.8662
2008-12-30,25.5502
2008-12-29,25.1644
2008-12-26,24.7804
2008-12-24,24.3763
2008-12-23,23.8096
2008-12-22,23.2447
2008-12-19,22.3246
2008-12-18,21.3561
2008-12-17,20.3367
2008-12-16,19.3624
2008-12-15,18.5237
2008-12-12,17.6408
2008-12-11,17.4512
2008-12-10,16.7276
2008-12-08,15.9047
2008-12-05,15.3334
2008-12-04,14.7319
2008-12-03,14.3055
2008-12-02,13.9806
2008-12-01,13.6385
2008-11-28,13.3767
2008-11-27,13.1010
2008-11-26,13.7409
2008-11-25,14.4145
2008-11-24,15.0820
2008-11-21,15.5306
2008-11-20,15.7921
2008-11-19,16.2103
2008-11-18,16.6505
2008-11-17,16.7931
2008-11-14,16.9431
2008-11-12,17.5583
2008-11-11,18.2673
2008-11-10,19.0135
2008-11-07,19.6958
2008-11-06,20.3770
2008-11-05,21.0940
2008-11-04,21.9439
2008-11-03,22.6863
2008-10-31,23.5539
2008-10-29,24.4672
2008-10-27,25.0399
2008-10-24,25.1468
2008-10-23,25.5139
2008-10-22,25.9436
2008-10-21,26.0407
2008-10-20,26.1428
2008-10-17,25.8861
2008-10-16,25.7896
2008-10-15,25.6880
2008-10-14,26.0129
2008-10-13,26.4317
2008-10-10,25.8454
2008-10-08,24.2695
2008-10-07,22.9649
2008-10-06,22.0921
2008-10-03,21.4325
2008-10-01,21.2681
2008-09-30,21.3418
2008-09-29,21.2765
2008-09-26,21.2732
2008-09-25,22.0253
2008-09-24,22.2904
2008-09-23,22.5694
2008-09-22,21.8701
2008-09-19,21.2832
2008-09-18,20.6654
2008-09-17,20.1045
2008-09-16,19.7220
2008-09-15,19.3194
2008-09-12,18.8956
2008-09-11,19.3757
2008-09-10,19.8811
2008-09-09,20.5760
2008-09-08,21.5968
2008-09-05,22.6864
2008-09-04,23.4769
2008-09-02,24.3089
2008-09-01,25.3336
2008-08-29,26.2512
2008-08-28,27.1310
2008-08-27,27.6959
2008-08-26,28.6178
2008-08-25,29.7257
2008-08-22,30.8919
2008-08-21,31.7219
2008-08-20,32.7496
2008-08-19,34.3505
2008-08-18,36.0356
2008-08-14,37.7880
2008-08-13,39.6327
2008-08-12,41.4759
2008-08-11,43.4162
2008-08-08,45.2325
2008-08-07,47.1194
2008-08-06,48.9964
2008-08-05,50.3807
2008-08-04,50.1762
2008-08-01,49.9608
2008-07-31,49.7399
2008-07-30,49.5073
2008-07-29,49.2900
2008-07-28,49.2211
2008-07-25,49.1443
2008-07-24,49.1269
2008-07-23,49.1371
2008-07-22,49.1897
2008-07-21,48.8757
2008-07-18,48.4083
2008-07-17,47.9163
2008-07-16,47.4931
2008-07-15,47.3206
2008-07-14,47.3100
2008-07-11,47.3934
2008-07-10,47.4812
2008-07-09,47.6972
2008-07-08,47.9610
2008-07-07,47.6420
2008-07-04,47.3653
2008-07-03,46.6893
2008-07-02,45.9778
2008-07-01,45.2442
2008-06-30,44.4128
2008-06-27,43.6071
2008-06-26,42.9325
2008-06-25,42.4156
2008-06-24,41.8715
2008-06-23,40.6152
2008-06-20,39.2927
2008-06-19,38.1237
2008-06-18,36.9590
2008-06-17,35.7330
2008-06-16,34.1034
2008-06-13,32.2114
2008-06-12,30.2198
2008-06-11,28.3646
2008-06-10,26.4218
2008-06-09,24.6921
2008-06-06,22.8713
2008-06-05,21.4463
2008-06-04,20.0500
2008-06-03,18.8503
2008-06-02,18.0172
2008-05-30,17.5298
2008-05-29,17.0167
2008-05-28,16.8704
2008-05-27,16.7449
2008-05-26,16.6128
2008-05-23,16.5798
2008-05-22,15.3874
2008-05-21,14.1322
2008-05-20,13.4164
2008-05-16,13.0451
2008-05-15,12.6000
2008-05-14,12.2432
2008-05-13,11.7327
2008-05-12,11.3103
2008-05-09,10.8657
2008-05-08,10.6421
2008-05-07,10.4067
2008-05-06,10.3073
2008-05-05,10.2412
2008-05-02,10.1717
2008-04-30,10.5999
2008-04-29,10.9069
2008-04-28,11.0821
2008-04-25,11.4085
2008-04-24,11.7522
2008-04-23,12.0581
2008-04-22,12.4152
2008-04-21,12.8845
2008-04-17,13.3785
2008-04-16,13.5455
2008-04-15,13.7213
2008-04-11,14.0442
2008-04-10,14.3160
2008-04-09,14.5283
2008-04-08,14.8269
2008-04-07,15.0754
2008-04-04,15.3565
2008-04-03,15.7340
2008-04-02,16.3536
2008-04-01,17.0601
2008-03-31,17.5009
2008-03-28,17.9140
2008-03-27,17.8295
2008-03-26,17.8212
2008-03-25,17.8603
2008-03-24,17.7901
2008-03-19,17.6938
2008-03-18,17.9187
2008-03-17,17.1870
2008-03-14,16.3493
2008-03-13,16.1009
2008-03-12,15.2637
2008-03-11,14.3825
2008-03-10,13.8679
2008-03-07,13.2311
2008-03-05,12.8631
2008-03-04,12.8184
2008-03-03,12.7713
2008-02-29,13.3084
2008-02-28,13.7733
2008-02-27,14.2627
2008-02-26,14.8505
2008-02-25,15.4693
2008-02-22,16.1584
2008-02-21,16.9308
2008-02-20,17.6950
2008-02-19,18.5191
2008-02-18,19.3866
2008-02-15,20.1131
2008-02-14,20.7554
2008-02-13,21.4315
2008-02-12,21.5510
2008-02-11,21.6769
2008-02-08,21.8093
2008-02-07,22.5262
2008-02-06,23.7063
2008-02-05,24.9486
2008-02-04,25.9652
2008-02-01,26.8581
2008-01-31,27.7979
2008-01-30,29.1823
2008-01-29,30.6005
2008-01-28,32.0932
2008-01-25,33.2511
2008-01-24,34.6311
2008-01-23,36.1608
2008-01-22,37.9304
2008-01-21,39.4823
2008-01-18,41.5265
2008-01-17,42.9798
2008-01-16,43.1540
2008-01-15,43.8966
2008-01-14,44.1478
2008-01-11,43.5358
2008-01-10,42.7054
2008-01-09,41.6486
2008-01-08,40.2456
2008-01-07,38.6891
2008-01-04,37.2819
2008-01-03,35.8006
2008-01-02,34.5725
2008-01-01,33.2797
2007-12-31,32.1439
2007-12-28,30.2068
2007-12-27,28.3066
2007-12-26,26.7209
2007-12-24,25.4088
2007-12-20,24.0275
2007-12-19,22.8603
2007-12-18,21.6317
2007-12-17,20.3384
2007-12-14,19.5636
2007-12-13,18.2608
2007-12-12,16.5977
2007-12-11,15.0303
2007-12-10,13.9307
2007-12-07,13.3755
2007-12-06,12.5277
2007-12-05,11.7789
2007-12-04,10.9907
2007-12-03,10.4485
2007-11-30,9.9151
2007-11-29,9.5402
2007-11-28,9.5500
2007-11-27,9.4017
2007-11-26,9.4746
2007-11-23,9.5514
2007-11-22,9.3352
2007-11-21,9.3429
2007-11-20,8.9433
2007-11-19,8.3201
2007-11-16,8.4244
2007-11-15,8.3254
2007-11-14,8.3498
2007-11-13,8.2572
2007-11-12,8.2528
2007-11-08,8.4899
2007-11-07,8.2960
2007-11-06,8.5000
2007-11-05,8.7147
2007-11-02,8.9407
2007-11-01,8.8671
2007-10-31,9.1547
2007-10-30,9.5623
2007-10-29,9.3417
2007-10-26,9.2457
2007-10-25,9.0340
2007-10-24,9.3121
2007-10-23,9.7530
2007-10-22,10.2122
2007-10-19,10.6955
2007-10-18,10.1349
2007-10-17,9.8873
2007-10-16,9.1905
2007-10-15,8.4897
2007-10-12,8.9214
2007-10-11,9.3758
2007-10-10,9.5055
2007-10-09,9.6420
2007-10-08,9.6618
2007-10-05,9.5521
2007-10-04,9.8402
2007-10-03,10.1435
2007-10-01,10.4628
2007-09-28,9.8958
2007-09-27,9.2990
2007-09-26,9.3982
2007-09-25,9.6537
2007-09-24,9.6996
2007-09-21,9.8482
2007-09-20,9.8445
2007-09-19,9.6800
2007-09-18,9.4197
2007-09-17,9.3866
2007-09-14,9.5261
2007-09-13,9.6729
2007-09-12,10.1023
2007-09-11,10.3493
2007-09-10,10.6948
2007-09-07,11.1471
2007-09-06,11.3412
2007-09-05,11.7385
2007-09-04,12.1567
2007-09-03,12.5841
2007-08-31,13.1070
2007-08-30,13.2976
2007-08-29,13.9371
2007-08-28,14.6102
2007-08-27,15.3188
2007-08-24,15.2153
2007-08-23,14.2985
2007-08-22,13.5115
2007-08-21,12.8308
2007-08-20,12.2269
2007-08-17,11.7636
2007-08-16,10.9711
2007-08-14,10.6151
2007-08-13,10.3238
2007-08-10,10.2303
2007-08-09,9.9614
2007-08-08,10.3871
2007-08-07,10.8405
2007-08-06,11.3177
2007-08-03,11.0980
2007-08-02,11.6799
2007-08-01,12.2924
2007-07-31,12.8245
2007-07-30,13.0965
2007-07-27,13.3829
2007-07-26,14.0344
2007-07-25,14.4522
2007-07-24,14.8921
2007-07-23,14.7676
2007-07-20,14.6366
2007-07-19,14.4986
2007-07-18,14.3534
2007-07-17,14.5645
2007-07-16,14.7867
2007-07-13,15.0305
2007-07-12,15.2871
2007-07-11,15.7031
2007-07-10,16.1411
2007-07-09,16.9894
2007-07-06,17.8714
2007-07-05,17.5073
2007-07-04,17.1240
2007-07-03,17.2042
2007-07-02,17.3731
2007-06-29,17.6875
2007-06-28,18.0591
2007-06-27,18.4502
2007-06-26,18.8620
2007-06-25,18.3479
2007-06-22,18.1132
2007-06-21,17.7235
2007-06-20,17.4817
2007-06-19,17.2271
2007-06-18,16.7289
2007-06-15,16.2795
2007-06-14,16.0595
2007-06-13,15.8279
2007-06-12,15.4161
2007-06-11,14.9827
2007-06-08,15.0184
2007-06-07,15.0733
2007-06-06,15.1311
2007-06-05,15.3306
2007-06-04,15.5241
2007-06-01,15.7277
2007-05-31,16.0096
2007-05-30,16.3286
2007-05-29,16.2373
2007-05-28,16.4784
2007-05-25,16.7993
2007-05-24,16.9349
2007-05-23,17.6459
2007-05-22,18.3943
2007-05-21,18.9651
2007-05-18,19.8861
2007-05-17,20.8556
2007-05-16,21.7754
2007-05-15,21.1306
2007-05-14,20.4519
2007-05-11,20.7764
2007-05-10,21.6031
2007-05-09,22.2165
2007-05-08,21.8448
2007-05-07,21.7752
2007-05-04,21.8845
2007-05-03,22.1890
2007-04-30,22.5095
2007-04-27,21.7713
2007-04-26,20.9617
2007-04-25,20.1676
2007-04-24,19.3316
2007-04-23,19.0077
2007-04-20,18.6668
2007-04-19,18.4276
2007-04-18,18.1759
2007-04-17,17.8654
2007-04-16,17.5385
2007-04-13,17.7378
2007-04-12,17.9475
2007-04-11,18.1661
2007-04-10,17.8664
2007-04-09,18.0675
2007-04-05,18.3812
2007-04-04,18.4875
2007-04-03,18.6645
2007-04-02,19.2620
2007-03-30,19.8910
2007-03-29,20.6496
2007-03-28,21.2950
2007-03-26,21.8987
2007-03-23,22.7912
2007-03-22,23.4714
2007-03-21,24.4351
2007-03-20,25.4495
2007-03-19,26.5173
2007-03-16,26.5558
2007-03-15,26.5963
2007-03-14,26.5508
2007-03-13,26.5028
2007-03-12,27.3979
2007-03-09,28.3401
2007-03-08,29.3319
2007-03-07,29.8079
2007-03-06,30.3089
2007-03-05,31.7405
2007-03-02,33.2474
2007-03-01,34.5268
2007-02-28,36.0821
2007-02-27,37.7192
2007-02-26,37.6139
2007-02-23,37.4324
2007-02-22,37.2413
2007-02-21,37.3221
2007-02-20,37.4351
2007-02-19,37.2429
2007-02-15,37.0406
2007-02-14,36.6890
2007-02-13,36.3392
2007-02-12,35.1554
2007-02-09,33.9628
2007-02-08,32.7801
2007-02-07,32.4003
2007-02-06,32.8634
2007-02-05,33.5781
2007-02-02,34.3303
2007-02-01,35.1160
2007-01-31,35.9430
2007-01-29,36.3938
2007-01-25,36.2001
2007-01-24,36.2547
2007-01-23,35.3538
2007-01-22,34.4054
2007-01-19,33.3666
2007-01-18,32.2941
2007-01-17,31.1651
2007-01-16,30.0858
2007-01-15,28.9496
2007-01-12,28.8512
2007-01-11,28.8302
2007-01-10,28.8082
2007-01-09,28.4751
2007-01-08,28.0141
2007-01-05,27.3096
2007-01-04,26.7601
2007-01-03,26.5301
2007-01-02,26.2879
2006-12-29,26.2568
2006-12-28,26.0223
2006-12-27,25.9205
2006-12-26,25.8134
2006-12-22,25.7007
2006-12-21,25.1447
2006-12-20,24.6258
2006-12-19,24.3832
2006-12-18,24.1278
2006-12-15,24.0862
2006-12-14,23.9875
2006-12-13,24.3316
2006-12-12,24.8782
2006-12-11,25.4594
2006-12-08,26.0711
2006-12-07,26.6696
2006-12-06,27.2448
2006-12-05,28.4198
2006-12-04,29.4906
2006-12-01,30.6654
2006-11-30,31.9021
2006-11-29,32.9513
2006-11-28,33.7917
2006-11-27,34.6522
2006-11-24,35.4070
2006-11-23,36.2015
2006-11-22,37.0378
2006-11-21,38.6453
2006-11-20,40.0907
2006-11-17,41.3395
2006-11-16,42.5230
2006-11-15,43.9031
2006-11-14,45.3558
2006-11-13,46.3056
2006-11-10,46.9900
2006-11-09,47.8697
2006-11-08,48.6968
2006-11-07,49.4251
2006-11-06,50.0928
2006-11-03,48.6589
2006-11-02,47.1496
2006-11-01,45.8881
2006-10-31,44.8107
2006-10-30,43.6766
2006-10-27,43.9689
2006-10-26,44.5703
2006-10-23,45.2448
2006-10-20,45.6820
2006-10-19,46.1421
2006-10-18,44.8306
2006-10-17,43.9724
2006-10-16,43.2076
2006-10-13,42.2955
2006-10-12,41.3354
2006-10-11,40.3964
2006-10-10,39.4009
2006-10-09,38.3531
2006-10-06,37.1384
2006-10-05,35.9862
2006-10-04,34.7735
2006-10-03,33.8455
2006-09-29,32.9029
2006-09-28,31.9106
2006-09-27,30.9311
2006-09-26,29.9232
2006-09-25,28.8622
2006-09-22,28.1840
2006-09-21,27.4915
2006-09-20,26.7625
2006-09-19,25.9952
2006-09-18,25.1876
2006-09-15,24.5429
2006-09-14,23.8643
2006-09-13,23.1982
2006-09-12,22.5799
2006-09-11,21.9452
2006-09-08,21.2771
2006-09-07,20.7750
2006-09-06,20.1288
2006-09-05,19.4460
2006-09-04,18.7273
2006-09-01,17.9708
2006-08-31,17.4743
2006-08-30,16.9516
2006-08-29,16.4827
2006-08-28,16.1185
2006-08-25,15.7303
2006-08-24,15.6331
2006-08-23,15.5307
2006-08-22,15.6157
2006-08-21,16.1098
2006-08-18,16.5259
2006-08-17,16.9638
2006-08-16,17.1214
2006-08-14,17.0997
2006-08-11,17.2492
2006-08-10,17.4320
2006-08-09,17.4179
2006-08-08,17.4031
2006-08-07,17.2577
2006-08-04,17.0759
2006-08-03,16.9430
2006-08-02,16.8031
2006-08-01,16.3795
2006-07-31,15.9338
2006-07-28,15.4645
2006-07-27,15.1342
2006-07-26,14.9971
2006-07-25,14.9604
2006-07-24,14.8319
2006-07-21,15.1327
2006-07-20,15.4493
2006-07-19,15.3470
2006-07-18,15.7398
2006-07-17,16.0862
2006-07-14,16.4509
2006-07-13,16.4786
2006-07-12,16.4596
2006-07-11,16.7725
2006-07-10,17.1020
2006-07-07,17.0039
2006-07-06,16.7141
2006-07-05,16.6624
2006-07-04,16.5906
2006-07-03,16.5151
2006-06-30,16.4356
2006-06-29,16.6631
2006-06-28,16.9025
2006-06-27,17.6702
2006-06-26,18.4930
2006-06-23,19.0979
2006-06-22,19.6161
2006-06-21,19.8459
2006-06-20,20.0877
2006-06-19,20.3088
2006-06-16,21.2148
2006-06-15,21.6511
2006-06-14,21.5989
2006-06-13,21.5439
2006-06-12,21.2577
2006-06-09,21.2213
2006-06-08,21.1829
2006-06-07,21.3418
2006-06-06,22.1710
2006-06-05,21.0707
2006-06-02,20.3871
2006-06-01,19.6674
2006-05-31,19.2481
2006-05-30,19.1623
2006-05-29,19.3444
2006-05-26,19.5361
2006-05-25,19.4503
2006-05-24,19.2845
2006-05-23,18.8600
2006-05-22,17.8319
2006-05-19,16.7497
2006-05-18,15.7584
2006-05-17,15.2206
2006-05-16,15.0563
2006-05-15,14.5745
2006-05-12,14.6889
2006-05-11,15.1847
2006-05-10,15.8155
2006-05-09,16.0546
2006-05-08,16.3063
2006-05-05,16.6151
2006-05-04,17.4782
2006-05-03,18.3867
2006-05-02,18.2839
2006-04-28,18.1399
2006-04-27,17.6666
2006-04-26,17.3937
2006-04-25,17.3232
2006-04-24,17.2954
2006-04-21,17.3329
2006-04-20,17.4152
2006-04-19,17.3210
2006-04-18,17.4399
2006-04-17,17.5649
2006-04-13,17.3867
2006-04-12,17.1991
2006-04-10,17.6244
2006-04-07,17.8817
2006-04-05,18.1525
2006-04-04,18.9265
2006-04-03,19.7165
2006-03-31,20.6364
2006-03-30,21.1445
2006-03-29,22.0107
2006-03-28,22.9237
2006-03-27,23.5206
2006-03-24,24.7186
2006-03-23,25.9796
2006-03-22,26.2883
2006-03-21,26.3931
2006-03-20,26.3127
2006-03-17,26.4863
2006-03-16,26.8257
2006-03-14,27.5543
2006-03-13,28.3212
2006-03-10,29.7132
2006-03-09,31.1259
2006-03-08,32.3071
2006-03-07,32.7963
2006-03-06,33.2237
2006-03-03,33.6736
2006-03-02,34.2464
2006-03-01,34.8493
2006-02-28,35.8693
2006-02-27,36.7868
2006-02-24,37.3263
2006-02-23,37.3563
2006-02-22,37.2837
2006-02-21,37.2829
2006-02-20,37.5706
2006-02-17,37.8735
2006-02-16,37.7628
2006-02-15,36.9337
2006-02-14,36.3203
2006-02-13,36.2073
2006-02-10,36.0919
2006-02-08,36.0901
2006-02-07,36.0881
2006-02-06,35.7175
2006-02-03,35.5806
2006-02-02,34.4989
2006-02-01,33.3602
2006-01-31,32.2872
2006-01-30,31.1577
2006-01-27,30.1039
2006-01-25,29.6071
2006-01-24,29.6450
2006-01-23,29.6848
2006-01-20,29.9656
2006-01-19,30.1793
2006-01-18,30.4738
2006-01-17,30.7839
2006-01-16,31.1102
2006-01-13,31.4403
2006-01-12,31.8252
2006-01-10,32.8921
2006-01-09,33.4769
2006-01-06,33.7624
2006-01-05,34.9434
2006-01-04,36.1865
2006-01-03,36.4488
2006-01-02,36.3844
2005-12-30,36.4054
2005-12-29,36.6148
2005-12-28,36.9318
2005-12-27,37.1733
2005-12-26,37.4274
2005-12-23,37.6950
2005-12-22,37.1889
2005-12-21,35.9085
2005-12-20,34.5607
2005-12-19,33.1420
2005-12-16,31.7680
2005-12-15,30.4900
2005-12-14,29.1448
2005-12-13,27.7415
2005-12-12,26.4691
2005-12-09,25.2370
2005-12-08,24.1185
2005-12-07,23.1348
2005-12-06,22.4110
2005-12-05,21.6491
2005-12-02,20.3412
2005-12-01,19.1945
2005-11-30,18.4865
2005-11-29,17.9700
2005-11-28,17.4263
2005-11-25,16.9806
2005-11-24,16.6397
2005-11-23,16.2868
2005-11-22,16.3159
2005-11-21,16.6936
2005-11-18,17.0913
2005-11-17,17.5098
2005-11-16,17.7840
2005-11-14,17.8220
2005-11-11,17.9267
2005-11-10,18.0592
2005-11-09,17.9849
2005-11-08,17.8499
2005-11-07,18.0440
2005-11-04,18.3691
2005-11-02,18.7510
2005-10-31,19.6594
2005-10-28,20.6156
2005-10-27,21.2909
2005-10-26,21.7155
2005-10-25,22.0971
2005-10-24,22.6356
2005-10-21,23.2024
2005-10-20,23.8705
2005-10-19,24.5737
2005-10-18,24.9645
2005-10-17,25.1489
2005-10-14,25.8008
2005-10-13,25.6200
2005-10-11,25.0735
2005-10-10,24.7629
2005-10-07,24.0437
2005-10-06,23.6941
2005-10-05,23.8037
2005-10-04,23.5451
2005-10-03,23.2728
2005-09-30,23.4371
2005-09-29,23.6100
2005-09-28,23.3731
2005-09-27,22.9300
2005-09-26,22.2621
2005-09-23,21.8747
2005-09-22,21.8060
2005-09-21,21.0060
2005-09-20,19.2794
2005-09-19,17.0959
2005-09-16,15.2963
2005-09-15,14.7866
2005-09-14,15.0466
2005-09-13,15.6556
2005-09-12,16.1933
2005-09-09,16.6965
2005-09-08,16.9727
2005-09-06,17.5242
2005-09-05,18.1612
2005-09-02,18.4565
2005-09-01,18.7673
2005-08-31,19.6052
2005-08-30,20.4872
2005-08-29,21.0825
2005-08-26,21.3500
2005-08-25,21.9042
2005-08-24,22.4875
2005-08-23,23.1016
2005-08-22,23.7480
2005-08-19,24.9238
2005-08-18,26.0427
2005-08-17,27.0418
2005-08-16,28.4266
2005-08-12,29.7735
2005-08-11,31.1912
2005-08-10,32.8001
2005-08-09,34.4936
2005-08-08,36.2329
2005-08-05,37.0630
2005-08-04,37.6908
2005-08-03,38.5575
2005-08-02,39.7272
2005-08-01,41.4951
2005-07-29,43.3560
2005-07-28,44.7497
2005-07-27,47.0017
2005-07-26,48.8644
2005-07-25,50.8250
2005-07-22,52.3213
2005-07-21,53.8027
2005-07-20,55.4260
2005-07-19,57.2359
2005-07-18,58.5683
2005-07-15,59.9708
2005-07-14,59.9487
2005-07-13,59.4065
2005-07-12,58.8357
2005-07-11,58.2349
2005-07-08,57.6025
2005-07-07,57.1445
2005-07-06,56.7427
2005-07-05,56.4055
2005-07-04,56.1827
2005-07-01,56.1747
2005-06-30,56.1664
2005-06-29,56.3116
2005-06-28,56.7431
2005-06-27,56.8113
2005-06-24,56.9988
2005-06-23,57.2886
2005-06-22,57.7741
2005-06-21,57.7243
2005-06-20,57.8298
2005-06-17,58.0097
2005-06-16,58.0748
2005-06-15,58.1433
2005-06-14,57.2225
2005-06-13,56.4501
2005-06-10,55.6370
2005-06-09,54.7811
2005-06-08,53.8632
2005-06-07,52.8971
2005-06-06,51.8976
2005-06-03,51.1277
2005-06-02,50.4926
2005-06-01,49.9950
2005-05-31,49.1023
2005-05-30,48.2122
2005-05-27,47.2752
2005-05-26,46.4941
2005-05-25,46.0615
2005-05-24,45.7634
2005-05-23,45.8239
2005-05-20,45.8876
2005-05-19,46.0524
2005-05-18,46.2841
2005-05-17,46.1670
2005-05-16,46.0437
2005-05-13,45.2993
2005-05-12,44.6144
2005-05-11,43.8934
2005-05-10,43.3193
2005-05-09,42.8426
2005-05-06,42.4004
2005-05-05,42.1912
2005-05-04,42.6531
2005-05-03,43.1393
2005-05-02,43.4237
2005-04-29,43.7259
2005-04-28,43.5393
2005-04-27,43.1056
2005-04-26,42.6490
2005-04-25,42.4124
2005-04-22,42.2352
2005-04-21,42.0486
2005-04-20,42.2667
2005-04-19,42.6268
2005-04-18,43.3205
2005-04-15,43.9738
2005-04-13,43.8469
2005-04-12,43.3242
2005-04-11,42.7740
2005-04-08,42.6316
2005-04-07,42.5569
2005-04-06,42.6608
2005-04-05,42.7702
2005-04-04,42.4486
2005-04-01,42.1542
2005-03-31,41.8443
2005-03-30,41.6684
2005-03-29,41.4832
2005-03-28,41.4594
2005-03-24,41.4344
2005-03-23,41.4922
2005-03-22,41.7488
2005-03-21,41.5214
2005-03-18,41.2046
2005-03-17,41.7947
2005-03-16,41.5850
2005-03-15,41.0882
2005-03-14,40.6446
2005-03-11,40.1777
2005-03-10,39.8241
2005-03-09,40.1372
2005-03-08,40.4667
2005-03-07,40.3864
2005-03-04,40.0654
2005-03-03,40.1564
2005-03-02,39.7322
2005-03-01,39.3947
2005-02-28,38.9101
2005-02-25,38.4000
2005-02-24,37.1068
2005-02-23,35.4148
2005-02-22,33.7967
2005-02-21,32.4687
2005-02-18,31.5961
2005-02-17,30.7495
2005-02-16,29.8583
2005-02-15,28.3676
2005-02-14,27.0709
2005-02-11,25.7060
2005-02-10,24.3292
2005-02-09,23.4882
2005-02-08,22.6030
2005-02-07,21.9752
2005-02-04,21.3035
2005-02-03,20.5964
2005-02-02,20.2425
2005-02-01,19.6557
2005-01-31,19.0381
2005-01-28,18.5890
2005-01-27,17.9957
2005-01-25,17.4210
2005-01-24,17.1991
2005-01-20,16.8784
2005-01-19,16.5408
2005-01-18,16.1853
2005-01-17,16.7202
2005-01-14,17.2955
2005-01-13,17.5718
2005-01-12,17.8628
2005-01-11,18.2782
2005-01-10,18.7155
2005-01-07,19.5957
2005-01-06,19.9360
2005-01-05,19.9991
2005-01-04,20.3157
2005-01-03,21.2150
2004-12-31,22.1765
2004-12-30,23.2555
2004-12-29,24.3912
2004-12-28,24.7698
2004-12-27,24.7643
2004-12-24,24.8801
2004-12-23,24.8102
2004-12-22,25.0144
2004-12-21,25.2293
2004-12-20,25.6724
2004-12-17,26.1626
2004-12-16,27.1231
2004-12-15,27.5502
2004-12-14,28.0051
2004-12-13,28.4840
2004-12-10,29.2031
2004-12-09,29.8484
2004-12-08,30.4406
2004-12-07,30.9804
2004-12-06,31.5486
2004-12-03,32.1468
2004-12-02,32.5589
2004-12-01,32.8557
2004-11-30,33.1682
2004-11-29,33.6646
2004-11-26,33.8442
2004-11-25,34.1242
2004-11-24,34.4188
2004-11-23,34.7961
2004-11-22,35.3199
2004-11-19,35.4304
2004-11-18,35.5468
2004-11-17,36.0677
2004-11-16,36.5033
2004-11-15,36.9619
2004-11-12,35.8617
2004-11-11,34.8671
2004-11-10,34.2272
2004-11-09,34.6933
2004-11-08,35.0933
2004-11-05,35.9699
2004-11-04,36.4592
2004-11-03,36.9279
2004-11-02,37.6183
2004-11-01,38.0580
2004-10-29,38.4267
2004-10-28,38.4843
2004-10-27,38.7694
2004-10-26,38.7304
2004-10-25,38.7310
2004-10-22,38.5622
2004-10-21,38.4593
2004-10-20,38.0204
2004-10-19,37.6155
2004-10-18,37.4953
2004-10-15,37.4043
2004-10-14,37.1250
2004-10-13,36.8311
2004-10-12,36.7843
2004-10-11,35.9917
2004-10-08,35.1873
2004-10-07,34.5093
2004-10-06,33.1127
2004-10-05,31.4198
2004-10-04,29.7822
2004-10-01,28.1006
2004-09-30,26.7377
2004-09-29,25.7584
2004-09-28,24.9788
2004-09-27,24.3388
2004-09-24,23.9728
2004-09-23,23.8700
2004-09-22,23.9269
2004-09-21,23.9459
2004-09-20,23.8955
2004-09-17,23.8425
2004-09-16,23.7866
2004-09-15,23.3785
2004-09-14,22.9489
2004-09-13,21.9089
2004-09-10,20.5306
2004-09-09,19.4225
2004-09-08,18.1428
2004-09-07,16.0362
2004-09-06,13.8187
2004-09-03,12.9125
2004-09-02,12.1134
2004-09-01,11.4154
2004-08-31,10.6263
2004-08-30,10.2690
2004-08-27,9.9961
2004-08-26,10.0111
2004-08-25,10.1453
2004-08-24,10.4046
2004-08-23,10.5153
2004-08-20,10.7824
2004-08-19,11.0635
2004-08-18,10.9653
2004-08-17,10.8620
2004-08-16,10.5449
2004-08-13,10.3601
2004-08-12,10.5711
2004-08-11,10.6373
2004-08-10,10.7070
2004-08-09,10.0716
2004-08-06,9.4029
2004-08-05,9.8853
2004-08-04,10.3128
2004-08-03,10.7628
2004-08-02,11.0983
2004-07-30,11.4514
2004-07-29,11.7278
2004-07-28,12.0186
2004-07-27,12.1306
2004-07-26,12.1127
2004-07-23,12.0938
2004-07-22,12.1594
2004-07-21,11.7662
2004-07-20,11.2558
2004-07-19,10.8040
2004-07-16,10.3285
2004-07-15,9.9429
2004-07-14,9.5369
2004-07-13,9.9042
2004-07-12,10.3760
2004-07-09,10.8359
2004-07-08,11.2381
2004-07-07,11.5878
2004-07-06,11.9366
2004-07-05,12.3857
2004-07-02,12.8649
2004-07-01,12.7604
2004-06-30,12.7430
2004-06-29,12.8377
2004-06-28,12.9374
2004-06-25,12.7610
2004-06-24,12.5521
2004-06-23,12.6672
2004-06-22,12.7884
2004-06-21,13.0548
2004-06-18,13.3412
2004-06-17,13.6001
2004-06-16,13.8199
2004-06-15,14.1802
2004-06-14,14.5595
2004-06-11,14.2827
2004-06-10,14.0741
2004-06-09,13.9172
2004-06-08,13.7521
2004-06-07,13.7175
2004-06-04,14.4106
2004-06-03,14.8415
2004-06-02,15.5888
2004-06-01,16.3404
2004-05-31,17.1316
2004-05-28,17.8972
2004-05-27,17.4751
2004-05-26,17.1288
2004-05-25,16.7643
2004-05-24,16.5452
2004-05-21,16.3146
2004-05-20,16.0718
2004-05-19,15.8162
2004-05-18,16.5296
2004-05-17,16.5428
2004-05-14,15.9747
2004-05-13,16.1533
2004-05-12,16.3413
2004-05-11,16.7054
2004-05-10,16.8297
2004-05-07,16.9606
2004-05-06,16.1671
2004-05-05,15.5676
2004-05-04,15.2393
2004-05-03,15.1242
2004-04-30,15.3210
2004-04-29,15.5282
2004-04-28,15.8194
2004-04-27,16.1259
2004-04-26,16.3734
2004-04-23,16.0602
2004-04-22,15.7306
2004-04-21,15.4990
2004-04-20,15.3122
2004-04-19,15.1155
2004-04-16,14.5875
2004-04-15,14.3932
2004-04-14,14.2770
2004-04-13,14.8297
2004-04-12,15.4115
2004-04-09,16.1764
2004-04-08,17.0208
2004-04-07,17.8463
2004-04-06,17.5851
2004-04-05,17.4244
2004-04-02,17.2553
2004-04-01,16.8260
2004-03-31,16.6920
2004-03-30,16.8524
2004-03-29,17.0762
2004-03-26,17.3117
2004-03-25,16.6127
2004-03-24,16.8137
2004-03-23,16.9025
2004-03-22,16.6309
2004-03-19,16.4781
2004-03-18,16.3172
2004-03-17,16.6705
2004-03-16,17.1657
2004-03-15,17.6869
2004-03-12,18.5658
2004-03-11,19.2604
2004-03-10,20.1349
2004-03-09,20.6686
2004-03-08,21.1372
2004-03-05,21.7670
2004-03-04,22.2661
2004-03-03,22.7547
2004-03-02,23.3062
2004-03-01,23.5258
2004-02-27,23.7570
2004-02-26,23.4352
2004-02-25,23.1963
2004-02-24,22.7381
2004-02-23,21.8920
2004-02-20,21.0341
2004-02-19,20.0482
2004-02-18,19.7400
2004-02-17,19.4586
2004-02-16,19.1624
2004-02-13,19.0279
2004-02-12,18.6985
2004-02-11,18.4062
2004-02-10,18.0812
2004-02-09,17.7391
2004-02-06,17.0827
2004-02-05,16.8971
2004-02-04,16.8060
2004-02-03,16.7100
2004-02-02,15.6971
2004-01-30,15.1468
2004-01-29,14.5498
2004-01-28,14.1672
2004-01-27,14.0038
2004-01-26,13.8438
2004-01-23,13.8764
2004-01-22,13.7346
2004-01-21,13.2545
2004-01-20,13.0812
2004-01-19,13.4078
2004-01-16,13.5563
2004-01-15,14.2075
2004-01-14,14.7718
2004-01-13,15.3658
2004-01-12,15.7372
2004-01-09,16.1283
2004-01-08,16.8576
2004-01-07,17.4699
2004-01-06,18.1144
2004-01-05,18.7815
2004-01-02,19.3283
2004-01-01,19.8720
2003-12-31,20.5692
2003-12-30,21.6027
2003-12-29,22.6373
2003-12-26,23.3680
2003-12-25,24.1680
2003-12-24,24.5939
2003-12-23,25.3624
2003-12-22,25.9737
2003-12-19,26.3572
2003-12-18,26.7374
2003-12-17,26.8547
2003-12-16,26.9781
2003-12-15,27.6009
2003-12-12,28.5453
2003-12-11,29.1964
2003-12-10,29.8819
2003-12-09,29.8188
2003-12-08,29.7524
2003-12-05,29.3643
2003-12-04,28.6979
2003-12-03,27.9964
2003-12-02,26.1602
2003-12-01,24.4267
2003-11-28,23.5124
2003-11-27,23.1448
2003-11-26,23.1388
2003-11-25,22.5604
2003-11-24,22.1863
2003-11-21,21.9941
2003-11-20,21.9180
2003-11-19,21.3264
2003-11-18,20.7624
2003-11-17,20.0977
2003-11-14,19.6454
2003-11-13,19.6152
2003-11-12,19.0674
2003-11-11,18.4908
2003-11-10,18.3965
2003-11-07,18.5736
2003-11-06,19.2851
2003-11-05,19.2552
2003-11-04,19.4511
2003-11-03,19.0668
2003-10-31,18.3733
2003-10-30,18.4587
2003-10-29,18.8917
2003-10-28,19.1740
2003-10-27,19.4713
2003-10-24,19.3263
2003-10-23,19.1737
2003-10-22,18.6004
2003-10-21,18.0953
2003-10-20,17.2395
2003-10-17,16.3387
2003-10-16,15.3905
2003-10-15,14.6797
2003-10-14,13.9316
2003-10-13,13.4910
2003-10-10,13.4986
2003-10-09,13.8404
2003-10-08,14.4152
2003-10-07,15.0203
2003-10-06,15.0245
2003-10-03,15.0290
2003-10-02,15.4195
2003-10-01,15.9632
2003-09-30,16.4950
2003-09-29,17.0392
2003-09-26,17.7635
2003-09-25,18.5259
2003-09-24,19.3285
2003-09-23,20.0394
2003-09-22,20.6739
2003-09-19,21.3283
2003-09-18,22.0172
2003-09-17,23.1530
2003-09-16,23.9340
2003-09-15,25.0554
2003-09-12,26.2359
2003-09-11,27.1925
2003-09-10,27.9636
2003-09-09,28.7753
2003-09-08,28.5500
2003-09-05,28.3128
2003-09-04,28.6302
2003-09-03,28.9362
2003-09-02,28.4278
2003-09-01,28.2752
2003-08-29,27.9812
2003-08-28,27.6717
2003-08-27,27.4234
2003-08-26,27.2407
2003-08-25,27.0483
2003-08-22,26.6932
2003-08-21,25.7493
2003-08-20,25.1471
2003-08-19,24.4829
2003-08-18,23.7837
2003-08-15,23.0477
2003-08-14,22.7793
2003-08-13,22.7131
2003-08-12,22.7262
2003-08-11,22.5203
2003-08-08,22.3035
2003-08-07,21.5648
2003-08-06,20.7873
2003-08-05,20.3531
2003-08-04,19.4907
2003-08-01,18.5829
2003-07-31,18.2711
2003-07-30,17.9429
2003-07-29,18.0914
2003-07-28,18.2476
2003-07-25,18.9212
2003-07-24,19.5071
2003-07-23,19.8269
2003-07-22,20.3774
2003-07-21,20.7433
2003-07-18,20.7689
2003-07-17,20.7958
2003-07-16,20.5465
2003-07-15,20.3685
2003-07-14,20.2553
2003-07-11,20.4846
2003-07-10,21.0121
2003-07-09,21.5865
2003-07-08,21.5909
2003-07-07,21.5956
2003-07-04,21.8400
2003-07-03,21.5868
2003-07-02,21.3204
2003-07-01,21.2884
2003-06-30,21.2547
2003-06-27,21.5281
2003-06-26,21.8159
2003-06-25,22.1072
2003-06-24,22.0481
2003-06-23,21.8495
2003-06-20,21.6404
2003-06-19,21.4203
2003-06-18,21.1887
2003-06-17,21.8492
2003-06-16,22.9711
2003-06-13,24.0376
2003-06-12,25.1601
2003-06-11,26.2028
2003-06-10,27.3990
2003-06-09,28.3849
2003-06-06,29.5472
2003-06-05,30.7707
2003-06-04,31.9494
2003-06-03,33.1901
2003-06-02,32.5951
2003-05-30,31.4209
2003-05-29,30.1848
2003-05-28,29.4095
2003-05-27,28.4044
2003-05-26,27.7942
2003-05-23,27.2225
2003-05-22,26.6207
2003-05-21,26.5107
2003-05-20,26.7747
2003-05-19,27.0526
2003-05-16,27.3450
2003-05-15,27.0529
2003-05-14,25.6597
2003-05-13,24.3074
2003-05-12,23.1379
2003-05-09,21.3571
2003-05-08,19.6451
2003-05-07,18.4852
2003-05-06,17.2641
2003-05-05,15.8885
2003-05-02,14.4404
2003-05-01,13.9504
2003-04-30,13.4316
2003-04-29,13.2315
2003-04-28,12.5378
2003-04-25,11.8993
2003-04-24,11.2272
2003-04-23,10.6543
2003-04-22,10.0512
2003-04-21,9.9976
2003-04-18,9.7070
2003-04-17,9.6931
2003-04-16,9.6784
2003-04-15,10.0872
2003-04-14,10.2445
2003-04-11,10.5722
2003-04-10,10.8675
2003-04-09,11.3685
2003-04-08,11.8516
2003-04-07,12.3746
2003-04-04,12.9490
2003-04-03,13.5537
2003-04-02,13.6974
2003-04-01,13.9650
2003-03-31,14.5316
2003-03-28,14.1384
2003-03-27,14.3865
2003-03-26,14.6476
2003-03-25,14.9224
2003-03-24,15.2117
2003-03-21,15.3609
2003-03-20,15.5850
2003-03-19,16.0552
2003-03-18,15.8755
2003-03-17,15.6863
2003-03-14,15.7184
2003-03-13,15.7522
2003-03-12,15.4148
2003-03-11,15.0597
2003-03-10,15.5738
2003-03-07,16.1323
2003-03-06,16.7202
2003-03-05,17.1285
2003-03-04,17.9960
2003-03-03,18.9091
2003-02-28,19.2141
2003-02-27,19.9337
2003-02-26,20.6912
2003-02-25,21.4886
2003-02-24,21.7168
2003-02-21,22.0678
2003-02-20,22.4154
2003-02-19,22.5336
2003-02-18,22.8621
2003-02-17,22.8564
2003-02-14,22.7539
2003-02-13,22.6459
2003-02-12,22.2581
2003-02-11,21.9007
2003-02-10,22.3907
2003-02-07,22.9065
2003-02-06,22.7183
2003-02-05,22.3100
2003-02-04,21.9406
2003-02-03,21.6821
2003-01-31,21.3608
2003-01-30,21.3962
2003-01-29,21.4577
2003-01-28,21.6296
2003-01-27,21.8107
2003-01-24,21.8196
2003-01-23,21.8064
2003-01-22,21.6348
2003-01-21,21.2504
2003-01-20,20.6409
2003-01-17,20.1226
2003-01-16,19.3998
2003-01-15,17.9608
2003-01-14,16.4461
2003-01-13,15.0371
2003-01-10,14.6359
2003-01-09,13.9263
2003-01-08,14.0047
2003-01-07,14.0662
2003-01-06,14.2020
2003-01-03,14.7963
2003-01-02,14.8309
2003-01-01,14.8673
2002-12-31,14.4506
2002-12-30,14.6876
2002-12-27,15.2494
2002-12-26,15.7427
2002-12-25,16.4166
2002-12-24,16.9226
2002-12-23,17.4889
2002-12-20,18.2446
2002-12-19,18.8145
2002-12-18,19.4144
2002-12-17,19.9201
2002-12-16,20.4524
2002-12-13,20.4436
2002-12-12,20.5217
2002-12-11,20.7086
2002-12-10,20.9522
2002-12-09,20.9584
2002-12-06,20.9649
2002-12-05,20.2202
2002-12-04,19.7107
2002-12-03,19.0195
2002-12-02,18.2920
2002-11-29,16.8163
2002-11-28,15.6096
2002-11-27,14.4994
2002-11-26,13.3308
2002-11-25,12.3830
2002-11-22,11.3701
2002-11-21,10.3618
2002-11-20,9.8774
2002-11-19,9.4043
2002-11-18,8.9828
2002-11-15,8.4258
2002-11-14,7.8395
2002-11-13,7.8840
2002-11-12,7.8794
2002-11-11,7.9486
2002-11-08,8.2607
2002-11-07,8.1878
2002-11-06,8.0706
2002-11-05,8.4885
2002-11-04,8.8422
2002-11-01,9.2145
2002-10-31,9.2616
2002-10-30,9.2897
2002-10-29,9.4118
2002-10-28,8.6598
2002-10-25,8.3169
2002-10-24,8.1005
2002-10-23,7.9953
2002-10-22,7.8846
2002-10-21,7.9842
2002-10-18,7.8937
2002-10-17,7.7985
2002-10-16,8.1604
2002-10-15,8.5413
2002-10-14,8.7818
2002-10-11,8.9084
2002-10-10,9.2517
2002-10-09,8.5733
2002-10-08,7.8592
2002-10-07,7.4721
2002-10-04,7.1235
2002-10-03,6.7565
2002-10-02,6.4892
2002-10-01,6.4360
2002-09-30,6.3261
2002-09-27,6.3517
2002-09-26,6.4428
2002-09-25,6.5578
2002-09-24,6.7775
2002-09-23,6.9588
2002-09-20,7.1495
2002-09-19,6.9671
2002-09-18,6.8887
2002-09-17,6.7885
2002-09-16,6.6830
2002-09-13,6.7726
2002-09-12,6.8862
2002-09-11,7.0792
2002-09-10,6.9935
2002-09-09,6.9032
2002-09-06,6.7798
2002-09-05,6.6474
2002-09-04,6.9948
2002-09-03,7.3356
2002-09-02,7.6943
2002-08-30,8.0718
2002-08-29,8.2856
2002-08-28,8.7042
2002-08-27,9.0163
2002-08-26,9.4120
2002-08-23,9.7269
2002-08-22,10.1862
2002-08-21,10.6940
2002-08-20,11.2284
2002-08-19,11.6392
2002-08-16,12.0240
2002-08-15,12.5526
2002-08-14,13.1581
2002-08-13,13.7007
2002-08-12,14.2719
2002-08-09,14.6599
2002-08-08,15.2891
2002-08-07,15.9514
2002-08-06,16.5762
2002-08-05,17.2081
2002-08-02,17.8733
2002-08-01,18.4995
2002-07-31,19.1586
2002-07-30,19.3831
2002-07-29,19.6016
2002-07-26,19.8316
2002-07-25,20.4817
2002-07-24,20.6023
2002-07-23,20.7293
2002-07-22,21.3373
2002-07-19,21.8877
2002-07-18,22.4589
2002-07-17,22.9434
2002-07-16,23.1568
2002-07-15,22.8284
2002-07-12,23.4675
2002-07-11,24.3910
2002-07-10,25.3632
2002-07-09,26.3787
2002-07-08,26.4131
2002-07-05,26.5886
2002-07-04,26.8772
2002-07-03,27.1809
2002-07-02,27.6199
2002-07-01,28.0819
2002-06-28,28.6438
2002-06-27,29.4756
2002-06-26,30.3817
2002-06-25,31.3354
2002-06-24,31.1552
2002-06-21,30.9655
2002-06-20,30.5454
2002-06-19,30.1032
2002-06-18,29.5652
2002-06-17,28.6881
2002-06-14,27.7649
2002-06-13,27.0553
2002-06-12,26.4352
2002-06-11,25.6459
2002-06-10,24.8151
2002-06-07,24.3398
2002-06-06,23.8394
2002-06-05,24.2487
2002-06-04,24.8549
2002-06-03,25.4929
2002-05-31,25.9965
2002-05-30,26.6552
2002-05-29,27.4780
2002-05-28,27.9223
2002-05-27,28.3901
2002-05-24,28.8824
2002-05-23,29.5787
2002-05-22,30.4183
2002-05-21,31.3542
2002-05-20,31.9969
2002-05-17,32.6664
2002-05-16,33.9601
2002-05-15,33.5991
2002-05-14,32.7916
2002-05-13,31.8749
2002-05-10,30.8564
2002-05-09,29.9992
2002-05-08,29.2161
2002-05-07,27.3181
2002-05-06,25.2199
2002-05-03,23.0575
2002-05-02,21.3012
2002-05-01,19.5878
2002-04-30,18.9129
2002-04-29,18.2318
2002-04-26,17.5147
2002-04-25,17.9854
2002-04-24,18.4808
2002-04-23,19.0219
2002-04-22,19.5915
2002-04-19,20.4560
2002-04-18,21.5011
2002-04-17,21.9042
2002-04-16,22.2080
2002-04-15,22.5596
2002-04-12,22.9297
2002-04-11,23.7772
2002-04-10,24.5913
2002-04-09,25.4483
2002-04-08,25.8326
2002-04-05,26.7003
2002-04-04,27.7818
2002-04-03,28.2655
2002-04-02,29.2095
2002-04-01,30.2161
2002-03-29,31.0650
2002-03-28,32.0158
2002-03-27,33.0194
2002-03-26,34.0165
2002-03-25,35.0661
2002-03-22,36.4513
2002-03-21,37.9469
2002-03-20,39.5212
2002-03-19,40.4500
2002-03-18,41.4276
2002-03-15,41.3543
2002-03-14,41.5773
2002-03-13,41.8120
2002-03-12,41.6146
2002-03-11,41.1180
2002-03-08,41.0614
2002-03-07,41.4994
2002-03-06,41.9604
2002-03-05,42.6660
2002-03-04,43.3113
2002-03-01,44.0674
2002-02-28,44.9977
2002-02-27,45.9889
2002-02-26,47.0323
2002-02-25,47.6989
2002-02-22,48.5292
2002-02-21,48.9685
2002-02-20,49.4311
2002-02-19,49.9179
2002-02-18,48.4356
2002-02-15,46.8752
2002-02-14,45.8784
2002-02-13,45.0780
2002-02-12,44.4594
2002-02-11,44.0717
2002-02-08,44.0999
2002-02-07,44.5455
2002-02-06,45.1710
2002-02-05,46.1016
2002-02-04,47.1049
2002-02-01,48.0187
2002-01-31,49.3174
2002-01-30,50.6845
2002-01-29,51.5103
2002-01-28,51.0822
2002-01-25,51.0003
2002-01-24,50.5074
2002-01-23,49.5622
2002-01-22,48.5852
2002-01-21,48.1064
2002-01-18,47.6024
2002-01-17,46.0418
2002-01-16,44.3990
2002-01-15,43.0529
2002-01-14,41.5078
2002-01-11,40.6929
2002-01-10,40.1188
2002-01-09,39.6758
2002-01-08,40.0959
2002-01-07,40.5382
2002-01-04,40.5166
2002-01-03,40.7552
2002-01-02,41.0064
2002-01-01,41.5609
2001-12-31,41.9363
2001-12-28,42.3314
2001-12-27,42.3211
2001-12-26,42.5792
2001-12-25,43.0085
2001-12-24,43.4603
2001-12-21,44.1468
2001-12-20,44.4573
2001-12-19,44.6220
2001-12-18,44.5008
2001-12-17,44.3732
2001-12-14,44.4787
2001-12-13,44.6828
2001-12-12,44.8977
2001-12-11,45.1239
2001-12-10,44.9370
2001-12-07,44.7922
2001-12-06,44.6398
2001-12-05,44.2167
2001-12-04,43.5853
2001-12-03,43.0045
2001-11-30,42.3931
2001-11-29,41.8739
2001-11-28,41.3241
2001-11-27,40.2227
2001-11-26,39.0633
2001-11-23,37.8428
2001-11-22,36.6238
2001-11-21,35.3928
2001-11-20,34.1431
2001-11-19,32.6147
2001-11-16,30.9657
2001-11-15,29.2755
2001-11-14,27.4964
2001-11-13,25.6222
2001-11-12,23.0652
2001-11-09,20.2528
2001-11-08,17.3128
2001-11-07,14.8759
2001-11-06,12.3108
2001-11-05,12.7433
2001-11-02,12.8216
2001-11-01,12.5918
2001-10-31,12.3499
2001-10-30,12.2142
2001-10-29,12.4945
2001-10-26,12.7692
2001-10-25,13.0585
2001-10-24,13.4417
2001-10-23,14.1039
2001-10-22,14.6811
2001-10-19,14.9601
2001-10-18,15.5804
2001-10-17,16.0613
2001-10-16,16.3818
2001-10-15,16.3184
2001-10-12,16.2613
2001-10-11,16.3836
2001-10-10,16.5682
2001-10-09,16.8648
2001-10-08,17.1770
2001-10-05,17.4593
2001-10-04,17.4470
2001-10-03,17.7244
2001-10-02,17.8579
2001-10-01,17.6330
2001-09-28,17.7257
2001-09-27,16.8918
2001-09-26,16.0140
2001-09-25,15.5136
2001-09-24,14.9959
2001-09-21,15.1231
2001-09-20,15.1658
2001-09-19,15.2107
2001-09-18,15.5962
2001-09-17,16.0688
2001-09-14,16.1260
2001-09-13,16.1572
2001-09-12,15.9051
2001-09-11,15.5413
2001-09-10,15.1583
2001-09-07,15.0114
2001-09-06,14.8379
2001-09-05,14.4007
2001-09-04,13.6211
2001-09-03,13.3088
2001-08-31,13.0758
2001-08-30,12.8986
2001-08-29,12.7481
2001-08-28,12.5350
2001-08-27,12.3108
2001-08-24,11.6356
2001-08-23,10.9250
2001-08-22,10.7911
2001-08-21,10.9898
2001-08-20,11.1989
2001-08-17,10.9400
2001-08-16,10.5101
2001-08-15,10.5254
2001-08-14,10.5415
2001-08-13,10.6509
2001-08-10,10.8857
2001-08-09,10.7625
2001-08-08,10.6328
2001-08-07,11.0236
2001-08-06,11.5076
2001-08-03,11.5655
2001-08-02,11.6493
2001-08-01,11.9683
2001-07-31,12.0968
2001-07-30,12.2320
2001-07-27,12.6700
2001-07-26,13.1311
2001-07-25,13.6165
2001-07-24,13.8439
2001-07-23,14.2094
2001-07-20,14.5940
2001-07-19,15.2501
2001-07-18,15.9279
2001-07-17,16.3120
2001-07-16,17.1453
2001-07-13,17.5694
2001-07-12,18.1689
2001-07-11,19.1208
2001-07-10,19.9916
2001-07-09,20.9500
2001-07-06,21.6162
2001-07-05,21.7228
2001-07-04,21.8350
2001-07-03,21.0468
2001-07-02,20.2367
2001-06-29,19.2530
2001-06-28,18.6177
2001-06-27,17.9401
2001-06-26,17.2462
2001-06-25,16.2342
2001-06-22,15.4296
2001-06-21,14.5212
2001-06-20,13.5650
2001-06-19,12.9717
2001-06-18,12.0718
2001-06-15,11.3893
2001-06-14,10.8324
2001-06-13,10.2462
2001-06-12,9.8526
2001-06-11,10.3526
2001-06-08,10.8789
2001-06-07,11.3285
2001-06-06,11.4151
2001-06-05,11.5062
2001-06-04,11.8863
2001-06-01,12.2864
2001-05-31,12.7075
2001-05-30,13.1021
2001-05-29,13.7834
2001-05-28,14.2985
2001-05-25,14.2400
2001-05-24,14.5418
2001-05-23,14.8595
2001-05-22,14.8426
2001-05-21,14.6209
2001-05-18,14.3876
2001-05-17,14.7784
2001-05-16,15.1898
2001-05-15,15.1233
2001-05-14,15.0533
2001-05-11,15.4258
2001-05-10,15.8179
2001-05-09,16.2868
2001-05-08,16.7417
2001-05-07,16.8815
2001-05-04,16.7006
2001-05-03,16.8364
2001-05-02,16.5383
2001-05-01,16.2245
2001-04-30,15.1666
2001-04-27,14.0409
2001-04-26,13.3098
2001-04-25,12.5401
2001-04-24,11.9312
2001-04-23,11.8805
2001-04-20,11.2654
2001-04-19,10.7997
2001-04-18,10.3938
2001-04-17,9.9665
2001-04-16,10.1889
2001-04-13,10.5434
2001-04-12,10.9166
2001-04-11,11.3095
2001-04-10,11.5847
2001-04-09,11.8594
2001-04-06,12.1131
2001-04-05,12.3803
2001-04-04,12.9578
2001-04-03,13.1407
2001-04-02,13.3333
2001-03-30,13.7523
2001-03-29,13.7643
2001-03-28,13.7770
2001-03-27,14.2725
2001-03-26,14.7940
2001-03-23,15.4019
2001-03-22,16.0418
2001-03-21,16.8711
2001-03-20,17.4523
2001-03-19,18.2767
2001-03-16,19.1445
2001-03-15,19.7465
2001-03-14,20.1789
2001-03-13,20.1829
2001-03-12,20.1873
2001-03-09,20.3608
2001-03-08,20.8640
2001-03-07,21.3252
2001-03-06,21.9230
2001-03-05,22.5523
2001-03-02,22.8559
2001-03-01,23.1755
2001-02-28,23.1489
2001-02-27,22.9398
2001-02-26,22.5799
2001-02-23,22.4455
2001-02-22,22.3187
2001-02-21,21.7280
2001-02-20,21.1063
2001-02-19,20.6676
2001-02-16,20.0479
2001-02-15,19.3957
2001-02-14,19.1623
2001-02-13,18.8417
2001-02-12,18.5690
2001-02-09,18.2820
2001-02-08,18.1948
2001-02-07,18.2990
2001-02-06,18.3459
2001-02-05,18.3320
2001-02-02,18.4198
2001-02-01,18.4170
2001-01-31,18.6484
2001-01-30,18.9244
2001-01-29,19.0106
2001-01-26,19.0071
2001-01-25,19.1127
2001-01-24,18.9845
2001-01-23,18.8495
2001-01-22,18.7370
2001-01-19,18.6988
2001-01-18,18.6586
2001-01-17,18.4710
2001-01-16,17.9872
2001-01-15,17.4779
2001-01-12,17.7758
2001-01-11,17.9279
2001-01-10,18.2565
2001-01-09,18.4121
2001-01-08,18.5759
2001-01-05,18.7483
2001-01-04,19.2531
2001-01-03,19.7845
2001-01-02,20.1734
2001-01-01,20.5594
2000-12-29,20.9714
2000-12-28,21.4586
2000-12-27,21.9714
2000-12-26,22.3630
2000-12-25,22.7751
2000-12-22,23.1126
2000-12-21,23.7065
2000-12-20,24.3796
2000-12-19,24.7391
2000-12-18,25.1176
2000-12-15,25.0574
2000-12-14,25.2306
2000-12-13,24.7084
2000-12-12,23.3979
2000-12-11,22.4470
2000-12-08,21.6547
2000-12-07,20.6527
2000-12-06,19.7379
2000-12-05,18.9748
2000-12-04,18.3699
2000-12-01,17.4842
2000-11-30,16.5518
2000-11-29,15.9428
2000-11-28,15.2626
2000-11-27,14.6746
2000-11-24,14.0920
2000-11-23,13.4787
2000-11-22,12.2278
2000-11-21,10.9625
2000-11-20,10.4072
2000-11-17,9.8227
2000-11-16,9.2074
2000-11-15,9.5604
2000-11-14,9.8895
2000-11-13,10.2937
2000-11-10,10.6794
2000-11-09,11.1251
2000-11-08,11.6266
2000-11-07,12.0188
2000-11-06,11.2044
2000-11-03,11.4470
2000-11-02,11.7022
2000-11-01,11.9710
2000-10-31,12.2507
2000-10-30,12.6491
2000-10-27,13.1272
2000-10-26,13.6304
2000-10-25,14.1086
2000-10-24,14.6120
2000-10-23,15.0510
2000-10-20,15.4783
2000-10-19,16.0029
2000-10-18,16.8448
2000-10-17,17.4370
2000-10-16,18.2976
2000-10-13,19.2035
2000-10-12,19.5338
2000-10-11,20.2873
2000-10-10,20.9242
2000-10-09,21.5948
2000-10-06,22.4940
2000-10-05,22.7483
2000-10-04,23.3362
2000-10-03,23.6980
2000-10-02,24.1174
2000-09-29,24.6422
2000-09-28,25.1946
2000-09-27,26.2007
2000-09-26,26.7614
2000-09-25,27.4260
2000-09-22,28.1256
2000-09-21,27.3367
2000-09-20,26.5418
2000-09-19,25.4462
2000-09-18,24.2954
2000-09-15,23.0929
2000-09-14,21.6843
2000-09-13,20.2015
2000-09-12,18.6853
2000-09-11,17.1492
2000-09-08,15.5322
2000-09-07,16.2381
2000-09-06,16.4513
2000-09-05,16.3824
2000-09-04,16.2150
2000-09-01,16.0388
2000-08-31,15.6932
2000-08-30,15.3297
2000-08-29,15.1614
2000-08-28,14.9842
2000-08-25,14.8740
2000-08-24,14.6912
2000-08-23,14.7134
2000-08-22,14.6940
2000-08-21,14.7801
2000-08-18,14.7794
2000-08-17,14.7808
2000-08-16,14.6363
2000-08-15,14.4979
2000-08-14,14.3108
2000-08-11,14.0335
2000-08-10,13.7504
2000-08-09,13.2675
2000-08-08,12.7317
2000-08-07,12.8084
2000-08-04,12.8892
2000-08-03,12.6994
2000-08-02,12.4996
2000-08-01,12.0893
2000-07-31,11.6380
2000-07-28,11.1630
2000-07-27,11.1401
2000-07-26,11.4398
2000-07-25,11.6585
2000-07-24,11.8886
2000-07-21,12.0727
2000-07-20,11.8244
2000-07-19,11.7253
2000-07-18,11.6209
2000-07-17,11.5789
2000-07-14,11.4654
2000-07-13,11.2052
2000-07-12,11.4075
2000-07-11,11.6460
2000-07-10,11.8389
2000-07-07,12.0479
2000-07-06,12.2609
2000-07-05,12.4570
2000-07-04,12.9182
2000-07-03,13.2140
2000-06-30,13.8996
2000-06-29,14.5111
2000-06-28,14.5389
2000-06-27,14.5582
2000-06-26,14.5980
2000-06-23,15.3445
2000-06-22,14.8011
2000-06-21,14.3359
2000-06-20,13.8462
2000-06-19,14.2089
2000-06-16,13.7675
2000-06-15,13.3086
2000-06-14,12.9287
2000-06-13,12.5287
2000-06-12,12.1725
2000-06-09,12.6247
2000-06-08,12.6565
2000-06-07,12.5660
2000-06-06,12.3608
2000-06-05,12.0006
2000-06-02,11.6241
2000-06-01,11.2278
2000-05-31,10.8372
2000-05-30,10.9316
2000-05-29,10.8961
2000-05-26,10.9328
2000-05-25,10.9715
2000-05-24,10.6160
2000-05-23,10.2418
2000-05-22,9.8479
2000-05-19,9.7548
2000-05-18,9.5991
2000-05-17,8.9974
2000-05-16,8.6511
2000-05-15,8.5390
2000-05-12,8.4210
2000-05-11,8.3784
2000-05-10,8.2727
2000-05-09,8.6945
2000-05-08,8.3149
2000-05-05,7.9153
2000-05-04,7.5206
