time,RSI
2020-06-05,52.7473
2020-06-04,52.6386
2020-06-03,56.1277
2020-06-02,55.2929
2020-06-01,52.1979
2020-05-29,48.7674
2020-05-28,47.2159
2020-05-27,44.6581
2020-05-26,41.2144
2020-05-22,41.7284
2020-05-21,44.6572
2020-05-20,45.8304
2020-05-19,41.7210
2020-05-18,40.3129
2020-05-15,44.8006
2020-05-14,44.6536
2020-05-13,47.7854
2020-05-12,46.0820
2020-05-11,45.3799
2020-05-08,46.4993
2020-05-07,47.0044
2020-05-06,48.0290
2020-05-05,46.4267
2020-05-04,47.5176
2020-04-30,54.6630
2020-04-29,51.8096
2020-04-28,47.0095
2020-04-27,41.3727
2020-04-24,40.7414
2020-04-23,43.5941
2020-04-22,43.6168
2020-04-21,43.8217
2020-04-20,45.7821
2020-04-17,43.8445
2020-04-16,41.6592
2020-04-15,40.2892
2020-04-13,41.9944
2020-04-09,43.3822
2020-04-08,37.3991
2020-04-07,37.3056
2020-04-03,34.9063
2020-04-01,36.9528
2020-03-31,38.1025
2020-03-30,35.2842
2020-03-27,40.1908
2020-03-26,40.0170
2020-03-25,35.5091
2020-03-24,28.7266
2020-03-23,29.2723
2020-03-20,34.5994
2020-03-19,27.1976
2020-03-18,27.2517
2020-03-17,30.3184
2020-03-16,32.6440
2020-03-13,40.2359
2020-03-12,26.3071
2020-03-11,32.2464
2020-03-09,26.1539
2020-03-06,32.1662
2020-03-05,37.3086
2020-03-04,37.9486
2020-03-03,36.7551
2020-03-02,35.5890
2020-02-28,34.9619
2020-02-27,41.1052
2020-02-26,41.6357
2020-02-25,43.2479
2020-02-24,42.2374
2020-02-20,48.1824
2020-02-19,48.7250
2020-02-18,43.6979
2020-02-17,45.7643
2020-02-14,50.1597
2020-02-13,50.3792
2020-02-12,53.4016
2020-02-11,53.3218
2020-02-10,51.6754
2020-02-07,51.0014
2020-02-06,53.4298
2020-02-05,50.0565
2020-02-04,46.2124
2020-02-03,37.7679
2020-01-31,51.4774
2020-01-30,51.8846
2020-01-29,50.5711
2020-01-28,53.8628
2020-01-27,49.9206
2020-01-24,56.8703
2020-01-23,54.1463
2020-01-22,53.1177
2020-01-21,59.7912
2020-01-20,58.8377
2020-01-17,58.7011
2020-01-16,62.8451
2020-01-15,63.4020
2020-01-14,64.3983
2020-01-13,61.9953
2020-01-10,61.5025
2020-01-09,61.4157
2020-01-08,56.9303
2020-01-07,57.8056
2020-01-06,55.1276
2020-01-03,64.7196
2020-01-02,66.5103
2020-01-01,63.8148
2019-12-31,61.9970
2019-12-30,65.7124
2019-12-27,66.8196
2019-12-26,64.3582
2019-12-24,64.0985
2019-12-23,65.7352
2019-12-20,64.3710
2019-12-19,65.4255
2019-12-18,70.4863
2019-12-17,69.4447
2019-12-16,65.1995
2019-12-13,63.5951
2019-12-12,60.5372
2019-12-11,60.3906
2019-12-10,58.3610
2019-12-09,60.4791
2019-12-06,56.0367
2019-12-05,65.2207
2019-12-04,64.9096
2019-12-03,64.7770
2019-12-02,63.6010
2019-11-29,62.7109
2019-11-28,64.7009
2019-11-27,68.6381
2019-11-26,66.2440
2019-11-25,65.4723
2019-11-22,60.5455
2019-11-21,58.0483
2019-11-20,56.8670
2019-11-19,58.7177
2019-11-18,61.7244
2019-11-15,60.8046
2019-11-14,60.9261
2019-11-13,59.4369
2019-11-11,63.0098
2019-11-08,62.6577
2019-11-07,65.3434
2019-11-06,63.0947
2019-11-05,59.9569
2019-11-04,59.9528
2019-11-01,55.2963
2019-10-31,55.9459
2019-10-30,53.3871
2019-10-29,54.1034
2019-10-25,53.1507
2019-10-24,57.8561
2019-10-23,57.7324
2019-10-22,55.3630
2019-10-18,53.5794
2019-10-17,52.9596
2019-10-16,49.5448
2019-10-15,45.9439
2019-10-14,45.7743
2019-10-11,45.6361
2019-10-10,43.5334
2019-10-09,44.5426
2019-10-07,41.4576
2019-10-04,42.0178
2019-10-03,41.8379
2019-10-01,43.1905
2019-09-30,41.5386
2019-09-27,45.3340
2019-09-26,47.2949
2019-09-25,47.6721
2019-09-24,52.0544
2019-09-23,54.3390
2019-09-20,46.0700
2019-09-19,38.4210
2019-09-18,39.3843
2019-09-17,39.9086
2019-09-16,43.4389
2019-09-13,46.5285
2019-09-12,46.2702
2019-09-11,45.2745
2019-09-09,44.6379
2019-09-06,42.6672
2019-09-05,42.7795
2019-09-04,46.5061
2019-09-03,45.6849
2019-08-30,51.3022
2019-08-29,48.3253
2019-08-28,53.1079
2019-08-27,52.2691
2019-08-26,50.0990
2019-08-23,40.2972
2019-08-22,37.4158
2019-08-21,41.0910
2019-08-20,42.9958
2019-08-19,44.8751
2019-08-16,43.3265
2019-08-14,44.8359
2019-08-13,43.0588
2019-08-09,53.0550
2019-08-08,50.0359
2019-08-07,49.6450
2019-08-06,50.8365
2019-08-05,47.2690
2019-08-02,44.2135
2019-08-01,40.0545
2019-07-31,42.8929
2019-07-30,43.4626
2019-07-29,45.3247
2019-07-26,46.9578
2019-07-25,49.4463
2019-07-24,48.1606
2019-07-23,43.6216
2019-07-22,47.9987
2019-07-19,62.2088
2019-07-18,68.7990
2019-07-17,63.5087
2019-07-16,62.5710
2019-07-15,61.4838
2019-07-12,60.3908
2019-07-11,61.1554
2019-07-10,57.5318
2019-07-09,58.3365
2019-07-08,62.8001
2019-07-05,65.7680
2019-07-04,66.1646
2019-07-03,65.9696
2019-07-02,66.2862
2019-07-01,63.5464
2019-06-28,58.3255
2019-06-27,58.6748
2019-06-26,55.9045
2019-06-25,56.6327
2019-06-24,54.0785
2019-06-21,53.1687
2019-06-20,61.1409
2019-06-19,59.0805
2019-06-18,56.5094
2019-06-17,59.0348
2019-06-14,60.6670
2019-06-13,62.8793
2019-06-12,61.6321
2019-06-11,62.6613
2019-06-10,63.5406
2019-06-07,65.3104
2019-06-06,63.7087
2019-06-04,69.0391
2019-06-03,69.4301
2019-05-31,66.2721
2019-05-30,66.7717
2019-05-29,63.8569
2019-05-28,64.9010
2019-05-27,66.5976
2019-05-24,63.7347
2019-05-23,62.8132
2019-05-22,66.1689
2019-05-21,64.2454
2019-05-20,64.6738
2019-05-17,53.4612
2019-05-16,46.3850
2019-05-15,47.0126
2019-05-14,49.4335
2019-05-13,47.8257
2019-05-10,44.9796
2019-05-09,42.7415
2019-05-08,44.5520
2019-05-07,48.7329
2019-05-06,48.8018
2019-05-03,54.4868
2019-05-02,55.5363
2019-04-30,52.9537
2019-04-26,50.3451
2019-04-25,48.2534
2019-04-24,50.8746
2019-04-23,44.9051
2019-04-22,47.3240
2019-04-18,54.4292
2019-04-16,58.4391
2019-04-15,56.6577
2019-04-12,58.8544
2019-04-11,58.2342
2019-04-10,59.2744
2019-04-09,66.6177
2019-04-08,65.1688
2019-04-05,65.6974
2019-04-04,64.1999
2019-04-03,61.1814
2019-04-02,58.8388
2019-04-01,53.9861
2019-03-28,52.8230
2019-03-27,48.8375
2019-03-26,52.8563
2019-03-25,52.8727
2019-03-22,59.6616
2019-03-20,60.1943
2019-03-19,57.7228
2019-03-18,57.2194
2019-03-15,59.4916
2019-03-14,57.1081
2019-03-13,56.2590
2019-03-12,53.7408
2019-03-11,48.6894
2019-03-08,46.5449
2019-03-07,45.8306
2019-03-06,46.5949
2019-03-05,42.7038
2019-03-01,42.5262
2019-02-28,39.6687
2019-02-27,39.7324
2019-02-26,40.8954
2019-02-25,45.5678
2019-02-22,44.1288
2019-02-21,44.8822
2019-02-20,41.9044
2019-02-19,38.9290
2019-02-18,41.3125
2019-02-15,41.3796
2019-02-14,44.0978
2019-02-12,44.5748
2019-02-11,49.4129
2019-02-08,48.9097
2019-02-07,52.1462
2019-02-06,54.3223
2019-02-05,53.2843
2019-02-04,53.2843
2019-02-01,51.5046
2019-01-31,47.3213
2019-01-30,42.4953
2019-01-29,45.9840
2019-01-28,49.4343
2019-01-25,53.1189
2019-01-24,52.1194
2019-01-23,50.7903
2019-01-22,53.9011
2019-01-21,56.6350
2019-01-18,57.2683
2019-01-17,56.9020
2019-01-16,53.9521
2019-01-15,55.9538
2019-01-14,53.8268
2019-01-11,56.0203
2019-01-10,55.2028
2019-01-09,56.8628
2019-01-08,53.7143
2019-01-07,55.0310
2019-01-04,55.0474
2019-01-03,51.8410
2019-01-02,56.5215
2019-01-01,60.1777
2018-12-31,56.7372
2018-12-28,57.9503
2018-12-27,54.9175
2018-12-26,53.7620
2018-12-24,50.5548
2018-12-21,55.9425
2018-12-20,59.3317
2018-12-19,59.5812
2018-12-18,57.3947
2018-12-17,58.1100
2018-12-14,53.0101
2018-12-13,57.5876
2018-12-12,57.3330
2018-12-11,54.1215
2018-12-10,54.5549
2018-12-07,59.7759
2018-12-06,59.0802
2018-12-05,62.7971
2018-12-04,59.9938
2018-12-03,65.2185
2018-11-30,66.1461
2018-11-29,64.0245
2018-11-28,61.6523
2018-11-27,59.5149
2018-11-26,57.5595
2018-11-22,57.0356
2018-11-21,56.4442
2018-11-20,57.4864
2018-11-19,59.9336
2018-11-16,59.0948
2018-11-15,56.2466
2018-11-14,55.0911
2018-11-13,53.8792
2018-11-12,51.3686
2018-11-09,53.4513
2018-11-07,53.3196
2018-11-06,52.2901
2018-11-05,51.7551
2018-11-02,54.0098
2018-11-01,49.2321
2018-10-31,49.8697
2018-10-30,40.9104
2018-10-29,42.7679
2018-10-26,43.0568
2018-10-25,42.2726
2018-10-24,45.7343
2018-10-23,40.8017
2018-10-22,37.6345
2018-10-19,37.7055
2018-10-17,42.9527
2018-10-16,44.5712
2018-10-15,42.2689
2018-10-12,41.9093
2018-10-11,37.3197
2018-10-10,40.9713
2018-10-09,38.2307
2018-10-08,33.1765
2018-10-05,36.0922
2018-10-04,40.3982
2018-10-03,42.6135
2018-10-01,42.9918
2018-09-28,37.3010
2018-09-27,33.9261
2018-09-26,36.5718
2018-09-25,36.9885
2018-09-24,30.0745
2018-09-21,39.3027
2018-09-19,38.6608
2018-09-18,41.1839
2018-09-17,43.6120
2018-09-14,49.4963
2018-09-12,41.8379
2018-09-11,39.7454
2018-09-10,41.9700
2018-09-07,47.6617
2018-09-06,52.5364
2018-09-05,50.1386
2018-09-04,52.7660
2018-09-03,50.2571
2018-08-31,48.8923
2018-08-30,49.2308
2018-08-29,51.8481
2018-08-28,52.2157
2018-08-27,47.8643
2018-08-24,47.0200
2018-08-23,44.9889
2018-08-21,45.8638
2018-08-20,46.8274
2018-08-17,40.9866
2018-08-16,41.8614
2018-08-14,48.7314
2018-08-13,49.4222
2018-08-10,54.0976
2018-08-09,54.4580
2018-08-08,54.9840
2018-08-07,53.8371
2018-08-06,54.3755
2018-08-03,54.2244
2018-08-02,48.8604
2018-08-01,54.2799
2018-07-31,58.3398
2018-07-30,64.5206
2018-07-27,67.8855
2018-07-26,65.7488
2018-07-25,63.1062
2018-07-24,60.4820
2018-07-23,58.8285
2018-07-20,60.4691
2018-07-19,63.2148
2018-07-18,67.1052
2018-07-17,65.1482
2018-07-16,65.4531
2018-07-13,63.4317
2018-07-12,62.1747
2018-07-11,58.0530
2018-07-10,60.0926
2018-07-09,56.1693
2018-07-06,57.2662
2018-07-05,60.1916
2018-07-04,59.0957
2018-07-03,53.6359
2018-07-02,55.5396
2018-06-29,57.9714
2018-06-28,53.8734
2018-06-27,59.2983
2018-06-26,60.6263
2018-06-25,57.8595
2018-06-22,59.6229
2018-06-21,52.1590
2018-06-20,50.5569
2018-06-19,46.6871
2018-06-18,46.2948
2018-06-15,47.4864
2018-06-14,47.7533
2018-06-13,47.2160
2018-06-12,50.0197
2018-06-11,48.6372
2018-06-08,48.7523
2018-06-07,52.9750
2018-06-06,51.1385
2018-06-05,49.9777
2018-06-04,47.7510
2018-06-01,49.2982
2018-05-31,47.0245
2018-05-30,40.9986
2018-05-29,43.2640
2018-05-28,46.0975
2018-05-25,44.3225
2018-05-24,41.8716
2018-05-23,37.7373
2018-05-22,40.9813
2018-05-21,42.3542
2018-05-18,47.8380
2018-05-17,50.8382
2018-05-16,58.6516
2018-05-15,62.0790
2018-05-14,62.0790
2018-05-11,60.8866
2018-05-10,57.1734
2018-05-09,57.2450
2018-05-08,58.9472
2018-05-07,60.8065
2018-05-04,60.5560
2018-05-03,62.6734
2018-05-02,61.2004
2018-04-30,57.9111
2018-04-27,54.0765
2018-04-26,53.7930
2018-04-25,52.8320
2018-04-24,53.4723
2018-04-23,50.2732
2018-04-20,50.3689
2018-04-19,55.4259
2018-04-18,57.4558
2018-04-17,59.7397
2018-04-16,57.4212
2018-04-13,53.4382
2018-04-12,51.6984
2018-04-11,49.5402
2018-04-10,50.7192
2018-04-09,52.9266
2018-04-06,51.9909
2018-04-05,51.0804
2018-04-04,48.4628
2018-04-03,52.1202
2018-04-02,53.2578
2018-03-28,51.5369
2018-03-27,51.2318
2018-03-26,52.5990
2018-03-23,46.5630
2018-03-22,49.5171
2018-03-21,50.8665
2018-03-20,48.4227
2018-03-19,45.0406
2018-03-16,46.8661
2018-03-15,51.9912
2018-03-14,54.3173
2018-03-13,56.8453
2018-03-12,55.8903
2018-03-09,51.3969
2018-03-08,48.5384
2018-03-07,43.1315
2018-03-06,43.1556
2018-03-05,46.6908
2018-03-01,49.7022
2018-02-28,49.9926
2018-02-27,51.7291
2018-02-26,53.8706
2018-02-23,51.5412
2018-02-22,50.7452
2018-02-21,51.5562
2018-02-20,49.7604
2018-02-19,50.0137
2018-02-16,50.5595
2018-02-15,52.1245
2018-02-14,50.4256
2018-02-12,49.5435
2018-02-09,46.0478
2018-02-08,49.9811
2018-02-07,46.9866
2018-02-06,47.3888
2018-02-05,51.2497
2018-02-02,61.1269
2018-02-01,72.0907
2018-01-31,71.1852
2018-01-30,69.3981
2018-01-29,73.2424
2018-01-25,69.1233
2018-01-24,70.2170
2018-01-23,67.8741
2018-01-22,67.1622
2018-01-19,72.4393
2018-01-18,72.1667
2018-01-17,69.0437
2018-01-16,68.0083
2018-01-15,72.3510
2018-01-12,59.9111
2018-01-11,56.4055
2018-01-10,53.4863
2018-01-09,55.8311
2018-01-08,56.6054
2018-01-05,54.2767
2018-01-04,50.2736
2018-01-03,49.3255
2018-01-02,49.5499
2018-01-01,46.6002
2017-12-29,51.0460
2017-12-28,47.7814
2017-12-27,50.4977
2017-12-26,50.7209
2017-12-22,50.5794
2017-12-21,49.4394
2017-12-20,47.7304
2017-12-19,50.6864
2017-12-18,52.2227
2017-12-15,53.0870
2017-12-14,50.9180
2017-12-13,48.8916
2017-12-12,51.0691
2017-12-11,51.1269
2017-12-08,45.4929
2017-12-07,41.4738
2017-12-06,40.2540
2017-12-05,44.3600
2017-12-04,44.4800
2017-12-01,40.6091
2017-11-30,43.2328
2017-11-29,47.1286
2017-11-28,51.0825
2017-11-27,48.4810
2017-11-24,48.2899
2017-11-23,47.0636
2017-11-22,49.4957
2017-11-21,44.8450
2017-11-20,44.4123
2017-11-17,46.0306
2017-11-16,38.7961
2017-11-15,36.1517
2017-11-14,37.5258
2017-11-13,38.6221
2017-11-10,43.9071
2017-11-09,46.9283
2017-11-08,50.7977
2017-11-07,54.2537
2017-11-06,58.6744
2017-11-03,57.1953
2017-11-02,54.8180
2017-11-01,53.0008
2017-10-31,43.6703
2017-10-30,43.2200
2017-10-27,41.4166
2017-10-26,39.1013
2017-10-25,36.4106
2017-10-24,44.2179
2017-10-23,43.7576
2017-10-19,49.4790
2017-10-18,50.5793
2017-10-17,53.4702
2017-10-16,53.4490
2017-10-13,53.7755
2017-10-12,51.7557
2017-10-11,50.7539
2017-10-10,49.6399
2017-10-09,50.6099
2017-10-06,48.7555
2017-10-05,51.6174
2017-10-04,54.1859
2017-10-03,53.2852
2017-09-29,49.3073
2017-09-28,49.2227
2017-09-27,45.1031
2017-09-26,48.7931
2017-09-25,51.6452
2017-09-22,57.6368
2017-09-21,59.1253
2017-09-20,55.2810
2017-09-19,52.6676
2017-09-18,56.8079
2017-09-15,56.7989
2017-09-14,56.9332
2017-09-13,58.2080
2017-09-12,62.7976
2017-09-11,60.4308
2017-09-08,59.9635
2017-09-07,60.0940
2017-09-06,59.5362
2017-09-05,58.4536
2017-09-04,56.8541
2017-09-01,57.5248
2017-08-31,60.5457
2017-08-30,58.5008
2017-08-29,54.0537
2017-08-28,61.8124
2017-08-24,60.3025
2017-08-23,61.7891
2017-08-22,60.0456
2017-08-21,58.5182
2017-08-18,57.9841
2017-08-17,62.5763
2017-08-16,60.4373
2017-08-14,56.5814
2017-08-11,53.3605
2017-08-10,54.9575
2017-08-09,60.9675
2017-08-08,59.3862
2017-08-07,60.6776
2017-08-04,62.0230
2017-08-03,63.0240
2017-08-02,69.3718
2017-08-01,71.3959
2017-07-31,74.2759
2017-07-28,74.0772
2017-07-27,68.6673
2017-07-26,52.4193
2017-07-25,52.1843
2017-07-24,52.8894
2017-07-21,54.6027
2017-07-20,57.1336
2017-07-19,58.1991
2017-07-18,57.8398
2017-07-17,57.5938
2017-07-14,56.9754
2017-07-13,58.8385
2017-07-12,56.0206
2017-07-11,56.3985
2017-07-10,55.8408
2017-07-07,54.3592
2017-07-06,58.1268
2017-07-05,55.2101
2017-07-04,57.5368
2017-07-03,54.5244
2017-06-30,53.5174
2017-06-29,56.7195
2017-06-28,56.1721
2017-06-27,61.0059
2017-06-23,60.9357
2017-06-22,61.7487
2017-06-21,57.9712
2017-06-20,59.2021
2017-06-19,63.4884
2017-06-16,61.5833
2017-06-15,61.4130
2017-06-14,64.1566
2017-06-13,67.9702
2017-06-12,65.1508
2017-06-09,65.4574
2017-06-08,64.2238
2017-06-07,59.5978
2017-06-06,61.3554
2017-06-05,61.3363
2017-06-02,62.1442
2017-06-01,58.7214
2017-05-31,57.0512
2017-05-30,59.1703
2017-05-29,62.4071
2017-05-26,55.4959
2017-05-25,54.0142
2017-05-24,51.8173
2017-05-23,49.4112
2017-05-22,50.8991
2017-05-19,51.2089
2017-05-18,54.2428
2017-05-17,56.6382
2017-05-16,59.2243
2017-05-15,58.1879
2017-05-12,56.9134
2017-05-11,59.1597
2017-05-10,61.1399
2017-05-09,54.7188
2017-05-08,55.8704
2017-05-05,58.8959
2017-05-04,62.3330
2017-05-03,63.6439
2017-05-02,66.0036
2017-04-28,60.6587
2017-04-27,67.2935
2017-04-26,71.6291
2017-04-25,67.5048
2017-04-24,65.2143
2017-04-21,61.7181
2017-04-20,64.2439
2017-04-19,59.9455
2017-04-18,58.1614
2017-04-17,57.8346
2017-04-13,57.3037
2017-04-12,55.7676
2017-04-11,57.9118
2017-04-10,56.4517
2017-04-07,60.3046
2017-04-06,60.4062
2017-04-05,61.6337
2017-04-03,72.2568
2017-03-31,68.6046
2017-03-30,74.2760
2017-03-29,74.0502
2017-03-28,72.3578
2017-03-27,68.6101
2017-03-24,66.7259
2017-03-23,65.8005
2017-03-22,63.6410
2017-03-21,68.3597
2017-03-20,68.4830
2017-03-17,67.4080
2017-03-16,67.2634
2017-03-15,64.2565
2017-03-14,63.3873
2017-03-10,53.9532
2017-03-09,53.6728
2017-03-08,52.8100
2017-03-07,52.3404
2017-03-06,52.3742
2017-03-03,53.7126
2017-03-02,60.0322
2017-03-01,60.7510
2017-02-28,54.9282
2017-02-27,56.4159
2017-02-23,59.0593
2017-02-22,61.6165
2017-02-21,66.4914
2017-02-20,63.6824
2017-02-17,65.9986
2017-02-16,64.6357
2017-02-15,66.0376
2017-02-14,66.0376
2017-02-13,65.4803
2017-02-10,64.6820
2017-02-09,67.5343
2017-02-08,67.5343
2017-02-07,69.0626
2017-02-06,68.3829
2017-02-03,67.9950
2017-02-02,69.5141
2017-02-01,72.2989
2017-01-31,67.3725
2017-01-30,67.9751
2017-01-27,68.3852
2017-01-25,64.4577
2017-01-24,56.2517
2017-01-23,52.0359
2017-01-20,47.2387
2017-01-19,48.1878
2017-01-18,49.4214
2017-01-17,48.5272
2017-01-16,51.1125
2017-01-13,48.7305
2017-01-12,43.3773
2017-01-11,45.0242
2017-01-10,42.0732
2017-01-09,43.0929
2017-01-06,43.0703
2017-01-05,41.8416
2017-01-04,40.9663
2017-01-03,41.3679
2017-01-02,41.9360
2016-12-30,48.8142
2016-12-29,47.6047
2016-12-28,43.8321
2016-12-27,42.7899
2016-12-26,40.8158
2016-12-23,41.2431
2016-12-22,39.9908
2016-12-21,42.4128
2016-12-20,42.5757
2016-12-19,44.2155
2016-12-16,47.0518
2016-12-15,45.2594
2016-12-14,46.1107
2016-12-13,47.6487
2016-12-12,45.4011
2016-12-09,46.0072
2016-12-08,48.6390
2016-12-07,45.4294
2016-12-06,41.9938
2016-12-05,37.6440
2016-12-02,40.0749
2016-12-01,43.8127
2016-11-30,42.9247
2016-11-29,41.3825
2016-11-28,40.0014
2016-11-25,39.1009
2016-11-24,35.1206
2016-11-23,35.8419
2016-11-22,37.9356
2016-11-21,34.1450
2016-11-18,36.5969
2016-11-17,36.4285
2016-11-16,36.8657
2016-11-15,32.1938
2016-11-11,36.2597
2016-11-10,43.1855
2016-11-09,45.5108
2016-11-08,51.6557
2016-11-07,50.1561
2016-11-04,51.2025
2016-11-03,53.6594
2016-11-02,54.1732
2016-11-01,56.2787
2016-10-28,52.3381
2016-10-27,51.6567
2016-10-26,43.9743
2016-10-25,44.5197
2016-10-24,46.1947
2016-10-21,43.6182
2016-10-20,46.7862
2016-10-19,43.8753
2016-10-18,45.2201
2016-10-17,35.5915
2016-10-14,37.7698
2016-10-13,40.3986
2016-10-10,49.4624
2016-10-07,52.3485
2016-10-06,56.4774
2016-10-05,55.9332
2016-10-04,57.9171
2016-10-03,57.1917
2016-09-30,51.3181
2016-09-29,52.8329
2016-09-28,58.1149
2016-09-27,57.1805
2016-09-26,56.4867
2016-09-23,58.9806
2016-09-22,57.1416
2016-09-21,53.3270
2016-09-20,53.6143
2016-09-19,53.7263
2016-09-16,54.9663
2016-09-15,56.7070
2016-09-14,54.0865
2016-09-12,54.4924
2016-09-09,57.5854
2016-09-08,63.1562
2016-09-07,61.8805
2016-09-06,68.2043
2016-09-02,66.1632
2016-09-01,64.0762
2016-08-31,61.8918
2016-08-30,59.8524
2016-08-29,57.1467
2016-08-26,55.8060
2016-08-25,54.2459
2016-08-24,59.9792
2016-08-23,58.7034
2016-08-22,59.0742
2016-08-19,57.8693
2016-08-18,58.7827
2016-08-17,57.5449
2016-08-16,56.7553
2016-08-12,60.3341
2016-08-11,56.1648
2016-08-10,54.4426
2016-08-09,55.4033
2016-08-08,60.1575
2016-08-05,56.2684
2016-08-04,52.9389
2016-08-03,53.9620
2016-08-02,57.2104
2016-08-01,64.3876
2016-07-29,64.3680
2016-07-28,71.0165
2016-07-27,69.5211
2016-07-26,67.0993
2016-07-25,70.3597
2016-07-22,67.4050
2016-07-21,64.1034
2016-07-20,64.8822
2016-07-19,65.7699
2016-07-18,67.4992
2016-07-15,71.4492
2016-07-14,68.6719
2016-07-13,67.7210
2016-07-12,68.7971
2016-07-11,66.3820
2016-07-08,62.1391
2016-07-07,64.1977
2016-07-05,59.1421
2016-07-04,57.9203
2016-07-01,56.5137
2016-06-30,58.4286
2016-06-29,57.5632
2016-06-28,54.2643
2016-06-27,51.9661
2016-06-24,53.3830
2016-06-23,57.5911
2016-06-22,56.8473
2016-06-21,56.7728
2016-06-20,55.1121
2016-06-17,55.1518
2016-06-16,50.6845
2016-06-15,51.5216
2016-06-14,50.4363
2016-06-13,51.7804
2016-06-10,56.0958
2016-06-09,57.5666
2016-06-08,62.0292
2016-06-07,60.7246
2016-06-06,60.9759
2016-06-03,61.7134
2016-06-02,62.6704
2016-06-01,60.4556
2016-05-31,60.1691
2016-05-30,59.2123
2016-05-27,63.8823
2016-05-26,60.5931
2016-05-25,58.0929
2016-05-24,53.5039
2016-05-23,51.6037
2016-05-20,54.8749
2016-05-19,54.3960
2016-05-18,59.9997
2016-05-17,61.5388
2016-05-16,57.8444
2016-05-13,54.8180
2016-05-12,60.5080
2016-05-11,62.2467
2016-05-10,65.4431
2016-05-09,63.7147
2016-05-06,58.8005
2016-05-05,58.2471
2016-05-04,52.9921
2016-05-03,46.9046
2016-05-02,45.4670
2016-04-29,44.6336
2016-04-28,44.2649
2016-04-27,50.6878
2016-04-26,51.6355
2016-04-25,48.5411
2016-04-22,52.4236
2016-04-21,56.1516
2016-04-20,54.3140
2016-04-18,52.2661
2016-04-13,49.5362
2016-04-12,44.4883
2016-04-11,42.1714
2016-04-08,42.0328
2016-04-07,40.5899
2016-04-06,45.3578
2016-04-05,45.7707
2016-04-04,45.9002
2016-04-01,47.1500
2016-03-31,46.0178
2016-03-30,47.6336
2016-03-29,49.6457
2016-03-28,52.2697
2016-03-23,56.0071
2016-03-22,56.6645
2016-03-21,54.5337
2016-03-18,50.6550
2016-03-17,47.5266
2016-03-16,50.2674
2016-03-15,48.1978
2016-03-14,56.0410
2016-03-11,56.6042
2016-03-10,55.6395
2016-03-09,52.0944
2016-03-08,55.0009
2016-03-04,52.0258
2016-03-03,51.1695
2016-03-02,46.8771
2016-03-01,40.1324
2016-02-29,38.4351
2016-02-26,36.8161
2016-02-25,33.7221
2016-02-24,28.8197
2016-02-23,32.1786
2016-02-22,33.1231
2016-02-19,33.4317
2016-02-18,34.6191
2016-02-17,35.4750
2016-02-16,35.5252
2016-02-15,36.0092
2016-02-12,36.3087
2016-02-11,33.0510
2016-02-10,38.9380
2016-02-09,45.7527
2016-02-08,46.1003
2016-02-05,50.1766
2016-02-04,47.4199
2016-02-03,45.4959
2016-02-02,48.5306
2016-02-01,48.9335
2016-01-29,48.5751
2016-01-28,42.6602
2016-01-27,45.9935
2016-01-25,47.1421
2016-01-22,43.7542
2016-01-21,38.3359
2016-01-20,38.4559
2016-01-19,41.1167
2016-01-18,36.6281
2016-01-15,38.8806
2016-01-14,40.5467
2016-01-13,41.8049
2016-01-12,38.7735
2016-01-11,40.0832
2016-01-08,42.0242
2016-01-07,42.7509
2016-01-06,47.6230
2016-01-05,47.7403
2016-01-04,49.0193
2016-01-01,57.2493
2015-12-31,58.4677
2015-12-30,53.2667
2015-12-29,53.3853
2015-12-28,51.8195
2015-12-24,52.7457
2015-12-23,54.1802
2015-12-22,52.2754
2015-12-21,53.2041
2015-12-18,52.2102
2015-12-17,55.3306
2015-12-16,51.6603
2015-12-15,49.5263
2015-12-14,46.0253
2015-12-11,43.4603
2015-12-10,44.4679
2015-12-09,39.0805
2015-12-08,41.5133
2015-12-07,43.7472
2015-12-04,40.8260
2015-12-03,45.4634
2015-12-02,47.2446
2015-12-01,49.8303
2015-11-30,48.2913
2015-11-27,50.6416
2015-11-26,49.2595
2015-11-24,48.5754
2015-11-23,43.8647
2015-11-20,45.4780
2015-11-19,46.8654
2015-11-18,40.2510
2015-11-17,43.4751
2015-11-16,38.6109
2015-11-13,38.5289
2015-11-10,37.6129
2015-11-09,39.8929
2015-11-06,42.1258
2015-11-05,42.4710
2015-11-04,44.2297
2015-11-03,44.3634
2015-11-02,44.5267
2015-10-30,49.8745
2015-10-29,51.0393
2015-10-28,51.3381
2015-10-27,52.7743
2015-10-26,59.3442
2015-10-23,65.0587
2015-10-21,61.9441
2015-10-20,61.5345
2015-10-19,61.9063
2015-10-16,61.6205
2015-10-15,59.4534
2015-10-14,59.0876
2015-10-13,57.4023
2015-10-12,56.7732
2015-10-09,59.8032
2015-10-08,58.3441
2015-10-07,58.1757
2015-10-06,56.5924
2015-10-05,55.9137
2015-10-01,48.8445
2015-09-30,50.7517
2015-09-29,50.7921
2015-09-28,45.1858
2015-09-24,46.1390
2015-09-23,44.1233
2015-09-22,44.2474
2015-09-21,48.8886
2015-09-18,49.3286
2015-09-16,47.5276
2015-09-15,45.0378
2015-09-14,45.7600
2015-09-11,44.5112
2015-09-10,43.2052
2015-09-09,45.4248
2015-09-08,43.5809
2015-09-07,40.7805
2015-09-04,39.8370
2015-09-03,42.4508
2015-09-02,36.3175
2015-09-01,39.1025
2015-08-31,41.9771
2015-08-28,43.1408
2015-08-27,42.4407
2015-08-26,28.1332
2015-08-25,31.6053
2015-08-24,33.5373
2015-08-21,40.3646
2015-08-20,42.9972
2015-08-19,44.2453
2015-08-18,45.6308
2015-08-17,47.5204
2015-08-14,50.5410
2015-08-13,43.1688
2015-08-12,43.7338
2015-08-11,47.6449
2015-08-10,50.8403
2015-08-07,49.6359
2015-08-06,50.5995
2015-08-05,50.3176
2015-08-04,50.2276
2015-08-03,53.2418
2015-07-31,56.0404
2015-07-30,55.8236
2015-07-29,52.4566
2015-07-28,50.8360
2015-07-27,56.3319
2015-07-24,59.6700
2015-07-23,59.0517
2015-07-22,58.6127
2015-07-21,54.1423
2015-07-20,55.2961
2015-07-17,56.8977
2015-07-16,62.5811
2015-07-15,60.3577
2015-07-14,57.4070
2015-07-13,58.6616
2015-07-10,53.2542
2015-07-09,53.8094
2015-07-08,54.4037
2015-07-07,62.7016
2015-07-06,60.3449
2015-07-03,60.1104
2015-07-02,55.8697
2015-07-01,57.5508
2015-06-30,58.1699
2015-06-29,57.0216
2015-06-26,57.1846
2015-06-25,60.5729
2015-06-24,57.2811
2015-06-23,57.9164
2015-06-22,55.9841
2015-06-19,52.0028
2015-06-18,47.9970
2015-06-17,46.4647
2015-06-16,46.2389
2015-06-15,48.3636
2015-06-12,44.7496
2015-06-11,40.9679
2015-06-10,43.8492
2015-06-09,43.8257
2015-06-08,42.2205
2015-06-05,44.6933
2015-06-04,46.7219
2015-06-03,44.6867
2015-06-02,44.5454
2015-06-01,49.8944
2015-05-29,48.4030
2015-05-28,47.4274
2015-05-27,48.7498
2015-05-26,48.8314
2015-05-25,50.2992
2015-05-22,54.5020
2015-05-21,50.9629
2015-05-20,52.3547
2015-05-19,49.3195
2015-05-18,51.9284
2015-05-15,48.4888
2015-05-14,45.1816
2015-05-13,46.4178
2015-05-12,42.6512
2015-05-11,46.0938
2015-05-08,40.7070
2015-05-07,35.7016
2015-05-06,36.5013
2015-05-05,38.1136
2015-05-04,40.4083
2015-04-30,34.9958
2015-04-29,38.2457
2015-04-28,41.1535
2015-04-27,38.4286
2015-04-24,42.2768
2015-04-23,46.4765
2015-04-22,46.9371
2015-04-21,43.6386
2015-04-20,44.7372
2015-04-17,49.6968
2015-04-16,49.9067
2015-04-15,48.0451
2015-04-13,49.8034
2015-04-10,47.8299
2015-04-09,49.8207
2015-04-08,49.0312
2015-04-07,53.1497
2015-04-06,52.9528
2015-04-01,53.8757
2015-03-31,51.1318
2015-03-30,50.5053
2015-03-27,44.5631
2015-03-26,47.1586
2015-03-25,57.9338
2015-03-24,58.6936
2015-03-23,56.7709
2015-03-20,56.0363
2015-03-19,54.7712
2015-03-18,54.2107
2015-03-17,56.5867
2015-03-16,52.3530
2015-03-13,55.6656
2015-03-12,56.4758
2015-03-11,55.2138
2015-03-10,54.0971
2015-03-09,62.4030
2015-03-05,66.6408
2015-03-04,64.2657
2015-03-03,64.1590
2015-03-02,61.4506
2015-02-27,63.0076
2015-02-26,62.8678
2015-02-25,62.4148
2015-02-24,59.2218
2015-02-23,59.3048
2015-02-20,62.8940
2015-02-19,66.0901
2015-02-18,63.7022
2015-02-16,59.9261
2015-02-13,57.7796
2015-02-12,56.1635
2015-02-11,55.3749
2015-02-10,55.0857
2015-02-09,58.7071
2015-02-06,59.9504
2015-02-05,56.8816
2015-02-04,55.1977
2015-02-03,55.1240
2015-02-02,60.2240
2015-01-30,59.7904
2015-01-29,66.2697
2015-01-28,72.2229
2015-01-27,70.1151
2015-01-23,68.1215
2015-01-22,67.2443
2015-01-21,68.0038
2015-01-20,65.2279
2015-01-19,58.2003
2015-01-16,60.1747
2015-01-15,61.5790
2015-01-14,51.1676
2015-01-13,51.1127
2015-01-12,52.5137
2015-01-09,49.9048
2015-01-08,51.6613
2015-01-07,48.0746
2015-01-06,48.4224
2015-01-05,57.3207
2015-01-02,60.2612
2015-01-01,52.9421
2014-12-31,55.2515
2014-12-30,54.6577
2014-12-29,53.4272
2014-12-26,51.8617
2014-12-24,49.7063
2014-12-23,53.8160
2014-12-22,58.1262
2014-12-19,53.0392
2014-12-18,49.8835
2014-12-17,47.9644
2014-12-16,47.9644
2014-12-15,54.6680
2014-12-12,43.2800
2014-12-11,48.3447
2014-12-10,49.9237
2014-12-09,50.7709
2014-12-08,51.9628
2014-12-05,53.3165
2014-12-04,52.7161
2014-12-03,51.2523
2014-12-02,55.9134
2014-12-01,59.2513
2014-11-28,65.3196
2014-11-27,64.0776
2014-11-26,65.5647
2014-11-25,63.5723
2014-11-24,61.8832
2014-11-21,61.7861
2014-11-20,59.6454
2014-11-19,59.0067
2014-11-18,57.1316
2014-11-17,62.3048
2014-11-14,62.2060
2014-11-13,62.5292
2014-11-12,66.0425
2014-11-11,63.6987
2014-11-10,61.9775
2014-11-07,60.3381
2014-11-05,60.4047
2014-11-03,63.9931
2014-10-31,62.4689
2014-10-30,55.7061
2014-10-29,52.9217
2014-10-28,52.8753
2014-10-27,50.9350
2014-10-22,49.8757
2014-10-21,48.1789
2014-10-20,47.5955
2014-10-17,43.4897
2014-10-16,40.1266
2014-10-15,42.2646
2014-10-14,43.6010
2014-10-13,45.9100
2014-10-10,43.5852
2014-10-09,49.3062
2014-10-08,43.7185
2014-10-07,44.4383
2014-10-01,50.5901
2014-09-30,51.0631
2014-09-29,46.4397
2014-09-26,47.8818
2014-09-25,52.0037
2014-09-24,51.5216
2014-09-23,53.7619
2014-09-22,55.8198
2014-09-19,53.9981
2014-09-18,51.9341
2014-09-17,44.3982
2014-09-16,44.5906
2014-09-15,47.2781
2014-09-12,50.5838
2014-09-11,48.2253
2014-09-10,47.5972
2014-09-09,50.7140
2014-09-08,51.1917
2014-09-05,51.5569
2014-09-04,56.4945
2014-09-03,53.2759
2014-09-02,54.4413
2014-09-01,53.3781
2014-08-28,55.9384
2014-08-27,55.1318
2014-08-26,54.0234
2014-08-25,53.0797
2014-08-22,51.3072
2014-08-21,54.8767
2014-08-20,56.2222
2014-08-19,58.6184
2014-08-18,64.1672
2014-08-14,66.7264
2014-08-13,70.4641
2014-08-12,67.8426
2014-08-11,60.2560
2014-08-08,54.4491
2014-08-07,55.0853
2014-08-06,56.6815
2014-08-05,58.8330
2014-08-04,56.4333
2014-08-01,58.3992
2014-07-31,65.5636
2014-07-30,70.6866
2014-07-28,68.2039
2014-07-25,67.9068
2014-07-24,63.4401
2014-07-23,63.5273
2014-07-22,64.9260
2014-07-21,59.9021
2014-07-18,53.4999
2014-07-17,51.6416
2014-07-16,52.2815
2014-07-15,52.6610
2014-07-14,54.2445
2014-07-11,56.0082
2014-07-10,65.3684
2014-07-09,63.7360
2014-07-08,66.4529
2014-07-07,65.6412
2014-07-04,64.2756
2014-07-03,63.6096
2014-07-02,64.4475
2014-07-01,59.8274
2014-06-30,62.4303
2014-06-27,59.7501
2014-06-26,59.9743
2014-06-25,65.2370
2014-06-24,65.0599
2014-06-23,60.3128
2014-06-20,60.3128
2014-06-19,60.3264
2014-06-18,58.7906
2014-06-17,60.9016
2014-06-16,60.3323
2014-06-13,64.0562
2014-06-12,64.3816
2014-06-11,60.5844
2014-06-10,60.4962
2014-06-09,59.2926
2014-06-06,57.6335
2014-06-05,52.8932
2014-06-04,51.7785
2014-06-03,53.9339
2014-06-02,51.1081
2014-05-30,46.8379
2014-05-29,50.2724
2014-05-28,52.1466
2014-05-27,53.9056
2014-05-26,57.3933
2014-05-23,58.5623
2014-05-22,56.5827
2014-05-21,61.5091
2014-05-20,61.5333
2014-05-19,57.5268
2014-05-16,51.8343
2014-05-15,55.8379
2014-05-14,52.9671
2014-05-13,57.5550
2014-05-12,54.7086
2014-05-09,52.8051
2014-05-08,44.0318
2014-05-07,44.9157
2014-05-06,51.0188
2014-05-05,53.8845
2014-05-02,60.6684
2014-04-30,58.1476
2014-04-29,55.5165
2014-04-28,54.8825
2014-04-25,57.2736
2014-04-24,53.5874
2014-04-23,53.5874
2014-04-22,52.6528
2014-04-21,53.3473
2014-04-17,54.1928
2014-04-16,51.9639
2014-04-15,56.7499
2014-04-11,66.9451
2014-04-10,70.6407
2014-04-09,69.7209
2014-04-07,64.4273
2014-04-04,64.4677
2014-04-03,67.8852
2014-04-02,66.6324
2014-04-01,64.6241
2014-03-31,63.8093
2014-03-28,61.4803
2014-03-27,62.1680
2014-03-26,60.2679
2014-03-25,61.5736
2014-03-24,59.2916
2014-03-21,54.7396
2014-03-20,56.8508
2014-03-19,63.4868
2014-03-18,59.8447
2014-03-14,61.9308
2014-03-13,65.7786
2014-03-12,63.0308
2014-03-11,62.2937
2014-03-10,61.7593
2014-03-07,61.6560
2014-03-06,58.9912
2014-03-05,56.3763
2014-03-04,55.0612
2014-03-03,52.0834
2014-02-28,54.4034
2014-02-26,54.6078
2014-02-25,52.5226
2014-02-24,52.4317
2014-02-21,49.2007
2014-02-20,47.5712
2014-02-19,51.0234
2014-02-18,50.5813
2014-02-17,43.9829
2014-02-14,41.1539
2014-02-13,39.3284
2014-02-12,43.7544
2014-02-11,40.4101
2014-02-10,37.2184
2014-02-07,41.2662
2014-02-06,41.6256
2014-02-05,41.8165
2014-02-04,42.3937
2014-02-03,42.5276
2014-01-31,47.0164
2014-01-30,52.7488
2014-01-29,51.8050
2014-01-28,54.0620
2014-01-27,53.9009
2014-01-24,57.6056
2014-01-23,61.1870
2014-01-22,58.1554
2014-01-21,57.0231
2014-01-20,56.5443
2014-01-17,58.0509
2014-01-16,64.3096
2014-01-15,61.2530
2014-01-14,56.3380
2014-01-13,55.0545
2014-01-10,49.7659
2014-01-09,49.9139
2014-01-08,51.0533
2014-01-07,49.1550
2014-01-06,48.4143
2014-01-03,47.0312
2014-01-02,47.3812
2014-01-01,47.7772
2013-12-31,48.4906
2013-12-30,48.5125
2013-12-27,46.7343
2013-12-26,44.5293
2013-12-24,44.8090
2013-12-23,46.6075
2013-12-20,48.4651
2013-12-19,43.2535
2013-12-18,47.4983
2013-12-17,42.5965
2013-12-16,46.7537
2013-12-13,48.6518
2013-12-12,53.5074
2013-12-11,51.3390
2013-12-10,49.1205
2013-12-09,51.9674
2013-12-06,50.5119
2013-12-05,53.9007
2013-12-04,50.5405
2013-12-03,53.0661
2013-12-02,54.1194
2013-11-29,53.5749
2013-11-28,51.4162
2013-11-27,49.9760
2013-11-26,49.7274
2013-11-25,52.4169
2013-11-22,46.9793
2013-11-21,43.3168
2013-11-20,49.7218
2013-11-19,52.1864
2013-11-18,51.2375
2013-11-14,46.2313
2013-11-13,45.4600
2013-11-12,46.2091
2013-11-11,48.4402
2013-11-08,49.4343
2013-11-07,57.4073
2013-11-06,58.7126
2013-11-05,62.6084
2013-11-01,61.8460
2013-10-31,61.4729
2013-10-30,60.4673
2013-10-29,58.9814
2013-10-28,55.6340
2013-10-25,53.4055
2013-10-24,53.8396
2013-10-23,53.1255
2013-10-22,53.5242
2013-10-21,55.7925
2013-10-18,55.4781
2013-10-17,50.9569
2013-10-15,52.4808
2013-10-14,53.0460
2013-10-11,54.3032
2013-10-10,53.9253
2013-10-09,53.1020
2013-10-08,51.1102
2013-10-07,52.3335
2013-10-04,52.5463
2013-10-03,53.1304
2013-10-01,50.5997
2013-09-30,47.4698
2013-09-27,50.2476
2013-09-26,51.7576
2013-09-25,49.9299
2013-09-24,51.0670
2013-09-23,49.2866
2013-09-20,54.0276
2013-09-19,58.3327
2013-09-18,53.7384
2013-09-17,54.5452
2013-09-16,56.1132
2013-09-13,55.3447
2013-09-12,56.5578
2013-09-11,56.1598
2013-09-10,55.7750
2013-09-06,50.0195
2013-09-05,48.4446
2013-09-04,42.2363
2013-09-03,40.8887
2013-09-02,45.1439
2013-08-30,42.2743
2013-08-29,38.3656
2013-08-28,30.1984
2013-08-27,33.5563
2013-08-26,41.1641
2013-08-23,40.3457
2013-08-22,40.0636
2013-08-21,41.1369
2013-08-20,36.7557
2013-08-19,37.9640
2013-08-16,38.0991
2013-08-14,44.6280
2013-08-13,46.2258
2013-08-12,41.6498
2013-08-08,36.0628
2013-08-07,31.9718
2013-08-06,34.9296
2013-08-05,42.9577
2013-08-02,44.8389
2013-08-01,46.8189
2013-07-31,42.2358
2013-07-30,43.8878
2013-07-29,43.6523
2013-07-26,43.4015
2013-07-25,42.3906
2013-07-24,42.6346
2013-07-23,47.0759
2013-07-22,47.4649
2013-07-19,41.6219
2013-07-18,45.2397
2013-07-17,43.8585
2013-07-16,43.7178
2013-07-15,50.2947
2013-07-12,50.3931
2013-07-11,51.0677
2013-07-10,45.9671
2013-07-09,46.1210
2013-07-08,44.8497
2013-07-05,49.7635
2013-07-04,50.1311
2013-07-03,50.4062
2013-07-02,55.2293
2013-07-01,57.4333
2013-06-28,55.1127
2013-06-27,47.9664
2013-06-26,42.6347
2013-06-25,44.1082
2013-06-24,44.7011
2013-06-21,43.8071
2013-06-20,42.5414
2013-06-19,47.4296
2013-06-18,45.4327
2013-06-17,47.4973
2013-06-14,45.2566
2013-06-13,40.0179
2013-06-12,41.4269
2013-06-11,43.3234
2013-06-10,47.4613
2013-06-07,44.4112
2013-06-06,45.3156
2013-06-05,45.2815
2013-06-04,47.2530
2013-06-03,49.9869
2013-05-31,54.5781
2013-05-30,63.8098
2013-05-29,60.8990
2013-05-28,64.1572
2013-05-27,66.5466
2013-05-24,63.1052
2013-05-23,62.2697
2013-05-22,61.4124
2013-05-21,62.5494
2013-05-20,61.7419
2013-05-17,63.3919
2013-05-16,64.5882
2013-05-15,65.0731
2013-05-14,58.5433
2013-05-13,57.4898
2013-05-10,61.3622
2013-05-09,61.7467
2013-05-08,63.3061
2013-05-07,57.7572
2013-05-06,57.5063
2013-05-03,58.3723
2013-05-02,60.6073
2013-04-30,57.7702
2013-04-29,61.9727
2013-04-26,64.2662
2013-04-25,62.3293
2013-04-23,58.7254
2013-04-22,58.1761
2013-04-18,55.1092
2013-04-17,49.5606
2013-04-16,52.4971
2013-04-15,45.2162
2013-04-12,43.0273
2013-04-11,42.6529
2013-04-10,45.7862
2013-04-09,37.7425
2013-04-08,38.6981
2013-04-05,41.2838
2013-04-04,46.6229
2013-04-03,51.4901
2013-04-02,53.4770
2013-04-01,55.3662
2013-03-28,56.2239
2013-03-26,55.4854
2013-03-25,51.0715
2013-03-22,48.5146
2013-03-21,48.8574
2013-03-20,44.1425
2013-03-19,44.9123
2013-03-18,51.3915
2013-03-15,53.8621
2013-03-14,53.0598
2013-03-13,51.7935
2013-03-12,56.1235
2013-03-11,57.8382
2013-03-08,54.0313
2013-03-07,44.3268
2013-03-06,41.5443
2013-03-05,41.1344
2013-03-04,40.9735
2013-03-01,42.2533
2013-02-28,35.9347
2013-02-27,40.2774
2013-02-26,37.7710
2013-02-25,46.5367
2013-02-22,45.6378
2013-02-21,51.2599
2013-02-20,53.0273
2013-02-19,53.9919
2013-02-18,54.2458
2013-02-15,50.1518
2013-02-14,51.3200
2013-02-13,51.4980
2013-02-12,46.4305
2013-02-11,46.0574
2013-02-08,48.9050
2013-02-07,49.9213
2013-02-06,48.8452
2013-02-05,45.4168
2013-02-04,45.4747
2013-02-01,38.2367
2013-01-31,40.3399
2013-01-30,43.4475
2013-01-29,45.0742
2013-01-28,44.6366
2013-01-25,45.5854
2013-01-24,46.2219
2013-01-23,50.1859
2013-01-22,47.8224
2013-01-21,48.1722
2013-01-18,50.4658
2013-01-17,46.5714
2013-01-16,48.6541
2013-01-15,50.6115
2013-01-14,51.0998
2013-01-11,46.4606
2013-01-10,51.0952
2013-01-09,52.8827
2013-01-08,55.7793
2013-01-07,51.1132
2013-01-04,56.0300
2013-01-03,58.5033
2013-01-02,59.1714
2013-01-01,55.6375
2012-12-31,54.1864
2012-12-28,55.7436
2012-12-27,54.3575
2012-12-26,56.3386
2012-12-24,54.4375
2012-12-21,55.0675
2012-12-20,56.0472
2012-12-19,55.8789
2012-12-18,60.7768
2012-12-17,58.6322
2012-12-14,64.0634
2012-12-13,64.7325
2012-12-12,66.7739
2012-12-11,72.3236
2012-12-10,70.5477
2012-12-07,65.5905
2012-12-06,68.2623
2012-12-05,67.1487
2012-12-04,68.4202
2012-12-03,67.4345
2012-11-30,69.6960
2012-11-29,65.8611
2012-11-27,60.3617
2012-11-26,53.8881
2012-11-23,54.9514
2012-11-22,53.9769
2012-11-21,54.6768
2012-11-20,55.8724
2012-11-19,51.1186
2012-11-16,54.5514
2012-11-15,60.2346
2012-11-12,61.8242
2012-11-09,62.5329
2012-11-08,62.1835
2012-11-07,64.1106
2012-11-06,60.4318
2012-11-05,56.6462
2012-11-02,56.1724
2012-11-01,54.4735
2012-10-31,53.8977
2012-10-30,50.9031
2012-10-29,53.0871
2012-10-25,56.4883
2012-10-23,51.8437
2012-10-22,51.8121
2012-10-19,52.3345
2012-10-18,55.2802
2012-10-17,52.8287
2012-10-16,50.1105
2012-10-15,49.0314
2012-10-12,49.1468
2012-10-11,51.2080
2012-10-10,49.3294
2012-10-09,51.3623
2012-10-08,51.9941
2012-10-05,51.8566
2012-10-04,64.0788
2012-10-03,61.3513
2012-10-01,59.6380
2012-09-28,61.0770
2012-09-27,58.1770
2012-09-26,58.1770
2012-09-25,61.0435
2012-09-24,58.8194
2012-09-21,66.0379
2012-09-20,61.6845
2012-09-18,67.9499
2012-09-17,69.9755
2012-09-14,68.0405
2012-09-13,63.6081
2012-09-12,66.1522
2012-09-11,66.9292
2012-09-10,62.2144
2012-09-07,59.1400
2012-09-06,56.9314
2012-09-05,57.8044
2012-09-04,57.1014
2012-09-03,62.0326
2012-08-31,61.9497
2012-08-30,59.2755
2012-08-29,56.6394
2012-08-28,60.1455
2012-08-27,60.0740
2012-08-24,60.0330
2012-08-23,59.1311
2012-08-22,61.8207
2012-08-21,64.4020
2012-08-17,59.1337
2012-08-16,58.5169
2012-08-14,56.4444
2012-08-13,61.5463
2012-08-10,53.5352
2012-08-09,55.7551
2012-08-08,69.7292
2012-08-07,69.3532
2012-08-06,66.2725
2012-08-03,62.7681
2012-08-02,61.3993
2012-08-01,63.9339
2012-07-31,60.6851
2012-07-30,54.8077
2012-07-27,53.0219
2012-07-26,51.4526
2012-07-25,53.9373
2012-07-24,53.6776
2012-07-23,55.0997
2012-07-20,58.9341
2012-07-19,64.9519
2012-07-18,62.3660
2012-07-17,60.2562
2012-07-16,58.9837
2012-07-13,57.4075
2012-07-12,57.1934
2012-07-11,59.3764
2012-07-10,61.8523
2012-07-09,59.1489
2012-07-06,64.1356
2012-07-05,60.8468
2012-07-04,60.8071
2012-07-03,60.5027
2012-07-02,55.1456
2012-06-29,51.9163
2012-06-28,47.0913
2012-06-27,46.3814
2012-06-26,45.4637
2012-06-25,45.7114
2012-06-22,43.8895
2012-06-21,47.4170
2012-06-20,44.6614
2012-06-19,44.8955
2012-06-18,42.6358
2012-06-15,45.8378
2012-06-14,44.9055
2012-06-13,49.5963
2012-06-12,51.1133
2012-06-11,50.2090
2012-06-08,49.7454
2012-06-07,49.5755
2012-06-06,47.1568
2012-06-05,44.8418
2012-06-04,42.9420
2012-06-01,44.3054
2012-05-31,48.5299
2012-05-30,48.8209
2012-05-29,50.6477
2012-05-28,51.9303
2012-05-25,49.2675
2012-05-24,51.4092
2012-05-23,39.1534
2012-05-22,41.9948
2012-05-21,41.1943
2012-05-18,37.8565
2012-05-17,36.8374
2012-05-16,30.1350
2012-05-15,37.9497
2012-05-14,37.0411
2012-05-11,37.9074
2012-05-10,39.7908
2012-05-09,39.6163
2012-05-08,42.7132
2012-05-07,44.8862
2012-05-04,42.8759
2012-05-03,45.7506
2012-05-02,48.0932
2012-04-30,47.3295
2012-04-27,49.2618
2012-04-26,49.1030
2012-04-25,50.2123
2012-04-24,52.0824
2012-04-23,53.0534
2012-04-20,53.4955
2012-04-19,55.9199
2012-04-18,53.0176
2012-04-17,53.6893
2012-04-16,51.5329
2012-04-13,52.5038
2012-04-12,51.5169
2012-04-11,50.0552
2012-04-10,49.3295
2012-04-09,48.6036
2012-04-04,52.2219
2012-04-03,55.0552
2012-04-02,53.0665
2012-03-30,50.7166
2012-03-29,47.9647
2012-03-28,46.6072
2012-03-27,48.3529
2012-03-26,42.7412
2012-03-23,45.6094
2012-03-22,45.2569
2012-03-21,47.0833
2012-03-20,43.4161
2012-03-19,41.7414
2012-03-16,45.7528
2012-03-15,44.8852
2012-03-14,49.4202
2012-03-13,50.6765
2012-03-12,47.3163
2012-03-09,49.7877
2012-03-07,44.1974
2012-03-06,39.4167
2012-03-05,40.6397
2012-03-02,45.3653
2012-03-01,44.6975
2012-02-29,42.1277
2012-02-28,44.1831
2012-02-27,41.7184
2012-02-24,45.5224
2012-02-23,54.7165
2012-02-22,55.2654
2012-02-21,61.0093
2012-02-17,62.2790
2012-02-16,62.7902
2012-02-15,61.7681
2012-02-14,56.3588
2012-02-13,55.7148
2012-02-10,55.1197
2012-02-09,55.9565
2012-02-08,55.4867
2012-02-07,52.8932
2012-02-06,57.6717
2012-02-03,56.9602
2012-02-02,53.9565
2012-02-01,54.6739
2012-01-31,58.1328
2012-01-30,55.7245
2012-01-27,59.9729
2012-01-25,64.0130
2012-01-24,61.9224
2012-01-23,60.6497
2012-01-20,59.1555
2012-01-19,59.2968
2012-01-18,56.4306
2012-01-17,54.2917
2012-01-16,54.5785
2012-01-13,57.3486
2012-01-12,59.3365
2012-01-11,57.7502
2012-01-10,58.1209
2012-01-09,52.7713
2012-01-06,55.0674
2012-01-05,54.8025
2012-01-04,52.3145
2012-01-03,54.0058
2012-01-02,50.0551
2011-12-30,49.4354
2011-12-29,51.1713
2011-12-28,52.5530
2011-12-27,54.5074
2011-12-26,54.1460
2011-12-23,53.0213
2011-12-22,52.9617
2011-12-21,51.6812
2011-12-20,43.2799
2011-12-19,41.9870
2011-12-16,43.2202
2011-12-15,45.9930
2011-12-14,44.1358
2011-12-13,48.3608
2011-12-12,47.8232
2011-12-09,49.9218
2011-12-08,53.8293
2011-12-07,55.1311
2011-12-05,52.3227
2011-12-02,53.7824
2011-12-01,51.1208
2011-11-30,47.3345
2011-11-29,45.9002
2011-11-28,48.1471
2011-11-25,38.6578
2011-11-24,41.3090
2011-11-23,41.1796
2011-11-22,44.2860
2011-11-21,40.2605
2011-11-18,44.6107
2011-11-17,41.7724
2011-11-16,44.6354
2011-11-15,47.7293
2011-11-14,52.7616
2011-11-11,51.1561
2011-11-09,55.2089
2011-11-08,55.1248
2011-11-04,56.1598
2011-11-03,55.6753
2011-11-02,55.7061
2011-11-01,56.3873
2011-10-31,57.5205
2011-10-28,57.4371
2011-10-25,53.2910
2011-10-24,46.2097
2011-10-21,44.2851
2011-10-20,46.9100
2011-10-19,55.2896
2011-10-18,55.0379
2011-10-17,54.9999
2011-10-14,53.4295
2011-10-13,52.9217
2011-10-12,54.6620
2011-10-11,53.9773
2011-10-10,52.6878
2011-10-07,48.6597
2011-10-05,43.9951
2011-10-04,42.0433
2011-10-03,44.9420
2011-09-30,46.1017
2011-09-29,49.3473
2011-09-28,45.1803
2011-09-27,45.9143
2011-09-26,40.8103
2011-09-23,41.4436
2011-09-22,45.5020
2011-09-21,53.7051
2011-09-20,54.0624
2011-09-19,47.7602
2011-09-16,49.9396
2011-09-15,48.2455
2011-09-14,45.0461
2011-09-13,45.6733
2011-09-12,46.8602
2011-09-09,49.2656
2011-09-08,48.8452
2011-09-07,50.4471
2011-09-06,47.2845
2011-09-05,45.9916
2011-09-02,48.6923
2011-08-30,49.4609
2011-08-29,44.7332
2011-08-26,36.9756
2011-08-25,38.5653
2011-08-24,42.5548
2011-08-23,42.3228
2011-08-22,41.6025
2011-08-19,40.2800
2011-08-18,40.6233
2011-08-17,44.9104
2011-08-16,40.8394
2011-08-12,46.5839
2011-08-11,49.9880
2011-08-10,45.0041
2011-08-09,43.0156
2011-08-08,38.1977
2011-08-05,43.2712
2011-08-04,46.2423
2011-08-03,47.3569
2011-08-02,48.9253
2011-08-01,52.4623
2011-07-29,50.2835
2011-07-28,50.1215
2011-07-27,55.3685
2011-07-26,52.5297
2011-07-25,57.3924
2011-07-22,57.1147
2011-07-21,54.3154
2011-07-20,53.9508
2011-07-19,56.5403
2011-07-18,55.8742
2011-07-15,53.9612
2011-07-14,57.0846
2011-07-13,55.1750
2011-07-12,53.7896
2011-07-11,59.7549
2011-07-08,61.4496
2011-07-07,65.7276
2011-07-06,62.5353
2011-07-05,60.3571
2011-07-04,60.1652
2011-07-01,61.0067
2011-06-30,61.7728
2011-06-29,59.9170
2011-06-28,58.3129
2011-06-27,54.5798
2011-06-24,52.5907
2011-06-23,43.3401
2011-06-22,44.8147
2011-06-21,44.3157
2011-06-20,40.2071
2011-06-17,42.3821
2011-06-16,45.0352
2011-06-15,44.4909
2011-06-14,44.8036
2011-06-13,47.3758
2011-06-10,45.2854
2011-06-09,46.4084
2011-06-08,47.6101
2011-06-07,50.6416
2011-06-06,50.8100
2011-06-03,47.6395
2011-06-02,53.4128
2011-06-01,56.0179
2011-05-31,54.5674
2011-05-30,50.8176
2011-05-27,47.0427
2011-05-26,42.5522
2011-05-25,42.9916
2011-05-24,44.2424
2011-05-23,43.6384
2011-05-20,46.2701
2011-05-19,41.7229
2011-05-18,42.1974
2011-05-17,37.1932
2011-05-16,37.7617
2011-05-13,40.6003
2011-05-12,40.6785
2011-05-11,45.0218
2011-05-10,43.8172
2011-05-09,44.3977
2011-05-06,44.5465
2011-05-05,41.9749
2011-05-04,43.8870
2011-05-03,48.5334
2011-05-02,52.4643
2011-04-29,54.2325
2011-04-28,57.0529
2011-04-27,59.0795
2011-04-26,59.2735
2011-04-25,61.8879
2011-04-21,62.0800
2011-04-20,58.6359
2011-04-19,54.7182
2011-04-18,54.3948
2011-04-15,57.6448
2011-04-13,60.9159
2011-04-11,55.1832
2011-04-08,61.1877
2011-04-07,62.6495
2011-04-06,59.1808
2011-04-05,59.4741
2011-04-04,61.8189
2011-04-01,62.1076
2011-03-31,60.6526
2011-03-30,60.4506
2011-03-29,57.4783
2011-03-28,54.0447
2011-03-25,53.0967
2011-03-24,48.3795
2011-03-23,47.4850
2011-03-22,46.7351
2011-03-21,44.0330
2011-03-18,42.5295
2011-03-17,45.8999
2011-03-16,51.6765
2011-03-15,51.8165
2011-03-14,53.9749
2011-03-11,51.7061
2011-03-10,53.2287
2011-03-09,54.6465
2011-03-08,55.2298
2011-03-07,53.3474
2011-03-04,57.1993
2011-03-03,55.1148
2011-03-01,51.0077
2011-02-28,45.9133
2011-02-25,45.1795
2011-02-24,44.3383
2011-02-23,49.4593
2011-02-22,48.0308
2011-02-21,49.4462
2011-02-18,48.4505
2011-02-17,49.7152
2011-02-16,45.2739
2011-02-15,48.6443
2011-02-14,47.5207
2011-02-11,42.6038
2011-02-10,36.1243
2011-02-09,38.2878
2011-02-08,32.4352
2011-02-07,32.6243
2011-02-04,34.6220
2011-02-03,38.2439
2011-02-02,36.0742
2011-02-01,38.6744
2011-01-31,37.9920
2011-01-28,41.4380
2011-01-27,45.6248
2011-01-25,46.7191
2011-01-24,46.2934
2011-01-21,41.7331
2011-01-20,43.8670
2011-01-19,41.0465
2011-01-18,41.9872
2011-01-17,42.8389
2011-01-14,37.0003
2011-01-13,42.3741
2011-01-12,45.5652
2011-01-11,38.8202
2011-01-10,36.2396
2011-01-07,43.7302
2011-01-06,51.2388
2011-01-05,51.6292
2011-01-04,59.8859
2011-01-03,60.0227
2010-12-31,60.0227
2010-12-30,56.8021
2010-12-29,56.8021
2010-12-28,51.2116
2010-12-27,50.8404
2010-12-24,50.8404
2010-12-23,51.4970
2010-12-22,50.6272
2010-12-21,50.9996
2010-12-20,48.9950
2010-12-16,48.3858
2010-12-15,46.9922
2010-12-14,48.2962
2010-12-13,48.8239
2010-12-10,41.7106
2010-12-09,42.5737
2010-12-08,45.6411
2010-12-07,50.2648
2010-12-06,51.1038
2010-12-03,49.2156
2010-12-02,50.8620
2010-12-01,49.3737
2010-11-30,46.5910
2010-11-29,47.8592
2010-11-26,45.2205
2010-11-25,48.2482
2010-11-24,45.5971
2010-11-23,50.1578
2010-11-22,53.2659
2010-11-19,48.5414
2010-11-18,48.8172
2010-11-16,48.4975
2010-11-15,51.5707
2010-11-12,52.5569
2010-11-11,52.3767
2010-11-10,55.8146
2010-11-09,55.5874
2010-11-08,56.3609
2010-11-04,58.4835
2010-11-03,54.4715
2010-11-02,51.4797
2010-11-01,53.1128
2010-10-29,47.9426
2010-10-28,49.1377
2010-10-27,45.8896
2010-10-26,50.1828
2010-10-25,52.5639
2010-10-22,49.1239
2010-10-21,52.0058
2010-10-20,51.1348
2010-10-19,56.6356
2010-10-18,57.7872
2010-10-15,58.4971
2010-10-14,60.0121
2010-10-13,62.2517
2010-10-12,55.6473
2010-10-11,59.5877
2010-10-08,59.0668
2010-10-07,61.8006
2010-10-06,68.1116
2010-10-05,67.4081
2010-10-04,74.1905
2010-10-01,71.5789
2010-09-30,69.5789
2010-09-29,65.0086
2010-09-28,67.8187
2010-09-27,74.2810
2010-09-24,76.2850
2010-09-23,75.5838
2010-09-22,77.5995
2010-09-21,75.9562
2010-09-20,73.8938
2010-09-17,69.6094
2010-09-16,73.0907
2010-09-15,71.2322
2010-09-14,69.3148
2010-09-13,67.3754
2010-09-09,57.1627
2010-09-08,57.0485
2010-09-07,58.2284
2010-09-06,59.2717
2010-09-03,57.8536
2010-09-02,58.5139
2010-09-01,55.3233
2010-08-31,56.4681
2010-08-30,57.6878
2010-08-27,55.8936
2010-08-26,58.0456
2010-08-25,57.3252
2010-08-24,57.3252
2010-08-23,58.6508
2010-08-20,63.0215
2010-08-19,64.8496
2010-08-18,58.9641
2010-08-17,52.7589
2010-08-16,49.9047
2010-08-13,51.7996
2010-08-12,51.2775
2010-08-11,51.9552
2010-08-10,57.9001
2010-08-09,61.8413
2010-08-06,58.9797
2010-08-05,56.1654
2010-08-04,58.9257
2010-08-03,58.5308
2010-08-02,56.7314
2010-07-30,53.8253
2010-07-29,53.3765
2010-07-28,47.3882
2010-07-27,50.8830
2010-07-26,52.4938
2010-07-23,55.3427
2010-07-22,57.4254
2010-07-21,54.2066
2010-07-20,58.0286
2010-07-19,61.6898
2010-07-16,59.7744
2010-07-15,62.3502
2010-07-14,65.5271
2010-07-13,64.7302
2010-07-12,61.1323
2010-07-09,58.8353
2010-07-08,56.6009
2010-07-07,54.4731
2010-07-06,57.9925
2010-07-05,57.6457
2010-07-02,56.0411
2010-07-01,56.0108
2010-06-30,58.1880
2010-06-29,55.6823
2010-06-28,60.7974
2010-06-25,59.3864
2010-06-24,67.2651
2010-06-23,66.0986
2010-06-22,65.4172
2010-06-21,65.6660
2010-06-18,62.3439
2010-06-17,63.1281
2010-06-16,62.0564
2010-06-15,59.0062
2010-06-14,57.7252
2010-06-11,55.1452
2010-06-10,51.8379
2010-06-09,48.4335
2010-06-08,48.0778
2010-06-07,46.3114
2010-06-04,51.2362
2010-06-03,50.5748
2010-06-02,48.8436
2010-06-01,48.3220
2010-05-31,54.2513
2010-05-28,53.4824
2010-05-27,52.0534
2010-05-26,47.5384
2010-05-25,40.6490
2010-05-24,44.4034
2010-05-21,48.2404
2010-05-20,48.1526
2010-05-19,44.6710
2010-05-18,50.1004
2010-05-17,51.1389
2010-05-14,53.1823
2010-05-13,55.8290
2010-05-12,53.6793
2010-05-11,53.2887
2010-05-10,54.8346
2010-05-07,50.3317
2010-05-06,52.5337
2010-05-05,56.3460
2010-05-04,57.9598
2010-05-03,56.9962
2010-04-30,58.4064
2010-04-29,59.1613
2010-04-28,57.9747
2010-04-27,61.7793
2010-04-26,60.2282
2010-04-23,53.4325
2010-04-22,54.1396
2010-04-21,52.1614
2010-04-20,52.2216
2010-04-19,51.6386
2010-04-16,50.7134
2010-04-15,52.0000
2010-04-13,55.4661
2010-04-12,61.2407
2010-04-09,63.0987
2010-04-08,56.3179
2010-04-07,63.7388
2010-04-06,65.6894
2010-04-05,63.7948
2010-04-01,63.3961
2010-03-31,59.2142
2010-03-30,53.7917
2010-03-29,56.2808
2010-03-26,52.0271
2010-03-25,49.8603
2010-03-23,53.0967
2010-03-22,53.5457
2010-03-19,60.3080
2010-03-18,65.2632
2010-03-17,64.7900
2010-03-16,62.6163
2010-03-15,61.2909
2010-03-12,65.8856
2010-03-11,65.0121
2010-03-10,64.9477
2010-03-09,62.4121
2010-03-08,58.5044
2010-03-05,56.9174
2010-03-04,57.2692
2010-03-03,58.2166
2010-03-02,54.9660
2010-02-26,50.6381
2010-02-25,47.3841
2010-02-24,49.7056
2010-02-23,51.7161
2010-02-22,48.8891
2010-02-19,49.4547
2010-02-18,48.3802
2010-02-17,46.7855
2010-02-16,43.9849
2010-02-15,39.9264
2010-02-11,40.1530
2010-02-10,39.4206
2010-02-09,40.6176
2010-02-08,40.6736
2010-02-05,39.9616
2010-02-04,42.0231
2010-02-03,47.1923
2010-02-02,39.4146
2010-02-01,35.8792
2010-01-29,35.7897
2010-01-28,32.4669
2010-01-27,28.1691
2010-01-25,31.7457
2010-01-22,32.6155
2010-01-21,34.6684
2010-01-20,40.0157
2010-01-19,38.5674
2010-01-18,41.9148
2010-01-15,37.9173
2010-01-14,38.1483
2010-01-13,39.8322
2010-01-12,40.7997
2010-01-11,43.4149
2010-01-08,43.3593
2010-01-07,46.6252
2010-01-06,50.2402
2010-01-05,49.5004
2010-01-04,48.7850
2009-12-22,38.7009
2009-12-21,38.7575
2009-12-18,39.4479
2009-12-17,41.1498
2009-12-16,41.6095
2009-12-15,42.1972
2009-12-14,46.5936
2009-12-11,47.3281
2009-12-10,49.3724
2009-12-09,49.9098
2009-12-08,54.8328
2009-12-07,52.4944
2009-12-04,50.0524
2009-12-03,50.4416
2009-12-02,51.7246
2009-12-01,55.7510
2009-11-30,53.0109
2009-11-27,49.0064
2009-11-26,52.9446
2009-11-25,57.3667
2009-11-24,57.8438
2009-11-23,60.0764
2009-11-20,58.9230
2009-11-19,54.3497
2009-11-18,53.5223
2009-11-17,55.0084
2009-11-16,55.4295
2009-11-13,55.3363
2009-11-12,54.4695
2009-11-11,59.6055
2009-11-10,56.2115
2009-11-09,57.7269
2009-11-06,53.4932
2009-11-05,50.0216
2009-11-04,49.9315
2009-11-03,46.7366
2009-10-30,50.2366
2009-10-29,51.4927
2009-10-28,50.9934
2009-10-27,57.4923
2009-10-26,58.3294
2009-10-23,55.6579
2009-10-22,52.9679
2009-10-21,54.0323
2009-10-20,60.7293
2009-10-16,64.9623
2009-10-15,62.1302
2009-10-14,64.7736
2009-10-13,62.9424
2009-10-12,62.5845
2009-10-09,58.9359
2009-10-08,62.7137
2009-10-07,62.2727
2009-10-06,62.2900
2009-10-05,60.7348
2009-10-01,60.8538
2009-09-30,67.3434
2009-09-29,66.8042
2009-09-25,66.2276
2009-09-24,65.9101
2009-09-23,61.9041
2009-09-22,63.0213
2009-09-18,55.9209
2009-09-17,57.8370
2009-09-16,56.8115
2009-09-15,58.0396
2009-09-14,55.0341
2009-09-11,56.3422
2009-09-10,54.8670
2009-09-09,57.2007
2009-09-08,55.4211
2009-09-07,56.9282
2009-09-04,53.8893
2009-09-03,49.1877
2009-09-02,50.0970
2009-09-01,51.0238
2009-08-31,54.9859
2009-08-28,57.0598
2009-08-27,56.8257
2009-08-26,57.6007
2009-08-25,57.5777
2009-08-24,57.8699
2009-08-21,54.0322
2009-08-20,52.3004
2009-08-19,50.3433
2009-08-18,48.4946
2009-08-17,44.7689
2009-08-14,47.5500
2009-08-13,50.1618
2009-08-12,46.1743
2009-08-11,46.8339
2009-08-10,48.0763
2009-08-07,50.5144
2009-08-06,52.1531
2009-08-05,55.2033
2009-08-04,56.6440
2009-08-03,58.3691
2009-07-31,58.5941
2009-07-30,56.0581
2009-07-29,51.7378
2009-07-28,52.2868
2009-07-27,51.9228
2009-07-24,54.0312
2009-07-23,55.9109
2009-07-22,54.3363
2009-07-21,59.7062
2009-07-20,59.2086
2009-07-17,59.6259
2009-07-16,54.7583
2009-07-15,57.1186
2009-07-14,54.9405
2009-07-13,48.1534
2009-07-10,47.7695
2009-07-09,52.5952
2009-07-08,53.2362
2009-07-07,55.3214
2009-07-06,54.9149
2009-07-03,67.7019
2009-07-02,60.7781
2009-07-01,58.2799
2009-06-30,58.2544
2009-06-29,59.9306
2009-06-26,64.1264
2009-06-25,61.8336
2009-06-24,58.8357
2009-06-23,61.9370
2009-06-22,59.5823
2009-06-19,59.2706
2009-06-18,58.3172
2009-06-17,58.8351
2009-06-16,60.3781
2009-06-15,59.6432
2009-06-12,59.3759
2009-06-11,62.9603
2009-06-10,63.1787
2009-06-09,63.4683
2009-06-08,62.6290
2009-06-05,67.4670
2009-06-04,68.3107
2009-06-03,67.1080
2009-06-02,67.5137
2009-06-01,65.0652
2009-05-29,61.8738
2009-05-28,61.7605
2009-05-27,61.5105
2009-05-26,58.8948
2009-05-25,59.1094
2009-05-22,60.5308
2009-05-21,59.9262
2009-05-20,64.4714
2009-05-19,70.6471
2009-05-18,70.5933
2009-05-15,60.1735
2009-05-14,57.7196
2009-05-13,59.2644
2009-05-12,57.3223
2009-05-11,52.2373
2009-05-08,53.6079
2009-05-07,57.2784
2009-05-06,54.6647
2009-05-05,60.4145
2009-05-04,66.3316
2009-04-30,59.7809
2009-04-29,57.3367
2009-04-28,54.3592
2009-04-27,63.6182
2009-04-24,63.6843
2009-04-23,61.7083
2009-04-22,60.6337
2009-04-21,61.3752
2009-04-20,61.8339
2009-04-17,64.4377
2009-04-16,62.9279
2009-04-15,64.1225
2009-04-13,60.8077
2009-04-09,61.8832
2009-04-08,62.2546
2009-04-06,61.8961
2009-04-02,57.3617
2009-04-01,53.9392
2009-03-31,49.1575
2009-03-30,51.2603
2009-03-27,59.8235
2009-03-26,64.5621
2009-03-25,62.0685
2009-03-24,60.5228
2009-03-23,58.7889
2009-03-20,52.1198
2009-03-19,50.7322
2009-03-18,48.5049
2009-03-17,49.1396
2009-03-16,50.6431
2009-03-13,50.1364
2009-03-12,43.9948
2009-03-09,42.0635
2009-03-06,39.7381
2009-03-05,34.0330
2009-03-04,34.5330
2009-03-03,36.1892
2009-03-02,37.8075
2009-02-27,39.2819
2009-02-26,34.9834
2009-02-25,36.8230
2009-02-24,38.3747
2009-02-20,41.4770
2009-02-19,43.4919
2009-02-18,41.5304
2009-02-17,45.1061
2009-02-16,48.9514
2009-02-13,51.6855
2009-02-12,50.7876
2009-02-11,51.0174
2009-02-10,49.5963
2009-02-09,48.7959
2009-02-06,44.0497
2009-02-05,42.5636
2009-02-04,45.1747
2009-02-03,44.5721
2009-02-02,44.0292
2009-01-30,49.7628
2009-01-29,49.3758
2009-01-28,48.0091
2009-01-27,44.7285
2009-01-23,41.2168
2009-01-22,41.7293
2009-01-21,40.0522
2009-01-20,44.9334
2009-01-19,48.1029
2009-01-16,49.0892
2009-01-15,47.4163
2009-01-14,49.7549
2009-01-13,48.3181
2009-01-12,51.7964
2009-01-09,53.1553
2009-01-07,52.2588
2009-01-06,55.1853
2009-01-05,52.6790
2009-01-02,48.6052
2008-12-31,45.5397
2008-12-30,47.5095
2008-12-29,45.9086
2008-12-26,43.0763
2008-12-24,43.7529
2008-12-23,44.3449
2008-12-22,44.9751
2008-12-19,46.0427
2008-12-18,47.0868
2008-12-17,46.4624
2008-12-16,46.9172
2008-12-15,49.3709
2008-12-12,50.2622
2008-12-11,49.2078
2008-12-10,49.8043
2008-12-08,45.6752
2008-12-05,42.7033
2008-12-04,44.9834
2008-12-03,41.0738
2008-12-02,40.1198
2008-12-01,41.4500
2008-11-28,42.1727
2008-11-26,40.3470
2008-11-25,37.7249
2008-11-24,38.2884
2008-11-21,38.8945
2008-11-20,34.7111
2008-11-19,36.3588
2008-11-18,37.5381
2008-11-17,39.3409
2008-11-14,40.7497
2008-11-12,42.6779
2008-11-11,43.1362
2008-11-10,46.0723
2008-11-07,43.7981
2008-11-06,42.4267
2008-11-05,44.6570
2008-11-04,48.9531
2008-11-03,48.2455
2008-10-31,44.4919
2008-10-29,35.2826
2008-10-27,33.6614
2008-10-24,36.0203
2008-10-23,40.4638
2008-10-22,44.6233
2008-10-21,46.8608
2008-10-20,43.1462
2008-10-17,38.9587
2008-10-16,39.6288
2008-10-15,35.8562
2008-10-14,39.1889
2008-10-13,38.9360
2008-10-10,33.9207
2008-10-08,38.3636
2008-10-07,40.3276
2008-10-06,40.6146
2008-10-03,44.2302
2008-10-01,48.5529
2008-09-30,45.9713
2008-09-29,41.1601
2008-09-26,43.0429
2008-09-25,45.7661
2008-09-24,46.2936
2008-09-23,46.9275
2008-09-22,51.7485
2008-09-19,51.0743
2008-09-18,43.7877
2008-09-17,45.0333
2008-09-16,45.4838
2008-09-15,46.3827
2008-09-12,45.3789
2008-09-11,48.3270
2008-09-10,50.2365
2008-09-09,52.3654
2008-09-08,52.3406
2008-09-05,49.1233
2008-09-04,54.1944
2008-09-02,55.1339
2008-09-01,51.5586
2008-08-29,51.8252
2008-08-28,48.5517
2008-08-27,50.0778
2008-08-26,51.8131
2008-08-25,52.4803
2008-08-22,49.8923
2008-08-21,47.5612
2008-08-20,50.7809
2008-08-19,49.8867
2008-08-18,52.3280
2008-08-14,50.1657
2008-08-13,54.2855
2008-08-12,56.1132
2008-08-11,59.8897
2008-08-08,58.4324
2008-08-07,57.4822
2008-08-06,55.3501
2008-08-05,57.7115
2008-08-04,55.2994
2008-08-01,56.2695
2008-07-31,52.9201
2008-07-30,52.8449
2008-07-29,48.0186
2008-07-28,51.4614
2008-07-25,51.4644
2008-07-24,55.6033
2008-07-23,56.4270
2008-07-22,49.9382
2008-07-21,48.0425
2008-07-18,47.4863
2008-07-17,41.5089
2008-07-16,34.8874
2008-07-15,36.7632
2008-07-14,40.1728
2008-07-11,42.0637
2008-07-10,45.5859
2008-07-09,44.7437
2008-07-08,41.5147
2008-07-07,42.7580
2008-07-04,42.7704
2008-07-03,38.2224
2008-07-02,40.8913
2008-07-01,32.0327
2008-06-30,35.1509
2008-06-27,37.6260
2008-06-26,43.4948
2008-06-25,40.2914
2008-06-24,43.7692
2008-06-23,41.2231
2008-06-20,39.6525
2008-06-19,41.4880
2008-06-18,44.2220
2008-06-17,43.4767
2008-06-16,37.0015
2008-06-13,35.1104
2008-06-12,36.2588
2008-06-11,36.7044
2008-06-10,32.1932
2008-06-09,35.1121
2008-06-06,39.6581
2008-06-05,41.2888
2008-06-04,41.3891
2008-06-03,43.6818
2008-06-02,46.4362
2008-05-30,47.9752
2008-05-29,41.4581
2008-05-28,44.6367
2008-05-27,44.8455
2008-05-26,46.9962
2008-05-23,51.6062
2008-05-22,49.2836
2008-05-21,52.1156
2008-05-20,56.4690
2008-05-16,56.1424
2008-05-15,57.4693
2008-05-14,55.0938
2008-05-13,52.1160
2008-05-12,53.9965
2008-05-09,51.7904
2008-05-08,55.3476
2008-05-07,55.7381
2008-05-06,55.3488
2008-05-05,55.0619
2008-05-02,57.8385
2008-04-30,59.2214
2008-04-29,62.7392
2008-04-28,57.7040
2008-04-25,56.8212
2008-04-24,53.0371
2008-04-23,52.0821
2008-04-22,52.5870
2008-04-21,49.0945
2008-04-17,49.2170
2008-04-16,45.1581
2008-04-15,44.7631
2008-04-11,44.9709
2008-04-10,44.9486
2008-04-09,45.7373
2008-04-08,42.2361
2008-04-07,42.1239
2008-04-04,41.0553
2008-04-03,45.4236
2008-04-02,46.1885
2008-04-01,42.4759
2008-03-31,43.0862
2008-03-28,49.6100
2008-03-27,51.1487
2008-03-26,51.1127
2008-03-25,49.0142
2008-03-24,42.1395
2008-03-19,35.2394
2008-03-18,34.7752
2008-03-17,35.2973
2008-03-14,42.4853
2008-03-13,42.4210
2008-03-12,43.3394
2008-03-11,42.1685
2008-03-10,44.0539
2008-03-07,45.7427
2008-03-05,49.5620
2008-03-04,45.4889
2008-03-03,43.0848
2008-02-29,50.5950
2008-02-28,49.6085
2008-02-27,46.2158
2008-02-26,41.7040
2008-02-25,42.0803
2008-02-22,41.5693
2008-02-21,43.7354
2008-02-20,46.9543
2008-02-19,50.6596
2008-02-18,52.1625
2008-02-15,52.8963
2008-02-14,51.0043
2008-02-13,46.2196
2008-02-12,42.2203
2008-02-11,42.6909
2008-02-08,47.6685
2008-02-07,51.4148
2008-02-06,54.3816
2008-02-05,58.3364
2008-02-04,56.6190
2008-02-01,56.0555
2008-01-31,50.7056
2008-01-30,52.6958
2008-01-29,51.1257
2008-01-28,48.5655
2008-01-25,45.8863
2008-01-24,41.6729
2008-01-23,37.9177
2008-01-22,35.4241
2008-01-21,42.2607
2008-01-18,47.0330
2008-01-17,48.3165
2008-01-16,47.9765
2008-01-15,50.5519
2008-01-14,53.8302
2008-01-11,57.8812
2008-01-10,61.4706
2008-01-09,63.9740
2008-01-08,60.2386
2008-01-07,62.9353
2008-01-04,62.9089
2008-01-03,60.7271
2008-01-02,61.3528
2008-01-01,56.4182
2007-12-31,54.5805
2007-12-28,57.1234
2007-12-27,56.3899
2007-12-26,55.8430
2007-12-24,56.1980
2007-12-20,49.5427
2007-12-19,50.3343
2007-12-18,53.2902
2007-12-17,56.2720
2007-12-14,66.0201
2007-12-13,71.0938
2007-12-12,70.1668
2007-12-11,65.1821
2007-12-10,62.3458
2007-12-07,65.6668
2007-12-06,61.3544
2007-12-05,57.9926
2007-12-04,57.6968
2007-12-03,58.4045
2007-11-30,60.8559
2007-11-29,56.4712
2007-11-28,57.8753
2007-11-27,57.4158
2007-11-26,57.8362
2007-11-23,56.0744
2007-11-22,51.0319
2007-11-21,53.1939
2007-11-20,55.3685
2007-11-19,58.6060
2007-11-16,59.0237
2007-11-15,60.1728
2007-11-14,62.3039
2007-11-13,55.3180
2007-11-12,51.5286
2007-11-08,54.4306
2007-11-07,54.9294
2007-11-06,55.9645
2007-11-05,57.0401
2007-11-02,59.6983
2007-11-01,62.3345
2007-10-31,67.2561
2007-10-30,66.7020
2007-10-29,70.5000
2007-10-26,61.4240
2007-10-25,59.4525
2007-10-24,60.6782
2007-10-23,62.3787
2007-10-22,62.8533
2007-10-19,54.3203
2007-10-18,57.8211
2007-10-17,59.5577
2007-10-16,68.1640
2007-10-15,67.3893
2007-10-12,63.4094
2007-10-11,68.2086
2007-10-10,67.6361
2007-10-09,67.5083
2007-10-08,65.3323
2007-10-05,65.1814
2007-10-04,69.0897
2007-10-03,78.6323
2007-10-01,75.7494
2007-09-28,77.9443
2007-09-27,76.9108
2007-09-26,76.2308
2007-09-25,73.0737
2007-09-24,72.5150
2007-09-21,72.1392
2007-09-20,70.7620
2007-09-19,72.3264
2007-09-18,63.6230
2007-09-17,63.8102
2007-09-14,67.6060
2007-09-13,66.9859
2007-09-12,65.2341
2007-09-11,63.7224
2007-09-10,60.9589
2007-09-07,63.7226
2007-09-06,62.5662
2007-09-05,58.7898
2007-09-04,59.4237
2007-09-03,55.2053
2007-08-31,53.3199
2007-08-30,54.2138
2007-08-29,52.1684
2007-08-28,53.9948
2007-08-27,53.4742
2007-08-24,48.4946
2007-08-23,48.4663
2007-08-22,47.9379
2007-08-21,47.9482
2007-08-20,48.8424
2007-08-17,48.5032
2007-08-16,46.8598
2007-08-14,50.3277
2007-08-13,53.1610
2007-08-10,50.9079
2007-08-09,55.6892
2007-08-08,59.6246
2007-08-07,53.9677
2007-08-06,51.8221
2007-08-03,55.4793
2007-08-02,52.4656
2007-08-01,52.1330
2007-07-31,58.4111
2007-07-30,50.3596
2007-07-27,50.8894
2007-07-26,61.6477
2007-07-25,56.7409
2007-07-24,58.3321
2007-07-23,59.6686
2007-07-20,58.2349
2007-07-19,57.3169
2007-07-18,56.8106
2007-07-17,58.3465
2007-07-16,61.4446
2007-07-13,60.5496
2007-07-12,58.6788
2007-07-11,55.2008
2007-07-10,55.8511
2007-07-09,56.6861
2007-07-06,56.1749
2007-07-05,59.2380
2007-07-04,62.0542
2007-07-03,63.8554
2007-07-02,67.0971
2007-06-29,67.0727
2007-06-28,63.3643
2007-06-27,57.4177
2007-06-26,59.3780
2007-06-25,61.3018
2007-06-22,59.7268
2007-06-21,57.7068
2007-06-20,54.9728
2007-06-19,52.3762
2007-06-18,51.1208
2007-06-15,53.1610
2007-06-14,56.7004
2007-06-13,51.0559
2007-06-12,53.7668
2007-06-11,52.1304
2007-06-08,51.2712
2007-06-07,57.6956
2007-06-06,58.7465
2007-06-05,65.9570
2007-06-04,64.7003
2007-06-01,63.7476
2007-05-31,64.7326
2007-05-30,62.1577
2007-05-29,61.1689
2007-05-28,64.4570
2007-05-25,62.8788
2007-05-24,58.6562
2007-05-23,63.6535
2007-05-22,63.2135
2007-05-21,57.8125
2007-05-18,56.4544
2007-05-17,57.3337
2007-05-16,56.4211
2007-05-15,54.3716
2007-05-14,55.2154
2007-05-11,53.4450
2007-05-10,55.5305
2007-05-09,48.7804
2007-05-08,49.7509
2007-05-07,51.6385
2007-05-04,52.0703
2007-05-03,56.0130
2007-04-30,54.5896
2007-04-27,56.9650
2007-04-26,61.7675
2007-04-25,63.4163
2007-04-24,60.8432
2007-04-23,58.1647
2007-04-20,56.7959
2007-04-19,49.9253
2007-04-18,52.7315
2007-04-17,51.5311
2007-04-16,51.4189
2007-04-13,49.9427
2007-04-12,47.9375
2007-04-11,51.7015
2007-04-10,53.8625
2007-04-09,49.6375
2007-04-05,47.2192
2007-04-04,44.4129
2007-04-03,36.7616
2007-04-02,37.3445
2007-03-30,43.9813
2007-03-29,45.2720
2007-03-28,43.5000
2007-03-26,48.4496
2007-03-23,50.4823
2007-03-22,48.3278
2007-03-21,45.2342
2007-03-20,47.2938
2007-03-19,44.3305
2007-03-16,40.5790
2007-03-15,41.2349
2007-03-14,44.7373
2007-03-13,49.7840
2007-03-12,47.2271
2007-03-09,45.3160
2007-03-08,43.3973
2007-03-07,40.6662
2007-03-06,37.4921
2007-03-05,36.7668
2007-03-02,39.3665
2007-03-01,36.6927
2007-02-28,35.9373
2007-02-27,44.6688
2007-02-26,44.0600
2007-02-23,44.2357
2007-02-22,49.9638
2007-02-21,51.0784
2007-02-20,48.9905
2007-02-19,53.3316
2007-02-15,53.5710
2007-02-14,52.4556
2007-02-13,56.9207
2007-02-12,61.1628
2007-02-09,69.8145
2007-02-08,69.2176
2007-02-07,68.5548
2007-02-06,68.7515
2007-02-05,71.3227
2007-02-02,66.4085
2007-02-01,60.1089
2007-01-31,59.9388
2007-01-29,59.8094
2007-01-25,62.5821
2007-01-24,58.2177
2007-01-23,54.2439
2007-01-22,54.9978
2007-01-19,53.6858
2007-01-18,53.2855
2007-01-17,47.5592
2007-01-16,48.9687
2007-01-15,53.5206
2007-01-12,52.3898
2007-01-11,43.8902
2007-01-10,44.3850
2007-01-09,48.5982
2007-01-08,53.3217
2007-01-05,55.9595
2007-01-04,51.9751
2007-01-03,56.0567
2007-01-02,58.3528
2006-12-29,59.1312
2006-12-28,60.2899
2006-12-27,59.3130
2006-12-26,56.7943
2006-12-22,53.2927
2006-12-21,53.9755
2006-12-20,53.3280
2006-12-19,50.6065
2006-12-18,51.4147
2006-12-15,50.6846
2006-12-14,48.5731
2006-12-13,44.3730
2006-12-12,43.9557
2006-12-11,49.3509
2006-12-08,50.0380
2006-12-07,51.9396
2006-12-06,55.0083
2006-12-05,56.9571
2006-12-04,59.6956
2006-12-01,62.5076
2006-11-30,63.1347
2006-11-29,61.4674
2006-11-28,61.9119
2006-11-27,64.5242
2006-11-24,64.2998
2006-11-23,64.8428
2006-11-22,63.5350
2006-11-21,64.6595
2006-11-20,67.3984
2006-11-17,63.6798
2006-11-16,59.7591
2006-11-15,57.6595
2006-11-14,59.8488
2006-11-13,60.5712
2006-11-10,55.5495
2006-11-09,56.4703
2006-11-08,58.4711
2006-11-07,63.1577
2006-11-06,60.5817
2006-11-03,56.4991
2006-11-02,52.8027
2006-11-01,51.3396
2006-10-31,56.3870
2006-10-30,54.4872
2006-10-27,55.4252
2006-10-26,54.5035
2006-10-23,52.5317
2006-10-20,54.7759
2006-10-19,55.4273
2006-10-18,58.2689
2006-10-17,62.3521
2006-10-16,66.4083
2006-10-13,65.5014
2006-10-12,63.1740
2006-10-11,58.2346
2006-10-10,55.8882
2006-10-09,53.6868
2006-10-06,58.5982
2006-10-05,61.4647
2006-10-04,60.4040
2006-10-03,65.5234
2006-09-29,74.9177
2006-09-28,72.7139
2006-09-27,68.5332
2006-09-26,66.0634
2006-09-25,63.1579
2006-09-22,66.0666
2006-09-21,66.1888
2006-09-20,62.3623
2006-09-19,59.7559
2006-09-18,63.2949
2006-09-15,58.9853
2006-09-14,60.1327
2006-09-13,63.1100
2006-09-12,60.6018
2006-09-11,60.3365
2006-09-08,62.1245
2006-09-07,64.7002
2006-09-06,60.1798
2006-09-05,61.7149
2006-09-04,61.4602
2006-09-01,61.3407
2006-08-31,60.3918
2006-08-30,59.7628
2006-08-29,58.4679
2006-08-28,55.5763
2006-08-25,57.9122
2006-08-24,57.9410
2006-08-23,57.8913
2006-08-22,63.3296
2006-08-21,60.7946
2006-08-18,62.5640
2006-08-17,61.3984
2006-08-16,61.1430
2006-08-14,62.1055
2006-08-11,59.6946
2006-08-10,61.2212
2006-08-09,58.0281
2006-08-08,58.8189
2006-08-07,57.9487
2006-08-04,59.0880
2006-08-03,57.5469
2006-08-02,54.5608
2006-08-01,54.3944
2006-07-31,53.1243
2006-07-28,53.9000
2006-07-27,54.5723
2006-07-26,49.8834
2006-07-25,46.5155
2006-07-24,44.5072
2006-07-21,43.9428
2006-07-20,44.5965
2006-07-19,43.0742
2006-07-18,43.2233
2006-07-17,44.3331
2006-07-14,48.7018
2006-07-13,50.3667
2006-07-12,53.3203
2006-07-11,53.1055
2006-07-10,53.0079
2006-07-07,50.6373
2006-07-06,55.3922
2006-07-05,54.4349
2006-07-04,50.9172
2006-07-03,48.8811
2006-06-30,48.8491
2006-06-29,44.4204
2006-06-28,42.9935
2006-06-27,45.3153
2006-06-26,41.9427
2006-06-23,45.8339
2006-06-22,46.5870
2006-06-21,38.2490
2006-06-20,37.4868
2006-06-19,39.7225
2006-06-16,39.1215
2006-06-15,40.1664
2006-06-14,34.2650
2006-06-13,35.2680
2006-06-12,41.3371
2006-06-09,47.3077
2006-06-08,36.8388
2006-06-07,41.3005
2006-06-06,41.1470
2006-06-05,44.1640
2006-06-02,41.5623
2006-06-01,33.2839
2006-05-31,34.2482
2006-05-30,38.9025
2006-05-29,40.8015
2006-05-26,36.0035
2006-05-25,33.1216
2006-05-24,35.7932
2006-05-23,41.1428
2006-05-22,36.2946
2006-05-19,40.5109
2006-05-18,45.2078
2006-05-17,55.6778
2006-05-16,55.2578
2006-05-15,56.5159
2006-05-12,61.4729
2006-05-11,62.7623
2006-05-10,59.1695
2006-05-09,58.3958
2006-05-08,56.2954
2006-05-05,46.8905
2006-05-04,47.9471
2006-05-03,48.5939
2006-05-02,50.3465
2006-04-28,49.0525
2006-04-27,49.2407
2006-04-26,48.8271
2006-04-25,41.4115
2006-04-24,42.1065
2006-04-21,43.8401
2006-04-20,44.1324
2006-04-19,47.9196
2006-04-18,45.1640
2006-04-17,42.9350
2006-04-13,40.8416
2006-04-12,44.5694
2006-04-10,50.7835
2006-04-07,53.0475
2006-04-05,55.4522
2006-04-04,54.6698
2006-04-03,53.4560
2006-03-31,52.9430
2006-03-30,56.7219
2006-03-29,53.9174
2006-03-28,53.8670
2006-03-27,51.0753
2006-03-24,50.5048
2006-03-23,50.5193
2006-03-22,50.5746
2006-03-21,49.9959
2006-03-20,53.5424
2006-03-17,53.9748
2006-03-16,55.0815
2006-03-14,51.8104
2006-03-13,50.4083
2006-03-10,52.1821
2006-03-09,46.9064
2006-03-08,48.4738
2006-03-07,55.1682
2006-03-06,54.2135
2006-03-03,52.1008
2006-03-02,57.5168
2006-03-01,57.4332
2006-02-28,57.5408
2006-02-27,60.8782
2006-02-24,59.3057
2006-02-23,61.5471
2006-02-22,61.3359
2006-02-21,56.9442
2006-02-20,55.7705
2006-02-17,53.8068
2006-02-16,58.9617
2006-02-15,59.0946
2006-02-14,63.3264
2006-02-13,63.4793
2006-02-10,62.8956
2006-02-08,61.2403
2006-02-07,61.5559
2006-02-06,60.9908
2006-02-03,58.3382
2006-02-02,65.5300
2006-02-01,68.9755
2006-01-31,65.7661
2006-01-30,63.9784
2006-01-27,62.2544
2006-01-25,60.9239
2006-01-24,56.3265
2006-01-23,54.7325
2006-01-20,59.2595
2006-01-19,51.3446
2006-01-18,47.1731
2006-01-17,48.3113
2006-01-16,49.8793
2006-01-13,51.1947
2006-01-12,53.8952
2006-01-10,56.9187
2006-01-09,63.5574
2006-01-06,63.9754
2006-01-05,61.5171
2006-01-04,61.7970
2006-01-03,60.6052
2006-01-02,56.8809
2005-12-30,58.5604
2005-12-29,60.4186
2005-12-28,57.5797
2005-12-27,55.2562
2005-12-26,55.8054
2005-12-23,60.4115
2005-12-22,75.9211
2005-12-21,74.4237
2005-12-20,72.1069
2005-12-19,72.0645
2005-12-16,71.3289
2005-12-15,68.0809
2005-12-14,67.6042
2005-12-13,65.7590
2005-12-12,61.0633
2005-12-09,58.6392
2005-12-08,57.7713
2005-12-07,60.7770
2005-12-06,62.3219
2005-12-05,60.3790
2005-12-02,66.9263
2005-12-01,66.8850
2005-11-30,65.0783
2005-11-29,67.6607
2005-11-28,68.1808
2005-11-25,65.8142
2005-11-24,62.3678
2005-11-23,58.2850
2005-11-22,57.8996
2005-11-21,61.4027
2005-11-18,57.9958
2005-11-17,58.7177
2005-11-16,62.7412
2005-11-14,64.8984
2005-11-11,61.5746
2005-11-10,59.7251
2005-11-09,62.5664
2005-11-08,61.4304
2005-11-07,56.7975
2005-11-02,56.3009
2005-10-31,51.2012
2005-10-28,46.0501
2005-10-27,47.9588
2005-10-26,43.4469
2005-10-25,40.3553
2005-10-24,40.3447
2005-10-21,42.0205
2005-10-20,46.0981
2005-10-19,50.3444
2005-10-18,51.4039
2005-10-17,51.0346
2005-10-14,51.9415
2005-10-13,51.8163
2005-10-11,53.2403
2005-10-10,52.8919
2005-10-07,53.8327
2005-10-06,54.7424
2005-10-05,59.4590
2005-10-04,58.5708
2005-10-03,57.9918
2005-09-30,61.4135
2005-09-29,59.2409
2005-09-28,62.3549
2005-09-27,58.2755
2005-09-26,56.8977
2005-09-23,52.5624
2005-09-22,54.1382
2005-09-21,58.0581
2005-09-20,65.3253
2005-09-19,69.9839
2005-09-16,72.8323
2005-09-15,66.3021
2005-09-14,64.7200
2005-09-13,60.7806
2005-09-12,56.1821
2005-09-09,53.1363
2005-09-08,58.0939
2005-09-06,50.8181
2005-09-05,51.5335
2005-09-02,52.0289
2005-09-01,54.6050
2005-08-31,51.8828
2005-08-30,49.9035
2005-08-29,43.6915
2005-08-26,48.4991
2005-08-25,46.9648
2005-08-24,50.3668
2005-08-23,52.9050
2005-08-22,54.3640
2005-08-19,57.4274
2005-08-18,56.9172
2005-08-17,61.2854
2005-08-16,61.0129
2005-08-12,60.7945
2005-08-11,64.2699
2005-08-10,56.8861
2005-08-09,53.7094
2005-08-08,53.3008
2005-08-05,57.1924
2005-08-04,60.0678
2005-08-03,62.5683
2005-08-02,63.1469
2005-08-01,62.6285
2005-07-29,62.7823
2005-07-27,59.6127
2005-07-26,59.6038
2005-07-25,59.2311
2005-07-22,58.2752
2005-07-21,57.3669
2005-07-20,55.0157
2005-07-19,59.5011
2005-07-18,58.0133
2005-07-15,57.3876
2005-07-14,56.2946
2005-07-13,57.8813
2005-07-12,60.7183
2005-07-11,67.4334
2005-07-08,65.3756
2005-07-07,64.1013
2005-07-06,71.0893
2005-07-05,67.4411
2005-07-04,64.1982
2005-07-01,62.6610
2005-06-30,66.5856
2005-06-29,61.1791
2005-06-28,64.0600
2005-06-27,62.8737
2005-06-24,62.3223
2005-06-23,63.1281
2005-06-22,68.3416
2005-06-21,63.7823
2005-06-20,65.9918
2005-06-17,69.6178
2005-06-16,66.9005
2005-06-15,61.6884
2005-06-14,63.5238
2005-06-13,66.6026
2005-06-10,71.6350
2005-06-09,70.4514
2005-06-08,68.9911
2005-06-07,65.1452
2005-06-06,59.0162
2005-06-03,53.0270
2005-06-02,54.6653
2005-06-01,56.3183
2005-05-31,54.3119
2005-05-30,53.5033
2005-05-27,55.0757
2005-05-26,57.4086
2005-05-25,53.2277
2005-05-24,52.7125
2005-05-23,53.6706
2005-05-20,56.2320
2005-05-19,55.2778
2005-05-18,56.2651
2005-05-17,56.9944
2005-05-16,56.6813
2005-05-13,57.5510
2005-05-12,53.3563
2005-05-11,49.7538
2005-05-10,49.2583
2005-05-09,51.3924
2005-05-06,51.5087
2005-05-05,53.0033
2005-05-04,54.1674
2005-05-03,53.0929
2005-05-02,50.2866
2005-04-29,49.2271
2005-04-28,53.3654
2005-04-27,49.2321
2005-04-26,47.2095
2005-04-25,49.0435
2005-04-22,47.9966
2005-04-21,47.6103
2005-04-20,46.2608
2005-04-19,43.7227
2005-04-18,39.4332
2005-04-15,41.6614
2005-04-13,45.5144
2005-04-12,42.2472
2005-04-11,39.8729
2005-04-08,41.8372
2005-04-07,43.0743
2005-04-06,42.2207
2005-04-05,43.7662
2005-04-04,44.1588
2005-04-01,42.1880
2005-03-31,43.7866
2005-03-30,45.1977
2005-03-29,34.1865
2005-03-28,37.3817
2005-03-24,32.0283
2005-03-23,34.7347
2005-03-22,40.1839
2005-03-21,43.2331
2005-03-18,44.8674
2005-03-17,50.2004
2005-03-16,50.9208
2005-03-15,51.5977
2005-03-14,55.7234
2005-03-11,56.4548
2005-03-10,61.2308
2005-03-09,57.2572
2005-03-08,55.4589
2005-03-07,58.2752
2005-03-04,54.5540
2005-03-03,50.7538
2005-03-02,50.3260
2005-03-01,53.2305
2005-02-28,52.1949
2005-02-25,46.5601
2005-02-24,50.5473
2005-02-23,52.1494
2005-02-22,52.5301
2005-02-21,51.7317
2005-02-18,53.2410
2005-02-17,51.9579
2005-02-16,51.8157
2005-02-15,52.9320
2005-02-14,53.8505
2005-02-11,54.1959
2005-02-10,55.7060
2005-02-09,61.5261
2005-02-08,62.2227
2005-02-07,58.0391
2005-02-04,64.7842
2005-02-03,59.4536
2005-02-02,55.7083
2005-02-01,56.9196
2005-01-31,57.6846
2005-01-28,51.9378
2005-01-27,52.5363
2005-01-25,50.9634
2005-01-24,49.8224
2005-01-20,54.8153
2005-01-19,58.2930
2005-01-18,59.2350
2005-01-17,53.5541
2005-01-14,47.7579
2005-01-13,44.6010
2005-01-12,44.5370
2005-01-11,43.1007
2005-01-10,45.6392
2005-01-07,45.1225
2005-01-06,47.9293
2005-01-05,50.1760
2005-01-04,55.2859
2005-01-03,55.9685
2004-12-31,55.7841
2004-12-30,53.4825
2004-12-29,54.6365
2004-12-28,53.7555
2004-12-27,54.5066
2004-12-24,54.7159
2004-12-23,54.1850
2004-12-22,56.8338
2004-12-21,58.7909
2004-12-20,60.0025
2004-12-17,59.3741
2004-12-16,63.0424
2004-12-15,63.4171
2004-12-14,62.5160
2004-12-13,61.3442
2004-12-10,58.7892
2004-12-09,62.1333
2004-12-08,58.9037
2004-12-07,62.2832
2004-12-06,62.8000
2004-12-03,62.2779
2004-12-02,70.8245
2004-12-01,66.6117
2004-11-30,76.0145
2004-11-29,72.3136
2004-11-25,72.0767
2004-11-24,69.9020
2004-11-23,66.4329
2004-11-22,65.9321
2004-11-19,64.0738
2004-11-18,62.7792
2004-11-17,58.3459
2004-11-16,59.7514
2004-11-12,60.9105
2004-11-11,60.0532
2004-11-10,61.5874
2004-11-09,64.7446
2004-11-08,59.9928
2004-11-05,57.8289
2004-11-04,57.9529
2004-11-03,57.7520
2004-11-02,54.1220
2004-11-01,49.7761
2004-10-29,52.1340
2004-10-28,51.9566
2004-10-27,56.9850
2004-10-26,53.0329
2004-10-25,56.8454
2004-10-21,59.4213
2004-10-20,57.0672
2004-10-19,58.7427
2004-10-18,56.9199
2004-10-15,52.7302
2004-10-14,59.8550
2004-10-12,73.6828
2004-10-11,72.0456
2004-10-08,72.3155
2004-10-07,70.3170
2004-10-06,70.0455
2004-10-05,65.4757
2004-10-04,67.2896
2004-10-01,62.2523
2004-09-30,56.8808
2004-09-29,56.4801
2004-09-28,56.9832
2004-09-27,56.1217
2004-09-24,59.1281
2004-09-23,63.3058
2004-09-22,64.8876
2004-09-21,64.8075
2004-09-20,61.7264
2004-09-17,62.7094
2004-09-16,60.0581
2004-09-15,63.8705
2004-09-14,73.6132
2004-09-13,70.8139
2004-09-10,68.0232
2004-09-09,61.9663
2004-09-08,61.7197
2004-09-07,53.9474
2004-09-06,53.0439
2004-09-03,49.9253
2004-09-02,49.5302
2004-09-01,50.6012
2004-08-31,48.2769
2004-08-30,47.6530
2004-08-27,49.2245
2004-08-26,48.5214
2004-08-25,45.5737
2004-08-24,43.9176
2004-08-23,42.0210
2004-08-20,40.4413
2004-08-19,43.2308
2004-08-18,41.2966
2004-08-17,40.4739
2004-08-16,44.3763
2004-08-13,47.1828
2004-08-12,50.4362
2004-08-11,47.6952
2004-08-10,49.8855
2004-08-09,49.5089
2004-08-06,50.5002
2004-08-05,51.3888
2004-08-04,50.4445
2004-08-03,51.0059
2004-08-02,51.4218
2004-07-30,51.8076
2004-07-29,51.4755
2004-07-28,51.9430
2004-07-27,53.8287
2004-07-26,56.3675
2004-07-23,58.2311
2004-07-22,58.8672
2004-07-21,51.1729
2004-07-20,45.6567
2004-07-19,46.1749
2004-07-16,46.3029
2004-07-15,45.8465
2004-07-14,46.1610
2004-07-13,48.5637
2004-07-12,45.6535
2004-07-09,48.0378
2004-07-08,46.6298
2004-07-07,45.6806
2004-07-06,42.7112
2004-07-05,40.7316
2004-07-02,40.8418
2004-07-01,39.9674
2004-06-30,36.8648
2004-06-29,39.4095
2004-06-28,41.2503
2004-06-25,42.7926
2004-06-24,40.0348
2004-06-23,44.7973
2004-06-22,47.2734
2004-06-21,45.2205
2004-06-18,43.5452
2004-06-17,43.1984
2004-06-16,43.8067
2004-06-15,48.2293
2004-06-14,48.3568
2004-06-11,51.4682
2004-06-10,52.9895
2004-06-09,53.6556
2004-06-08,53.4418
2004-06-07,53.0880
2004-06-04,47.9022
2004-06-03,44.6270
2004-06-02,43.9556
2004-06-01,43.2135
2004-05-31,46.2361
2004-05-28,44.3740
2004-05-27,45.4101
2004-05-26,45.1898
2004-05-25,43.7141
2004-05-24,46.0637
2004-05-21,45.4841
2004-05-20,41.9093
2004-05-19,46.1549
2004-05-18,46.4236
2004-05-17,28.0221
2004-05-14,32.4585
2004-05-13,40.1558
2004-05-12,38.7584
2004-05-11,44.3267
2004-05-10,54.9661
2004-05-07,53.9758
2004-05-06,53.5309
2004-05-05,54.3323
2004-05-04,47.6125
2004-05-03,42.2783
2004-04-30,38.2523
2004-04-29,39.5440
2004-04-28,42.6588
2004-04-27,44.4543
2004-04-23,44.7316
2004-04-22,46.3096
2004-04-21,46.2939
2004-04-20,44.7013
2004-04-19,45.7041
2004-04-16,49.3249
2004-04-15,54.4999
2004-04-13,54.3966
2004-04-12,54.9597
2004-04-08,57.0410
2004-04-07,64.9642
2004-04-06,62.5225
2004-04-05,61.9352
2004-04-02,63.0791
2004-04-01,61.1350
2004-03-31,55.7718
2004-03-30,48.9323
2004-03-29,48.7413
2004-03-26,46.2083
2004-03-25,43.0469
2004-03-24,45.2791
2004-03-23,46.3379
2004-03-22,43.2777
2004-03-19,41.5504
2004-03-18,41.7517
2004-03-17,38.3642
2004-03-16,42.7506
2004-03-15,43.7076
2004-03-12,45.9312
2004-03-11,43.3019
2004-03-10,47.0039
2004-03-09,46.6980
2004-03-08,49.2220
2004-03-05,50.1445
2004-03-04,49.4187
2004-03-03,49.0138
2004-03-01,50.1202
2004-02-27,41.7674
2004-02-26,45.2469
2004-02-25,43.5109
2004-02-24,43.4656
2004-02-23,49.6430
2004-02-20,52.0625
2004-02-19,60.2495
2004-02-18,58.9002
2004-02-17,56.4387
2004-02-16,55.9266
2004-02-13,60.7821
2004-02-12,61.4542
2004-02-11,61.9822
2004-02-10,59.9559
2004-02-09,57.9046
2004-02-06,54.5697
2004-02-05,55.7825
2004-02-04,56.0404
2004-02-03,56.2876
2004-01-30,56.1037
2004-01-29,56.1962
2004-01-28,57.3512
2004-01-27,49.9448
2004-01-23,52.3510
2004-01-22,50.7739
2004-01-21,51.4305
2004-01-20,58.1357
2004-01-19,64.5893
2004-01-16,58.6134
2004-01-15,58.9679
2004-01-14,58.8214
2004-01-13,59.2231
2004-01-12,56.2308
2004-01-09,60.9951
2004-01-08,60.7481
2004-01-07,58.7636
2004-01-06,62.9864
2004-01-05,65.4888
2004-01-02,64.6254
2004-01-01,63.5078
2003-12-31,63.1718
2003-12-30,68.5704
2003-12-29,67.9852
2003-12-26,68.5045
2003-12-24,75.6770
2003-12-23,66.7644
2003-12-22,64.7137
2003-12-19,65.8478
2003-12-18,65.2902
2003-12-17,68.4967
2003-12-16,67.7535
2003-12-15,72.5521
2003-12-12,74.2025
2003-12-11,71.0860
2003-12-10,66.4882
2003-12-09,64.8519
2003-12-08,64.4367
2003-12-05,64.2414
2003-12-04,63.6302
2003-12-03,60.4888
2003-12-02,59.1187
2003-12-01,64.0678
2003-11-28,59.8931
2003-11-27,57.8409
2003-11-25,50.2103
2003-11-24,49.8620
2003-11-21,52.1495
2003-11-20,52.1495
2003-11-19,49.8860
2003-11-18,53.6534
2003-11-17,53.2208
2003-11-14,51.5621
2003-11-13,51.9685
2003-11-12,55.0268
2003-11-11,49.0661
2003-11-10,50.8408
2003-11-07,51.1389
2003-11-06,51.2440
2003-11-05,54.8733
2003-11-04,53.3503
2003-11-03,53.0229
2003-10-31,51.7356
2003-10-30,52.7938
2003-10-29,56.7003
2003-10-28,58.3996
2003-10-27,56.7883
2003-10-24,55.4366
2003-10-23,52.4853
2003-10-22,51.3080
2003-10-21,56.4167
2003-10-20,57.8687
2003-10-17,62.1705
2003-10-16,63.4853
2003-10-15,58.7975
2003-10-14,57.7336
2003-10-13,59.8683
2003-10-10,61.9359
2003-10-09,60.5949
2003-10-08,59.4123
2003-10-07,66.5993
2003-10-06,66.7165
2003-10-03,61.5998
2003-10-01,59.1402
2003-09-30,56.5540
2003-09-29,54.6513
2003-09-26,57.4207
2003-09-25,55.8440
2003-09-24,58.8174
2003-09-23,53.2602
2003-09-22,52.9959
2003-09-19,54.1002
2003-09-18,51.7633
2003-09-17,52.9052
2003-09-16,56.8065
2003-09-15,55.0346
2003-09-12,54.1946
2003-09-11,58.0280
2003-09-10,62.1748
2003-09-09,59.9787
2003-09-08,61.4124
2003-09-05,61.1604
2003-09-04,60.4623
2003-09-03,57.9801
2003-09-02,57.0801
2003-09-01,63.5126
2003-08-29,59.9736
2003-08-28,60.4553
2003-08-27,59.3302
2003-08-26,56.7611
2003-08-25,58.7521
2003-08-22,58.3473
2003-08-21,61.0868
2003-08-20,71.2317
2003-08-19,71.0333
2003-08-18,65.8659
2003-08-14,61.0506
2003-08-13,66.1398
2003-08-12,70.0064
2003-08-11,64.8528
2003-08-08,62.7315
2003-08-07,59.9467
2003-08-06,58.1295
2003-08-05,59.1171
2003-08-04,62.4642
2003-08-01,57.7709
2003-07-31,54.4930
2003-07-30,53.6550
2003-07-29,52.0940
2003-07-28,53.0773
2003-07-25,57.8079
2003-07-24,55.4007
2003-07-23,51.7033
2003-07-22,54.7564
2003-07-21,60.0633
2003-07-18,54.6632
2003-07-17,53.3205
2003-07-16,55.9967
2003-07-15,55.0989
2003-07-14,58.2930
2003-07-11,59.5878
2003-07-10,58.2512
2003-07-09,57.9509
2003-07-08,58.3296
2003-07-07,60.1775
2003-07-04,56.7878
2003-07-03,62.8905
2003-07-02,52.1584
2003-07-01,59.0098
2003-06-30,65.3418
2003-06-27,64.9371
2003-06-26,68.0505
2003-06-25,65.9681
2003-06-24,65.5673
2003-06-23,66.7928
2003-06-20,68.2107
2003-06-19,68.2968
2003-06-18,67.3172
2003-06-17,65.9582
2003-06-16,64.2990
2003-06-13,61.9812
2003-06-12,55.5226
2003-06-11,57.8570
2003-06-10,57.0264
2003-06-09,63.4694
2003-06-06,57.3319
2003-06-05,56.7834
2003-06-04,58.6852
2003-06-03,66.6445
2003-06-02,64.1092
2003-05-30,61.9620
2003-05-29,63.5232
2003-05-28,61.0362
2003-05-27,60.6177
2003-05-26,61.3631
2003-05-23,56.8012
2003-05-22,53.7973
2003-05-21,52.5776
2003-05-20,51.0616
2003-05-19,51.1356
2003-05-16,50.6832
2003-05-15,49.5972
2003-05-14,46.2955
2003-05-13,46.9447
2003-05-12,46.6560
2003-05-09,46.2930
2003-05-08,46.1907
2003-05-07,44.5238
2003-05-06,50.8936
2003-05-05,52.8681
2003-05-02,57.2395
2003-04-30,50.1251
2003-04-29,44.5281
2003-04-28,33.7704
2003-04-25,24.2578
2003-04-24,28.9996
2003-04-23,33.7549
2003-04-22,35.5948
2003-04-21,34.0510
2003-04-17,35.1924
2003-04-16,38.0821
2003-04-15,40.9024
2003-04-11,42.7876
2003-04-10,40.4317
2003-04-09,41.4450
2003-04-08,39.5535
2003-04-07,38.8601
2003-04-04,39.7000
2003-04-03,42.0547
2003-04-02,40.8323
2003-04-01,41.4618
2003-03-31,30.9902
2003-03-28,32.3265
2003-03-27,34.6469
2003-03-26,34.8313
2003-03-25,38.6429
2003-03-24,41.0793
2003-03-21,41.6682
2003-03-20,40.1944
2003-03-19,42.4183
2003-03-17,27.8985
2003-03-13,35.3560
2003-03-12,38.0475
2003-03-11,43.7696
2003-03-10,49.3165
2003-03-07,46.4103
2003-03-06,46.2932
2003-03-05,49.4202
2003-03-04,51.5910
2003-03-03,53.3728
2003-02-28,53.8143
2003-02-27,53.8672
2003-02-26,53.8241
2003-02-25,53.9678
2003-02-24,54.2431
2003-02-21,54.7294
2003-02-20,54.0896
2003-02-19,54.0553
2003-02-18,54.0553
2003-02-17,55.3225
2003-02-14,53.5898
2003-02-12,57.6516
2003-02-11,66.0759
2003-02-10,68.3369
2003-02-07,58.9718
2003-02-06,58.4660
2003-02-05,59.0589
2003-02-04,55.8703
2003-02-03,60.0147
2003-01-31,60.8830
2003-01-30,60.7561
2003-01-29,61.1330
2003-01-28,60.6987
2003-01-27,60.9575
2003-01-24,59.9573
2003-01-23,63.2436
2003-01-22,62.5273
2003-01-21,59.7802
2003-01-20,61.9997
2003-01-17,60.1602
2003-01-16,61.8998
2003-01-15,63.7711
2003-01-14,61.7370
2003-01-13,60.6762
2003-01-10,62.8195
2003-01-09,61.6220
2003-01-08,60.2924
2003-01-07,60.6019
2003-01-06,58.2012
2003-01-03,55.2959
2003-01-02,59.0649
2003-01-01,57.1087
2002-12-31,58.5527
2002-12-30,60.0609
2002-12-27,59.9330
2002-12-26,55.4872
2002-12-24,56.3924
2002-12-23,58.9825
2002-12-20,62.0064
2002-12-19,60.5082
2002-12-18,64.4217
2002-12-17,62.9416
2002-12-16,76.4622
2002-12-13,72.5638
2002-12-12,62.9094
2002-12-11,63.4901
2002-12-10,60.4641
2002-12-09,60.4186
2002-12-06,64.4080
2002-12-05,62.0707
2002-12-04,56.3285
2002-12-03,56.8959
2002-12-02,63.7455
2002-11-29,68.3897
2002-11-28,68.1167
2002-11-27,67.6079
2002-11-26,71.1052
2002-11-25,68.6806
2002-11-22,69.2204
2002-11-21,75.2784
2002-11-20,69.9648
2002-11-19,66.1620
2002-11-18,67.1286
2002-11-15,66.7554
2002-11-14,63.8255
2002-11-13,61.8372
2002-11-12,60.7609
2002-11-11,59.2821
2002-11-08,57.0113
2002-11-07,59.5590
2002-11-06,54.4795
2002-11-05,58.9611
2002-11-04,58.0632
2002-11-01,56.6485
2002-10-31,56.2646
2002-10-30,56.3528
2002-10-29,58.4189
2002-10-28,58.2275
2002-10-25,62.7506
2002-10-24,59.5086
2002-10-23,63.1533
2002-10-22,62.2594
2002-10-21,55.5865
2002-10-18,55.9268
2002-10-17,54.5612
2002-10-16,63.2035
2002-10-15,61.5564
2002-10-14,57.9352
2002-10-11,55.5689
2002-10-10,54.1298
2002-10-09,56.0939
2002-10-08,55.6304
2002-10-07,55.8207
2002-10-04,55.3943
2002-10-03,50.5724
2002-10-02,53.2123
2002-10-01,53.3152
2002-09-30,51.6087
2002-09-27,51.1671
2002-09-26,49.3856
2002-09-25,46.2666
2002-09-24,47.9851
2002-09-23,46.7659
2002-09-20,48.2379
2002-09-19,47.9434
2002-09-18,48.4446
2002-09-17,48.0441
2002-09-16,48.1603
2002-09-13,46.0836
2002-09-12,42.8801
2002-09-11,43.2286
2002-09-10,46.9447
2002-09-09,46.8247
2002-09-06,45.1749
2002-09-05,41.8860
2002-09-04,46.1443
2002-09-03,46.6927
2002-09-02,46.7925
2002-08-30,43.2689
2002-08-29,38.2890
2002-08-28,38.7590
2002-08-27,37.3119
2002-08-26,34.1555
2002-08-23,40.1515
2002-08-22,42.6345
2002-08-21,43.4802
2002-08-20,44.4423
2002-08-19,50.2659
2002-08-16,48.1511
2002-08-15,49.3325
2002-08-14,45.9253
2002-08-13,47.3391
2002-08-12,50.1580
2002-08-09,51.8501
2002-08-08,46.7650
2002-08-07,46.9696
2002-08-06,46.5658
2002-08-05,47.6870
2002-08-02,51.5904
2002-08-01,54.7733
2002-07-31,52.9600
2002-07-30,47.5393
2002-07-29,46.9108
2002-07-26,42.5138
2002-07-25,48.4275
2002-07-24,43.0767
2002-07-23,44.0521
2002-07-22,45.7538
2002-07-19,47.5915
2002-07-18,45.0875
2002-07-17,43.7620
2002-07-16,47.8503
2002-07-15,47.4208
2002-07-12,46.2290
2002-07-11,46.5712
2002-07-10,46.7981
2002-07-09,48.8148
2002-07-08,53.5763
2002-07-05,52.4389
2002-07-04,49.4068
2002-07-03,45.5176
2002-07-02,52.4239
2002-07-01,52.6109
2002-06-28,54.3855
2002-06-27,54.3099
2002-06-26,52.8781
2002-06-25,49.1378
2002-06-24,49.6349
2002-06-21,43.6454
2002-06-20,48.6929
2002-06-19,47.6595
2002-06-18,56.7077
2002-06-17,56.4953
2002-06-14,61.3144
2002-06-13,54.8132
2002-06-12,55.2129
2002-06-11,54.4151
2002-06-10,48.3515
2002-06-07,49.2486
2002-06-06,49.0239
2002-06-05,42.6998
2002-06-04,35.2091
2002-06-03,38.2866
2002-05-31,37.3238
2002-05-30,33.6281
2002-05-29,33.9704
2002-05-28,34.0230
2002-05-27,37.5766
2002-05-24,38.2711
2002-05-23,37.7830
2002-05-22,40.8516
2002-05-21,40.8666
2002-05-20,43.9511
2002-05-17,43.9511
2002-05-16,41.7397
2002-05-15,50.9051
2002-05-14,50.2296
2002-05-13,47.0460
2002-05-10,46.5212
2002-05-09,46.5887
2002-05-08,46.7013
2002-05-07,48.0897
2002-05-06,51.3706
2002-05-03,48.7148
2002-05-02,49.9703
2002-05-01,45.8740
2002-04-30,49.5501
2002-04-29,46.5760
2002-04-26,44.9987
2002-04-25,40.7568
2002-04-24,38.1244
2002-04-23,34.5736
2002-04-22,32.6703
2002-04-19,38.8427
2002-04-18,42.2154
2002-04-17,46.6547
2002-04-16,48.3289
2002-04-15,48.2879
2002-04-12,48.3061
2002-04-11,45.7611
2002-04-10,44.1870
2002-04-09,47.9707
2002-04-08,47.7072
2002-04-05,48.2042
2002-04-04,47.9294
2002-04-03,49.5531
2002-04-02,47.8255
2002-04-01,48.6690
2002-03-29,55.7481
2002-03-28,55.9696
2002-03-27,49.6156
2002-03-26,49.6814
2002-03-25,52.9382
2002-03-22,49.7615
2002-03-21,52.5169
2002-03-20,56.8554
2002-03-19,52.9251
2002-03-18,50.4373
2002-03-15,52.3026
2002-03-14,51.7263
2002-03-13,50.6252
2002-03-12,50.6898
2002-03-11,52.0141
2002-03-08,53.7451
2002-03-07,55.1528
2002-03-06,53.3455
2002-03-05,51.7686
2002-03-04,58.4047
2002-03-01,55.2026
2002-02-28,57.4863
2002-02-27,53.3927
2002-02-26,58.7084
2002-02-25,56.2423
2002-02-22,55.3839
2002-02-21,52.4554
2002-02-20,55.8105
2002-02-19,57.6939
2002-02-18,58.6243
2002-02-15,56.1238
2002-02-14,64.9906
2002-02-13,52.4211
2002-02-12,48.6625
2002-02-11,45.7877
2002-02-08,43.4951
2002-02-07,45.4213
2002-02-06,45.5828
2002-02-05,42.5252
2002-02-04,44.6037
2002-02-01,50.2456
2002-01-31,41.3734
2002-01-30,41.5203
2002-01-29,41.4921
2002-01-28,43.1737
2002-01-25,44.0924
2002-01-24,38.7345
2002-01-23,35.7048
2002-01-22,35.8520
2002-01-21,36.6004
2002-01-18,34.8407
2002-01-17,36.5262
2002-01-16,38.3517
2002-01-15,40.1082
2002-01-14,42.0579
2002-01-11,40.9821
2002-01-10,42.1213
2002-01-09,39.8658
2002-01-08,27.1518
2002-01-07,28.2574
2002-01-04,34.1069
2002-01-03,35.1284
2002-01-02,35.9431
2002-01-01,39.6820
2001-12-31,40.8882
2001-12-28,41.6091
2001-12-27,43.6608
2001-12-26,43.3983
2001-12-25,44.2204
2001-12-24,44.6993
2001-12-21,43.2276
2001-12-20,44.8287
2001-12-19,47.0224
2001-12-18,50.1227
2001-12-17,50.6072
2001-12-14,49.7809
2001-12-13,48.5836
2001-12-12,50.5840
2001-12-11,49.4883
2001-12-10,49.0485
2001-12-07,52.2100
2001-12-06,52.6860
2001-12-05,51.1827
2001-12-04,50.4662
2001-12-03,52.0273
2001-11-30,49.3988
2001-11-29,51.3222
2001-11-28,54.1353
2001-11-27,54.2630
2001-11-26,55.9398
2001-11-23,55.6110
2001-11-22,54.6707
2001-11-21,56.6326
2001-11-20,50.0024
2001-11-19,53.1858
2001-11-16,51.5039
2001-11-15,52.9348
2001-11-14,52.5935
2001-11-13,51.3907
2001-11-12,53.0110
2001-11-09,52.6187
2001-11-08,55.9326
2001-11-07,56.7887
2001-11-06,56.0904
2001-11-05,56.0132
2001-11-02,56.8197
2001-11-01,56.2476
2001-10-31,55.8631
2001-10-30,55.3074
2001-10-29,54.4455
2001-10-26,52.8650
2001-10-25,52.5262
2001-10-24,52.7061
2001-10-23,48.8198
2001-10-22,47.2309
2001-10-19,46.4877
2001-10-18,47.7438
2001-10-17,50.0258
2001-10-16,51.5848
2001-10-15,48.4593
2001-10-12,48.2271
2001-10-11,50.6826
2001-10-10,47.7751
2001-10-09,52.8366
2001-10-08,50.8090
2001-10-05,51.4400
2001-10-04,55.2847
2001-10-03,47.7197
2001-10-02,47.9764
2001-10-01,49.0683
2001-09-28,43.7882
2001-09-27,43.9498
2001-09-26,44.2731
2001-09-25,51.5164
2001-09-24,41.1294
2001-09-21,43.9910
2001-09-20,44.3282
2001-09-19,49.4740
2001-09-18,39.8172
2001-09-17,37.6247
2001-09-14,38.3953
2001-09-13,48.6042
2001-09-12,46.2829
2001-09-11,55.9681
2001-09-10,60.7313
2001-09-07,58.2464
2001-09-06,58.2227
2001-09-05,55.2945
2001-09-04,52.9208
2001-09-03,53.5076
2001-08-31,57.7010
2001-08-30,56.3711
2001-08-29,51.8673
2001-08-28,50.4535
2001-08-27,49.8696
2001-08-24,58.8314
2001-08-23,61.2257
2001-08-22,58.3151
2001-08-21,60.5453
2001-08-20,57.0364
2001-08-17,54.7794
2001-08-16,49.8324
2001-08-15,47.1533
2001-08-14,49.2784
2001-08-13,48.8760
2001-08-10,54.7514
2001-08-09,51.0792
2001-08-08,50.6729
2001-08-07,49.1979
2001-08-06,51.3380
2001-08-03,51.6065
2001-08-02,51.9559
2001-08-01,53.2359
2001-07-31,51.4796
2001-07-30,47.9318
2001-07-27,47.8891
2001-07-26,46.8948
2001-07-25,42.9451
2001-07-24,41.2391
2001-07-23,35.4458
2001-07-20,40.2027
2001-07-19,44.5753
2001-07-18,42.9268
2001-07-17,45.5965
2001-07-16,45.7849
2001-07-13,17.7365
2001-07-12,31.9115
2001-07-11,34.5360
2001-07-10,26.7879
2001-07-09,26.8690
2001-07-06,30.1661
2001-07-05,33.5353
2001-07-04,35.0099
2001-07-03,30.3672
2001-07-02,30.7442
2001-06-29,47.5255
2001-06-28,42.6232
2001-06-27,46.8279
2001-06-26,46.1987
2001-06-25,41.6894
2001-06-22,44.2357
2001-06-21,50.1321
2001-06-20,50.6652
2001-06-19,59.8572
2001-06-18,59.3360
2001-06-15,58.8618
2001-06-14,57.3445
2001-06-13,57.2296
2001-06-12,57.8780
2001-06-11,59.9842
2001-06-08,59.2284
2001-06-07,58.5238
2001-06-06,60.3304
2001-06-05,62.6980
2001-06-04,59.2613
2001-06-01,62.4951
2001-05-31,62.1171
2001-05-30,58.1300
2001-05-29,59.6128
2001-05-28,56.5540
2001-05-25,58.7594
2001-05-24,59.3405
2001-05-23,56.1687
2001-05-22,54.2282
2001-05-21,51.8968
2001-05-18,53.6645
2001-05-17,57.7528
2001-05-16,58.0078
2001-05-15,58.1011
2001-05-14,62.1714
2001-05-11,63.3065
2001-05-10,64.4267
2001-05-09,63.5223
2001-05-08,67.5740
2001-05-07,69.5151
2001-05-04,67.7060
2001-05-03,67.5815
2001-05-02,63.5736
2001-05-01,60.7464
2001-04-30,68.3513
2001-04-27,65.2991
2001-04-26,63.4387
2001-04-25,63.2285
2001-04-24,64.1810
2001-04-23,63.4380
2001-04-20,63.6928
2001-04-19,59.8355
2001-04-18,59.3118
2001-04-17,54.1467
2001-04-16,58.8618
2001-04-13,62.2985
2001-04-12,62.8954
2001-04-11,59.0769
2001-04-10,61.4120
2001-04-09,56.9602
2001-04-06,56.9070
2001-04-05,55.0540
2001-04-04,49.8086
2001-04-03,50.9120
2001-04-02,47.3718
2001-03-30,53.7842
2001-03-29,54.1506
2001-03-28,52.9171
2001-03-27,56.6189
2001-03-26,59.2151
2001-03-23,61.2916
2001-03-22,64.1692
2001-03-21,62.9202
2001-03-20,62.5032
2001-03-19,63.1194
2001-03-16,64.3204
2001-03-15,61.6040
2001-03-14,61.3679
2001-03-13,62.9676
2001-03-12,63.8693
2001-03-09,65.8597
2001-03-08,66.7151
2001-03-07,68.5069
2001-03-06,67.7009
2001-03-05,69.8634
2001-03-02,70.6584
2001-03-01,68.8327
2001-02-28,69.5315
2001-02-27,67.9071
2001-02-26,68.2545
2001-02-23,67.6235
2001-02-22,68.7067
2001-02-21,66.6095
2001-02-20,66.6291
2001-02-19,65.3207
2001-02-16,66.6988
2001-02-15,68.7864
2001-02-14,67.5093
2001-02-13,68.4247
2001-02-12,67.4291
2001-02-09,70.1409
2001-02-08,70.7209
2001-02-07,72.3407
2001-02-06,72.2199
2001-02-05,71.2293
2001-02-02,71.7865
2001-02-01,72.5623
2001-01-31,72.1747
2001-01-30,72.4998
2001-01-29,74.2403
2001-01-26,77.8360
2001-01-25,79.8021
2001-01-24,80.5366
2001-01-23,80.3073
2001-01-22,80.3103
2001-01-19,82.8167
2001-01-18,85.2127
2001-01-17,87.3603
2001-01-16,87.3309
2001-01-15,87.3138
2001-01-12,87.5566
2001-01-11,60.1910
2001-01-10,59.9471
2001-01-09,59.9343
2001-01-08,61.4373
2001-01-05,63.2643
2001-01-04,62.9919
2001-01-03,62.5689
2001-01-02,61.7737
2001-01-01,61.9681
2000-12-29,62.2810
2000-12-28,62.2609
2000-12-27,62.0938
2000-12-26,62.2838
2000-12-25,64.3540
2000-12-22,67.0252
2000-12-21,67.5357
2000-12-20,67.3336
2000-12-19,67.8396
2000-12-18,68.1438
2000-12-15,70.7621
2000-12-14,70.3576
2000-12-13,71.7479
2000-12-12,72.2891
2000-12-11,72.2213
2000-12-08,67.3730
2000-12-07,64.5339
2000-12-06,62.9207
2000-12-05,60.6688
2000-12-04,61.2242
2000-12-01,60.3412
2000-11-30,63.8368
2000-11-29,62.8265
2000-11-28,62.0587
2000-11-27,62.6431
2000-11-24,59.3722
2000-11-23,52.8856
2000-11-22,46.6903
2000-11-21,48.9632
2000-11-20,49.0185
2000-11-17,53.0189
2000-11-16,54.5626
2000-11-15,58.1782
2000-11-14,56.9565
2000-11-13,62.4927
2000-11-10,59.4392
2000-11-09,55.4878
2000-11-08,55.4878
2000-11-07,54.6842
2000-11-06,53.6524
2000-11-03,54.8187
2000-11-02,56.3509
2000-11-01,53.1715
2000-10-31,49.1852
2000-10-30,50.5050
2000-10-27,47.8460
2000-10-26,48.0781
2000-10-25,48.8490
2000-10-24,45.4899
2000-10-23,47.7155
2000-10-20,50.4485
2000-10-19,53.2607
2000-10-18,47.4772
2000-10-17,45.6989
2000-10-16,39.8769
2000-10-13,41.1217
2000-10-12,41.2801
2000-10-11,40.0025
2000-10-10,41.3100
2000-10-09,40.4420
2000-10-06,35.3253
2000-10-05,35.8334
2000-10-04,35.8661
2000-10-03,35.5310
2000-10-02,32.4581
2000-09-29,32.6302
2000-09-28,34.5862
2000-09-27,27.4011
2000-09-26,26.4930
2000-09-25,37.2289
2000-09-22,37.5915
2000-09-21,44.6643
2000-09-20,46.0909
2000-09-19,48.4427
2000-09-18,48.7979
2000-09-15,48.5139
2000-09-14,49.4206
2000-09-13,46.7631
2000-09-12,51.2248
2000-09-11,53.3642
2000-09-08,58.0945
2000-09-07,57.8539
2000-09-06,59.3305
2000-09-05,58.3907
2000-09-04,55.4726
2000-09-01,57.4525
2000-08-31,56.5976
2000-08-30,55.5259
2000-08-29,50.1842
2000-08-28,48.3249
2000-08-25,48.3558
2000-08-24,46.7217
2000-08-23,44.6973
2000-08-22,43.3848
2000-08-21,44.8174
2000-08-18,47.6183
2000-08-17,51.3024
2000-08-16,53.8583
2000-08-15,47.1819
2000-08-14,47.2561
2000-08-11,48.5910
2000-08-10,47.1892
2000-08-09,45.5780
2000-08-08,48.7866
2000-08-07,47.5986
2000-08-04,48.5481
2000-08-03,42.5871
2000-08-02,43.8655
2000-08-01,45.9386
2000-07-31,47.3068
2000-07-28,46.7617
2000-07-27,45.1588
2000-07-26,45.7142
2000-07-25,45.1535
2000-07-24,44.7144
2000-07-21,48.4074
2000-07-20,47.8191
2000-07-19,37.3142
2000-07-18,38.3396
2000-07-17,39.5574
2000-07-14,37.1449
2000-07-13,39.0346
2000-07-12,39.5144
2000-07-11,37.7323
2000-07-10,38.8995
2000-07-07,38.9965
2000-07-06,42.2591
2000-07-05,35.4438
2000-07-04,34.9386
2000-07-03,48.4587
