time,ADX
2020-03-26,36.4620
2020-03-25,33.1605
2020-03-24,32.8665
2020-03-23,32.5398
2020-03-20,33.4516
2020-03-19,30.5933
2020-03-18,27.4175
2020-03-17,23.8888
2020-03-16,21.5732
2020-03-13,19.0003
2020-03-12,17.8503
2020-03-11,18.0888
2020-03-09,18.3538
2020-03-06,17.7349
2020-03-05,17.9637
2020-03-04,18.2180
2020-03-03,19.9272
2020-03-02,21.0936
2020-02-28,19.3815
2020-02-27,17.4791
2020-02-26,15.3653
2020-02-25,16.6330
2020-02-24,18.0416
2020-02-20,17.7741
2020-02-19,18.3969
2020-02-18,19.0890
2020-02-17,19.7675
2020-02-14,21.3542
2020-02-13,22.2545
2020-02-12,23.7939
2020-02-11,25.5043
2020-02-10,27.7455
2020-02-07,28.9517
2020-02-06,31.1514
2020-02-05,33.0157
2020-02-04,35.9559
2020-02-03,38.7023
2020-01-31,40.9952
2020-01-30,42.7497
2020-01-29,43.5816
2020-01-28,44.5060
2020-01-27,42.9026
2020-01-24,40.3290
2020-01-23,38.0750
2020-01-22,36.6770
2020-01-21,35.1236
2020-01-20,32.4226
2020-01-17,30.8681
2020-01-16,29.9074
2020-01-15,30.0244
2020-01-14,30.5968
2020-01-13,31.2328
2020-01-10,33.3986
2020-01-09,37.0377
2020-01-08,40.8391
2020-01-07,42.2224
2020-01-06,43.1624
2020-01-03,41.9578
2020-01-02,40.6193
2020-01-01,39.6406
2019-12-31,38.5530
2019-12-30,38.3992
2019-12-27,38.3956
2019-12-26,38.5298
2019-12-24,40.7271
2019-12-23,40.1577
2019-12-20,36.8185
2019-12-19,34.1834
2019-12-18,31.3003
2019-12-17,28.0969
2019-12-16,24.5375
2019-12-13,21.8770
2019-12-12,19.5510
2019-12-11,16.9667
2019-12-10,14.8515
2019-12-09,13.5983
2019-12-06,12.9770
2019-12-05,13.8777
2019-12-04,14.8784
2019-12-03,16.0849
2019-12-02,15.7081
2019-11-29,15.2895
2019-11-28,15.9755
2019-11-27,16.1969
2019-11-26,16.4429
2019-11-25,14.6789
2019-11-22,12.7188
2019-11-21,13.3316
2019-11-20,13.8814
2019-11-19,14.2582
2019-11-18,14.6769
2019-11-15,16.0987
2019-11-14,16.2535
2019-11-13,17.5733
2019-11-11,17.1541
2019-11-08,16.6883
2019-11-07,18.1185
2019-11-06,19.4125
2019-11-05,19.5921
2019-11-04,20.9438
2019-11-01,22.3091
2019-10-31,23.6146
2019-10-30,25.0653
2019-10-29,23.8960
2019-10-27,23.8098
2019-10-25,22.6738
2019-10-24,21.4116
2019-10-23,22.1940
2019-10-22,20.1390
2019-10-18,17.8558
2019-10-17,15.3188
2019-10-16,14.2260
2019-10-15,13.4770
2019-10-14,12.6329
2019-10-11,13.5178
2019-10-10,13.4713
2019-10-09,13.4197
2019-10-07,13.9977
2019-10-04,15.3562
2019-10-03,16.0573
2019-10-01,17.5119
2019-09-30,18.3468
2019-09-27,19.4957
2019-09-26,19.6993
2019-09-25,20.5347
2019-09-24,21.1713
2019-09-23,22.5442
2019-09-20,24.0697
2019-09-19,21.6550
2019-09-18,18.9720
2019-09-17,17.6643
2019-09-16,16.2112
2019-09-13,16.1279
2019-09-12,16.0353
2019-09-11,16.4969
2019-09-09,17.0099
2019-09-06,17.4027
2019-09-05,18.3244
2019-09-04,19.2487
2019-09-03,20.2756
2019-08-30,20.4677
2019-08-29,22.5956
2019-08-28,24.9598
2019-08-27,27.5868
2019-08-26,29.2492
2019-08-23,28.3959
2019-08-22,27.4479
2019-08-21,27.0957
2019-08-20,29.1882
2019-08-19,29.7827
2019-08-16,30.4432
2019-08-14,32.4321
2019-08-13,35.9912
2019-08-09,39.7618
2019-08-08,42.5830
2019-08-07,44.5491
2019-08-06,46.7676
2019-08-05,46.7713
2019-08-02,47.5596
2019-08-01,48.0974
2019-07-31,47.1582
2019-07-30,46.7997
2019-07-29,46.4206
2019-07-26,46.5920
2019-07-25,46.9944
2019-07-24,48.3802
2019-07-23,50.3973
2019-07-22,51.7328
2019-07-19,52.0479
2019-07-18,52.4489
2019-07-17,53.1004
2019-07-16,54.0402
2019-07-15,55.0844
2019-07-12,56.6960
2019-07-11,58.4867
2019-07-10,58.7651
2019-07-09,58.9811
2019-07-08,59.4467
2019-07-05,59.4826
2019-07-04,59.8200
2019-07-03,59.9319
2019-07-02,59.3127
2019-07-01,58.7870
2019-06-28,58.2029
2019-06-27,57.5539
2019-06-26,56.3114
2019-06-25,54.4203
2019-06-24,52.3493
2019-06-21,49.9642
2019-06-20,47.3374
2019-06-19,44.4188
2019-06-18,41.3195
2019-06-17,44.6970
2019-06-14,45.7000
2019-06-13,46.4310
2019-06-12,47.6124
2019-06-11,49.4351
2019-06-10,49.8050
2019-06-07,50.2160
2019-06-06,50.9383
2019-06-04,51.2269
2019-06-03,48.8107
2019-05-31,46.1610
2019-05-30,43.7544
2019-05-29,41.1230
2019-05-28,38.5748
2019-05-27,35.7434
2019-05-24,32.3806
2019-05-23,29.1379
2019-05-22,25.0815
2019-05-21,21.3397
2019-05-20,17.1821
2019-05-17,13.2900
2019-05-16,12.7430
2019-05-15,13.5316
2019-05-14,14.7331
2019-05-13,16.0681
2019-05-10,17.8202
2019-05-09,18.2882
2019-05-08,17.2838
2019-05-07,17.2421
2019-05-06,19.0517
2019-05-03,19.8355
2019-05-02,20.2256
2019-04-30,21.3125
2019-04-26,23.0712
2019-04-25,23.0295
2019-04-24,23.4715
2019-04-23,23.2418
2019-04-22,21.0560
2019-04-18,19.5223
2019-04-16,21.0839
2019-04-15,22.1547
2019-04-12,23.6196
2019-04-11,25.3594
2019-04-10,26.4533
2019-04-09,27.1113
2019-04-08,26.2058
2019-04-05,25.1997
2019-04-04,23.2179
2019-04-03,21.1428
2019-04-02,19.9239
2019-04-01,20.3256
2019-03-28,22.0116
2019-03-27,22.7023
2019-03-26,23.4698
2019-03-25,25.9919
2019-03-22,28.4456
2019-03-20,28.1315
2019-03-19,28.5063
2019-03-18,30.2818
2019-03-15,32.2546
2019-03-14,34.5697
2019-03-13,33.7609
2019-03-12,33.4171
2019-03-11,34.5759
2019-03-08,38.2849
2019-03-07,40.8926
2019-03-06,43.7900
2019-03-05,46.1934
2019-03-01,46.1734
2019-02-28,45.6589
2019-02-27,43.6260
2019-02-26,41.3673
2019-02-25,39.8111
2019-02-22,39.0083
2019-02-21,38.4543
2019-02-20,37.3658
2019-02-19,34.6584
2019-02-18,31.6501
2019-02-15,28.8316
2019-02-14,25.6999
2019-02-12,23.4628
2019-02-11,21.2798
2019-02-08,20.5660
2019-02-07,19.7729
2019-02-06,20.1018
2019-02-05,21.8130
2019-02-04,22.9299
2019-02-01,24.0862
2019-01-31,24.6229
2019-01-30,22.3167
2019-01-29,18.5822
2019-01-28,15.3178
2019-01-25,14.0396
2019-01-24,14.4384
2019-01-23,13.7041
2019-01-22,13.6008
2019-01-21,14.9418
2019-01-18,14.9316
2019-01-17,14.0435
2019-01-16,13.6851
2019-01-15,14.5117
2019-01-14,15.4574
2019-01-11,16.7726
2019-01-10,15.8204
2019-01-09,15.3092
2019-01-08,14.8186
2019-01-07,14.2736
2019-01-04,14.9971
2019-01-03,16.5790
2019-01-02,18.3367
2019-01-01,17.9236
2018-12-31,17.4646
2018-12-28,17.9337
2018-12-27,19.0721
2018-12-26,19.7106
2018-12-24,19.4634
2018-12-21,19.7807
2018-12-20,21.6929
2018-12-19,22.8154
2018-12-18,23.6007
2018-12-17,25.8860
2018-12-14,28.4252
2018-12-13,31.3648
2018-12-12,33.4184
2018-12-11,36.5476
2018-12-10,39.1169
2018-12-07,41.8863
2018-12-06,42.5564
2018-12-05,42.5212
2018-12-04,42.4822
2018-12-03,42.4388
2018-11-30,39.0837
2018-11-29,35.7533
2018-11-28,32.7646
2018-11-27,30.5842
2018-11-26,29.0834
2018-11-22,27.8158
2018-11-21,27.0227
2018-11-20,26.1414
2018-11-19,24.4561
2018-11-16,22.5034
2018-11-15,20.8606
2018-11-14,20.6505
2018-11-13,20.8231
2018-11-12,22.0902
2018-11-09,23.0877
2018-11-07,24.4198
2018-11-06,23.8523
2018-11-05,23.4441
2018-11-02,22.9906
2018-11-01,22.4867
2018-10-31,23.2857
2018-10-30,25.0209
2018-10-29,25.2150
2018-10-26,25.4306
2018-10-25,26.5817
2018-10-24,28.1993
2018-10-23,30.5518
2018-10-22,31.0389
2018-10-19,30.5558
2018-10-17,30.0901
2018-10-16,32.1675
2018-10-15,34.3608
2018-10-12,36.3142
2018-10-11,37.3211
2018-10-10,37.4087
2018-10-09,38.6224
2018-10-08,38.1743
2018-10-05,36.0241
2018-10-04,34.3742
2018-10-03,34.0248
2018-10-01,35.1748
2018-09-28,36.3756
2018-09-27,34.3859
2018-09-26,32.1750
2018-09-25,30.4557
2018-09-24,26.8456
2018-09-21,22.8344
2018-09-19,20.1611
2018-09-18,18.7999
2018-09-17,18.2807
2018-09-14,19.4158
2018-09-12,21.2792
2018-09-11,19.0913
2018-09-10,16.8541
2018-09-07,15.3815
2018-09-06,16.6506
2018-09-05,17.8607
2018-09-04,19.2051
2018-09-03,18.9421
2018-08-31,18.6499
2018-08-30,19.6943
2018-08-29,19.1392
2018-08-28,18.5225
2018-08-27,18.6587
2018-08-24,20.4646
2018-08-23,22.1791
2018-08-21,24.0840
2018-08-20,24.4722
2018-08-17,24.3002
2018-08-16,22.0502
2018-08-14,19.8236
2018-08-13,20.1271
2018-08-10,19.9379
2018-08-09,20.5764
2018-08-08,22.0654
2018-08-07,23.6008
2018-08-06,26.2213
2018-08-03,29.0304
2018-08-02,31.3852
2018-08-01,32.9195
2018-07-31,36.4927
2018-07-30,39.6963
2018-07-27,39.5343
2018-07-26,38.0324
2018-07-25,36.8623
2018-07-24,36.6418
2018-07-23,37.9998
2018-07-20,39.5087
2018-07-19,41.5910
2018-07-18,41.8915
2018-07-17,39.2262
2018-07-16,37.3038
2018-07-13,34.4892
2018-07-12,32.1977
2018-07-11,29.6560
2018-07-10,27.6941
2018-07-09,26.3957
2018-07-06,25.9366
2018-07-05,24.9269
2018-07-04,23.4351
2018-07-03,22.3258
2018-07-02,22.4808
2018-06-29,22.3963
2018-06-28,23.2161
2018-06-27,24.1271
2018-06-26,21.9456
2018-06-25,20.1757
2018-06-22,17.1051
2018-06-21,14.1047
2018-06-20,12.7181
2018-06-19,12.9661
2018-06-18,14.3352
2018-06-15,15.5979
2018-06-14,16.2204
2018-06-13,16.7259
2018-06-12,17.3614
2018-06-11,18.9053
2018-06-08,20.1506
2018-06-07,21.5342
2018-06-06,22.7462
2018-06-05,25.0565
2018-06-04,27.1997
2018-06-01,29.9409
2018-05-31,31.8080
2018-05-30,31.9916
2018-05-29,31.1753
2018-05-28,31.4012
2018-05-25,32.5974
2018-05-24,33.0760
2018-05-23,32.1635
2018-05-22,30.6188
2018-05-21,29.6498
2018-05-18,29.3058
2018-05-17,31.0624
2018-05-16,34.1834
2018-05-15,34.3094
2018-05-14,32.7961
2018-05-11,31.4049
2018-05-10,30.3431
2018-05-09,30.3209
2018-05-08,30.4631
2018-05-07,28.9890
2018-05-04,26.7033
2018-05-03,23.9466
2018-05-02,20.4033
2018-04-30,17.7919
2018-04-27,15.9924
2018-04-26,16.1577
2018-04-25,15.9615
2018-04-24,15.9086
2018-04-23,15.8499
2018-04-20,17.3389
2018-04-19,18.7139
2018-04-18,18.2648
2018-04-17,15.8830
2018-04-16,13.3762
2018-04-13,11.7053
2018-04-12,11.9151
2018-04-11,13.1280
2018-04-10,14.3266
2018-04-09,15.1313
2018-04-06,15.0924
2018-04-05,15.5603
2018-04-04,16.6177
2018-04-03,17.7925
2018-04-02,17.4635
2018-03-28,16.1633
2018-03-27,15.7042
2018-03-26,15.0475
2018-03-23,14.3178
2018-03-22,14.4518
2018-03-21,15.8448
2018-03-20,17.3099
2018-03-19,17.2021
2018-03-16,16.9747
2018-03-15,17.4636
2018-03-14,18.0433
2018-03-13,17.8512
2018-03-12,16.4268
2018-03-09,15.7299
2018-03-08,16.4921
2018-03-07,16.9187
2018-03-06,15.4488
2018-03-05,13.8156
2018-03-01,13.6479
2018-02-28,15.0811
2018-02-27,16.6735
2018-02-26,17.1035
2018-02-23,17.3722
2018-02-22,19.2795
2018-02-21,20.8829
2018-02-20,22.4489
2018-02-19,24.1890
2018-02-16,26.7172
2018-02-15,29.6028
2018-02-14,32.3980
2018-02-12,35.6442
2018-02-09,38.3420
2018-02-08,39.8111
2018-02-07,42.3531
2018-02-06,44.4198
2018-02-05,46.1246
2018-02-02,49.8722
2018-02-01,52.2829
2018-01-31,51.4030
2018-01-30,50.7352
2018-01-29,49.1705
2018-01-25,47.4318
2018-01-24,47.0616
2018-01-23,45.5257
2018-01-22,44.4702
2018-01-19,43.2975
2018-01-18,39.0403
2018-01-17,34.3102
2018-01-16,29.7392
2018-01-15,24.6603
2018-01-12,19.0171
2018-01-11,16.8123
2018-01-10,16.1059
2018-01-09,16.2096
2018-01-08,15.6566
2018-01-05,15.4457
2018-01-04,16.7776
2018-01-03,16.9518
2018-01-02,16.2172
2018-01-01,14.5741
2017-12-29,12.7484
2017-12-28,12.3682
2017-12-27,11.9457
2017-12-26,12.7774
2017-12-22,13.7015
2017-12-21,14.3671
2017-12-20,14.3199
2017-12-19,14.2675
2017-12-18,15.3872
2017-12-15,16.6314
2017-12-14,16.2915
2017-12-13,17.7437
2017-12-12,18.8812
2017-12-11,19.5795
2017-12-08,20.3553
2017-12-07,21.6971
2017-12-06,20.0517
2017-12-05,18.2234
2017-12-04,17.8866
2017-12-01,16.9223
2017-11-30,15.9130
2017-11-29,16.2616
2017-11-28,16.9598
2017-11-27,16.5398
2017-11-24,18.0175
2017-11-23,19.6595
2017-11-22,21.1839
2017-11-21,22.8776
2017-11-20,24.7596
2017-11-17,26.7525
2017-11-16,29.1866
2017-11-15,27.5460
2017-11-14,25.7231
2017-11-13,24.1193
2017-11-10,22.6950
2017-11-09,22.6383
2017-11-08,23.1684
2017-11-07,25.0827
2017-11-06,25.3101
2017-11-03,26.2420
2017-11-02,27.6572
2017-11-01,30.6206
2017-10-31,33.0636
2017-10-30,32.0195
2017-10-27,30.1887
2017-10-26,27.2125
2017-10-25,22.4489
2017-10-24,17.4623
2017-10-23,15.1096
2017-10-19,12.4954
2017-10-18,12.6728
2017-10-17,13.9479
2017-10-16,14.7998
2017-10-13,15.7462
2017-10-12,15.8901
2017-10-11,17.0589
2017-10-10,18.7159
2017-10-09,18.8672
2017-10-06,19.0353
2017-10-05,19.3359
2017-10-04,21.4818
2017-10-03,23.8661
2017-09-29,25.2900
2017-09-28,25.3715
2017-09-27,24.2181
2017-09-26,23.0026
2017-09-25,22.6618
2017-09-22,23.2061
2017-09-21,23.8498
2017-09-20,24.5650
2017-09-19,25.8044
2017-09-18,27.4568
2017-09-15,29.6555
2017-09-14,32.0986
2017-09-13,34.0374
2017-09-12,34.4695
2017-09-11,34.9497
2017-09-08,34.2034
2017-09-07,33.8232
2017-09-06,33.4651
2017-09-05,33.8951
2017-09-04,34.7322
2017-09-01,36.6190
2017-08-31,37.4393
2017-08-30,38.3508
2017-08-29,40.0343
2017-08-28,42.2598
2017-08-24,40.5374
2017-08-23,39.1578
2017-08-22,37.8002
2017-08-21,36.8898
2017-08-18,36.4069
2017-08-17,35.8703
2017-08-16,35.2740
2017-08-14,34.8969
2017-08-11,35.0621
2017-08-10,37.3844
2017-08-09,37.9547
2017-08-08,39.0402
2017-08-07,40.6843
2017-08-04,40.7241
2017-08-03,41.4172
2017-08-02,41.5482
2017-08-01,37.8214
2017-07-31,33.6806
2017-07-28,29.0797
2017-07-27,23.9827
2017-07-26,19.3558
2017-07-25,19.7980
2017-07-24,21.4233
2017-07-21,23.0685
2017-07-20,24.8965
2017-07-19,23.5641
2017-07-18,22.0836
2017-07-17,19.4436
2017-07-14,18.0091
2017-07-13,17.2495
2017-07-12,16.4055
2017-07-11,17.7352
2017-07-10,18.6656
2017-07-07,19.6994
2017-07-06,20.9535
2017-07-05,21.3155
2017-07-04,22.9557
2017-07-03,24.7782
2017-06-30,26.4049
2017-06-29,28.8609
2017-06-28,31.0756
2017-06-27,33.5363
2017-06-23,33.7833
2017-06-22,34.5473
2017-06-21,35.3962
2017-06-20,38.1191
2017-06-19,39.4637
2017-06-16,38.7384
2017-06-15,38.4577
2017-06-14,38.0824
2017-06-13,35.5308
2017-06-12,32.6957
2017-06-09,30.7888
2017-06-08,28.7429
2017-06-07,27.1450
2017-06-06,26.7989
2017-06-05,25.1792
2017-06-02,24.2135
2017-06-01,23.1406
2017-05-31,23.7721
2017-05-30,23.6987
2017-05-29,22.3914
2017-05-26,21.1441
2017-05-25,22.8345
2017-05-24,23.7855
2017-05-23,24.4195
2017-05-22,24.3385
2017-05-19,24.7265
2017-05-18,25.6811
2017-05-17,27.9555
2017-05-16,29.4506
2017-05-15,30.7044
2017-05-12,32.0974
2017-05-11,34.2231
2017-05-10,34.9817
2017-05-09,36.1450
2017-05-08,39.9600
2017-05-05,43.5482
2017-05-04,45.8631
2017-05-03,46.5385
2017-05-02,46.5176
2017-04-28,46.6284
2017-04-27,47.6067
2017-04-26,44.8099
2017-04-25,41.7024
2017-04-24,39.2961
2017-04-21,37.4305
2017-04-20,35.9739
2017-04-19,34.3554
2017-04-18,35.4448
2017-04-17,35.8739
2017-04-13,36.3507
2017-04-12,37.7852
2017-04-11,40.0687
2017-04-10,42.3640
2017-04-07,44.5829
2017-04-06,47.5681
2017-04-05,50.6213
2017-04-03,52.0857
2017-03-31,51.4379
2017-03-30,51.3888
2017-03-29,49.1116
2017-03-28,46.6743
2017-03-27,44.5491
2017-03-24,43.3076
2017-03-23,42.5476
2017-03-22,42.1667
2017-03-21,42.0555
2017-03-20,39.4645
2017-03-17,36.8871
2017-03-16,34.1575
2017-03-15,31.3975
2017-03-14,29.2199
2017-03-10,27.1091
2017-03-09,28.4128
2017-03-08,30.0229
2017-03-07,32.4544
2017-03-06,35.5767
2017-03-03,38.9436
2017-03-02,42.4101
2017-03-01,42.8056
2017-02-28,43.9910
2017-02-27,47.3079
2017-02-23,50.8843
2017-02-22,53.3123
2017-02-21,53.5953
2017-02-20,53.9702
2017-02-17,54.6163
2017-02-16,53.7414
2017-02-15,54.4397
2017-02-14,54.5212
2017-02-13,54.8989
2017-02-10,55.7169
2017-02-09,54.8338
2017-02-08,52.9167
2017-02-07,51.1392
2017-02-06,48.3284
2017-02-03,45.2053
2017-02-02,41.8219
2017-02-01,38.0261
2017-01-31,33.8086
2017-01-30,29.7981
2017-01-27,25.5710
2017-01-25,20.9460
2017-01-24,16.7630
2017-01-23,15.1859
2017-01-20,15.6719
2017-01-19,16.3468
2017-01-18,17.4752
2017-01-17,18.6641
2017-01-16,19.9850
2017-01-13,20.3470
2017-01-12,22.5034
2017-01-11,24.2563
2017-01-10,24.6373
2017-01-09,24.6178
2017-01-06,24.6377
2017-01-05,24.9092
2017-01-04,24.2168
2017-01-03,23.4474
2017-01-02,22.8102
2016-12-30,22.9526
2016-12-29,24.8254
2016-12-28,27.4516
2016-12-27,28.7530
2016-12-26,28.7883
2016-12-23,27.1051
2016-12-22,25.3468
2016-12-21,23.6704
2016-12-20,22.9151
2016-12-19,21.5599
2016-12-16,20.9997
2016-12-15,21.9305
2016-12-14,22.5227
2016-12-13,23.3342
2016-12-12,24.2357
2016-12-09,25.5193
2016-12-08,27.2261
2016-12-07,29.6707
2016-12-06,31.7520
2016-12-05,32.5128
2016-12-02,31.9175
2016-12-01,33.5780
2016-11-30,37.0704
2016-11-29,39.7801
2016-11-28,43.1093
2016-11-25,43.9052
2016-11-24,44.7896
2016-11-23,42.5326
2016-11-22,40.0249
2016-11-21,37.7161
2016-11-18,35.1507
2016-11-17,33.0826
2016-11-16,30.7847
2016-11-15,27.8188
2016-11-11,24.5235
2016-11-10,22.4432
2016-11-09,22.4135
2016-11-08,21.9674
2016-11-07,23.5301
2016-11-04,24.6022
2016-11-03,25.1641
2016-11-02,24.1461
2016-11-01,23.1439
2016-10-28,22.0304
2016-10-27,23.0186
2016-10-26,24.1166
2016-10-25,23.6808
2016-10-24,23.7312
2016-10-21,24.1555
2016-10-20,24.1392
2016-10-19,25.0265
2016-10-18,25.3249
2016-10-17,25.1970
2016-10-14,21.6954
2016-10-13,18.4021
2016-10-10,15.5260
2016-10-07,15.5888
2016-10-06,16.8832
2016-10-05,16.5066
2016-10-04,16.0881
2016-10-03,16.1706
2016-09-30,16.7114
2016-09-29,16.5662
2016-09-28,17.3981
2016-09-27,18.2660
2016-09-26,18.7871
2016-09-23,19.5198
2016-09-22,19.2185
2016-09-21,19.6987
2016-09-20,21.4165
2016-09-19,23.3966
2016-09-16,25.9889
2016-09-15,28.3628
2016-09-14,31.2089
2016-09-12,33.5253
2016-09-09,36.0990
2016-09-08,39.2523
2016-09-07,39.2777
2016-09-06,39.3058
2016-09-02,36.2879
2016-09-01,33.6833
2016-08-31,31.4392
2016-08-30,29.6823
2016-08-29,27.9461
2016-08-26,28.2613
2016-08-25,29.4775
2016-08-24,30.3685
2016-08-23,29.0923
2016-08-22,28.9947
2016-08-19,29.1834
2016-08-18,29.9151
2016-08-17,30.0818
2016-08-16,30.7371
2016-08-12,31.4652
2016-08-11,31.8357
2016-08-10,34.4830
2016-08-09,37.7727
2016-08-08,40.7103
2016-08-05,42.4941
2016-08-04,46.1128
2016-08-03,51.0734
2016-08-02,56.2918
2016-08-01,60.1385
2016-07-29,59.6984
2016-07-28,58.0400
2016-07-27,55.8294
2016-07-26,53.6594
2016-07-25,51.6968
2016-07-22,49.5161
2016-07-21,47.9859
2016-07-20,46.8895
2016-07-19,45.6714
2016-07-18,43.5027
2016-07-15,39.9339
2016-07-14,36.5176
2016-07-13,33.3839
2016-07-12,30.1819
2016-07-11,26.6976
2016-07-08,23.5800
2016-07-07,21.0247
2016-07-05,18.5434
2016-07-04,18.3351
2016-07-01,17.9514
2016-06-30,17.7721
2016-06-29,17.0427
2016-06-28,17.5323
2016-06-27,18.9341
2016-06-24,20.1016
2016-06-23,21.1132
2016-06-22,21.4046
2016-06-21,22.4378
2016-06-20,23.6491
2016-06-17,25.6755
2016-06-16,27.5451
2016-06-15,28.2973
2016-06-14,29.8153
2016-06-13,31.3884
2016-06-10,34.1980
2016-06-09,35.6602
2016-06-08,36.5320
2016-06-07,35.2701
2016-06-06,34.3592
2016-06-03,32.5950
2016-06-02,30.6348
2016-06-01,28.6645
2016-05-31,27.2592
2016-05-30,25.6977
2016-05-27,23.9628
2016-05-26,21.4521
2016-05-25,20.0608
2016-05-24,19.7112
2016-05-23,21.8906
2016-05-20,24.3122
2016-05-19,25.6962
2016-05-18,27.1759
2016-05-17,26.6323
2016-05-16,26.0284
2016-05-13,27.6491
2016-05-12,29.4500
2016-05-11,28.2855
2016-05-10,25.7492
2016-05-09,22.9526
2016-05-06,20.3478
2016-05-05,19.0922
2016-05-04,17.6971
2016-05-03,18.6268
2016-05-02,19.6342
2016-04-29,18.5405
2016-04-28,17.3252
2016-04-27,16.4784
2016-04-26,18.2603
2016-04-25,20.2402
2016-04-22,22.2426
2016-04-21,22.9715
2016-04-20,21.5458
2016-04-18,19.9616
2016-04-13,19.6102
2016-04-12,20.8756
2016-04-11,21.3025
2016-04-08,21.7768
2016-04-07,19.9587
2016-04-06,17.9386
2016-04-05,17.5842
2016-04-04,17.1903
2016-04-01,17.6061
2016-03-31,17.5146
2016-03-30,17.7777
2016-03-29,19.1382
2016-03-28,20.7923
2016-03-23,21.0496
2016-03-22,20.8258
2016-03-21,20.5772
2016-03-18,21.3781
2016-03-17,23.3470
2016-03-16,25.5347
2016-03-15,26.0843
2016-03-14,27.5385
2016-03-11,28.6916
2016-03-10,30.5312
2016-03-09,33.4800
2016-03-08,36.8585
2016-03-04,40.1850
2016-03-03,44.3334
2016-03-02,49.2570
2016-03-01,52.1631
2016-02-29,50.5299
2016-02-26,48.7153
2016-02-25,47.6235
2016-02-24,44.8447
2016-02-23,41.9942
2016-02-22,39.5241
2016-02-19,37.1542
2016-02-18,34.5209
2016-02-17,32.3534
2016-02-16,29.9450
2016-02-15,27.4460
2016-02-12,25.1955
2016-02-11,22.0480
2016-02-10,18.5508
2016-02-09,17.1151
2016-02-08,17.9529
2016-02-05,19.1214
2016-02-04,19.7197
2016-02-03,21.5456
2016-02-02,23.5744
2016-02-01,24.9852
2016-01-29,26.1605
2016-01-28,28.0798
2016-01-27,29.1382
2016-01-25,31.9991
2016-01-22,35.4672
2016-01-21,36.4168
2016-01-20,34.5532
2016-01-19,32.9919
2016-01-18,31.2813
2016-01-15,28.9025
2016-01-14,27.4144
2016-01-13,26.0604
2016-01-12,24.5560
2016-01-11,22.9128
2016-01-08,21.4088
2016-01-07,20.9884
2016-01-06,19.7341
2016-01-05,20.4695
2016-01-04,21.5672
2016-01-01,23.3686
2015-12-31,21.6422
2015-12-30,19.7241
2015-12-29,19.9277
2015-12-28,20.7658
2015-12-24,22.6365
2015-12-23,24.0125
2015-12-22,25.1587
2015-12-21,26.8211
2015-12-18,26.5985
2015-12-17,26.0673
2015-12-16,26.0789
2015-12-15,27.9644
2015-12-14,30.6294
2015-12-11,31.5072
2015-12-10,31.2868
2015-12-09,30.6837
2015-12-08,27.7837
2015-12-07,25.6497
2015-12-04,23.6387
2015-12-03,21.4041
2015-12-02,21.1649
2015-12-01,21.5345
2015-11-30,22.8575
2015-11-27,24.3274
2015-11-26,26.6679
2015-11-24,28.9466
2015-11-23,30.5522
2015-11-20,31.7341
2015-11-19,34.0078
2015-11-18,35.7752
2015-11-17,36.1941
2015-11-16,37.2388
2015-11-13,36.5410
2015-11-10,34.3518
2015-11-09,32.4820
2015-11-06,30.6912
2015-11-05,30.1417
2015-11-04,29.6258
2015-11-03,29.7868
2015-11-02,29.5969
2015-10-30,29.3860
2015-10-29,31.2547
2015-10-28,34.4229
2015-10-27,37.8265
2015-10-26,41.1199
2015-10-23,40.9420
2015-10-21,38.4095
2015-10-20,36.6820
2015-10-19,34.9876
2015-10-16,33.1049
2015-10-15,31.2006
2015-10-14,29.6636
2015-10-13,28.4205
2015-10-12,27.8289
2015-10-09,27.1716
2015-10-08,25.0992
2015-10-07,23.6323
2015-10-06,22.0025
2015-10-05,20.7421
2015-10-01,19.7151
2015-09-30,20.1413
2015-09-29,20.1208
2015-09-28,20.7548
2015-09-24,22.0340
2015-09-23,23.0093
2015-09-22,23.2015
2015-09-21,24.4783
2015-09-18,26.8892
2015-09-16,28.5958
2015-09-15,30.4678
2015-09-14,31.1101
2015-09-11,31.8238
2015-09-10,32.9596
2015-09-09,33.3955
2015-09-08,35.3863
2015-09-07,35.4669
2015-09-04,35.2829
2015-09-03,33.7740
2015-09-02,32.0976
2015-09-01,30.2348
2015-08-31,29.1817
2015-08-28,29.1155
2015-08-27,29.1367
2015-08-26,28.4953
2015-08-25,23.9778
2015-08-24,19.8109
2015-08-21,15.7847
2015-08-20,13.5569
2015-08-19,13.2491
2015-08-18,13.2000
2015-08-17,14.3480
2015-08-14,15.4638
2015-08-13,16.7036
2015-08-12,15.8218
2015-08-11,15.2628
2015-08-10,16.2762
2015-08-07,16.9417
2015-08-06,17.1839
2015-08-05,17.4530
2015-08-04,18.7549
2015-08-03,20.2015
2015-07-31,21.5143
2015-07-30,22.3297
2015-07-29,23.2356
2015-07-28,25.7849
2015-07-27,28.6175
2015-07-24,28.9760
2015-07-23,28.4501
2015-07-22,28.2449
2015-07-21,28.4684
2015-07-20,29.9307
2015-07-17,31.5555
2015-07-16,31.4478
2015-07-15,29.4069
2015-07-14,28.3759
2015-07-13,28.3787
2015-07-10,28.3818
2015-07-09,30.6521
2015-07-08,33.0555
2015-07-07,35.2950
2015-07-06,33.3040
2015-07-03,32.4683
2015-07-02,31.5397
2015-07-01,32.1505
2015-06-30,31.6612
2015-06-29,31.1175
2015-06-26,31.1017
2015-06-25,28.9332
2015-06-24,26.5237
2015-06-23,24.7564
2015-06-22,22.9969
2015-06-19,21.9988
2015-06-18,22.6978
2015-06-17,24.0415
2015-06-16,25.4797
2015-06-15,26.1792
2015-06-12,27.2978
2015-06-11,25.6863
2015-06-10,24.1920
2015-06-09,24.3375
2015-06-08,23.3611
2015-06-05,22.2761
2015-06-04,22.7208
2015-06-03,23.2148
2015-06-02,22.5819
2015-06-01,21.9269
2015-05-29,24.1491
2015-05-28,26.3489
2015-05-27,28.7931
2015-05-26,30.3032
2015-05-25,31.5212
2015-05-22,30.8756
2015-05-21,29.4826
2015-05-20,29.0638
2015-05-19,28.7784
2015-05-18,29.1671
2015-05-15,29.5990
2015-05-14,32.4145
2015-05-13,35.1869
2015-05-12,38.2675
2015-05-11,41.0530
2015-05-08,44.2958
2015-05-07,45.0186
2015-05-06,42.2840
2015-05-05,39.3078
2015-05-04,36.7608
2015-04-30,33.9308
2015-04-29,30.7863
2015-04-28,28.2756
2015-04-27,25.3661
2015-04-24,22.3872
2015-04-23,20.6427
2015-04-22,20.7223
2015-04-21,19.7299
2015-04-20,17.3863
2015-04-17,15.3558
2015-04-16,15.8598
2015-04-15,15.5642
2015-04-13,15.2357
2015-04-10,15.9586
2015-04-09,16.5392
2015-04-08,17.5285
2015-04-07,19.3323
2015-04-06,20.3053
2015-04-01,21.3863
2015-03-31,23.0661
2015-03-30,25.2203
2015-03-27,26.8394
2015-03-26,27.8079
2015-03-25,29.5921
2015-03-24,28.7737
2015-03-23,27.8644
2015-03-20,29.1960
2015-03-19,30.8798
2015-03-18,31.8531
2015-03-17,33.6900
2015-03-16,35.7310
2015-03-13,39.1383
2015-03-12,40.5704
2015-03-11,43.7566
2015-03-10,47.6582
2015-03-09,51.9932
2015-03-05,52.3919
2015-03-04,51.2247
2015-03-03,49.9278
2015-03-02,49.4842
2015-02-28,48.9912
2015-02-27,49.0706
2015-02-26,48.2624
2015-02-25,47.3643
2015-02-24,47.1459
2015-02-23,48.0475
2015-02-20,48.0462
2015-02-19,45.8023
2015-02-18,43.3090
2015-02-16,41.0936
2015-02-13,39.6657
2015-02-12,39.0392
2015-02-11,39.0685
2015-02-10,38.8085
2015-02-09,38.5195
2015-02-06,38.9592
2015-02-05,39.4478
2015-02-04,39.9906
2015-02-03,42.3327
2015-02-02,44.6561
2015-01-30,46.0660
2015-01-29,46.5703
2015-01-28,43.7493
2015-01-27,40.0900
2015-01-23,36.6319
2015-01-22,32.7896
2015-01-21,29.4209
2015-01-20,25.6779
2015-01-19,22.4618
2015-01-16,20.9027
2015-01-15,17.9229
2015-01-14,14.6120
2015-01-13,15.5491
2015-01-12,16.5904
2015-01-09,17.7473
2015-01-08,18.5778
2015-01-07,20.3034
2015-01-06,21.9979
2015-01-05,23.8807
2015-01-02,21.4255
2015-01-01,18.8083
2014-12-31,19.0406
2014-12-30,19.0784
2014-12-29,19.2104
2014-12-26,20.1966
2014-12-24,21.2925
2014-12-23,22.5898
2014-12-22,21.1754
2014-12-19,20.6016
2014-12-18,22.6903
2014-12-17,23.4581
2014-12-16,24.6292
2014-12-15,26.3263
2014-12-12,28.2120
2014-12-11,27.0789
2014-12-10,28.0093
2014-12-09,29.0431
2014-12-08,30.1917
2014-12-05,33.4477
2014-12-04,36.4322
2014-12-03,38.8858
2014-12-02,42.6006
2014-12-01,46.6507
2014-11-28,47.6875
2014-11-27,45.5641
2014-11-26,43.8594
2014-11-25,42.1791
2014-11-24,40.7096
2014-11-21,39.7718
2014-11-20,39.1571
2014-11-19,39.5380
2014-11-18,40.1367
2014-11-17,40.8019
2014-11-14,41.5411
2014-11-13,41.5990
2014-11-12,39.2311
2014-11-11,36.6000
2014-11-10,34.3610
2014-11-07,32.4735
2014-11-05,30.8878
2014-11-03,28.4308
2014-10-31,25.1248
2014-10-30,21.9047
2014-10-29,20.7222
2014-10-28,20.2601
2014-10-27,19.9978
2014-10-22,19.7064
2014-10-21,21.8587
2014-10-20,23.0625
2014-10-17,24.4000
2014-10-16,22.2286
2014-10-15,19.8160
2014-10-14,19.2710
2014-10-13,18.6654
2014-10-10,17.5910
2014-10-09,16.8234
2014-10-08,17.4568
2014-10-07,15.8421
2014-10-01,14.7021
2014-09-30,15.9269
2014-09-29,17.2878
2014-09-26,16.5397
2014-09-25,15.7085
2014-09-24,17.2782
2014-09-23,19.0223
2014-09-22,18.5396
2014-09-19,18.3529
2014-09-18,19.2152
2014-09-17,20.7112
2014-09-16,18.3066
2014-09-15,15.6979
2014-09-12,14.0981
2014-09-11,13.6975
2014-09-10,12.8818
2014-09-09,11.9028
2014-09-08,12.7457
2014-09-05,13.6823
2014-09-04,15.1621
2014-09-03,15.6764
2014-09-02,16.8717
2014-09-01,17.9697
2014-08-28,19.1896
2014-08-27,19.9458
2014-08-26,21.2307
2014-08-25,23.1655
2014-08-22,25.6956
2014-08-21,28.5068
2014-08-20,30.1090
2014-08-19,31.6408
2014-08-18,31.7165
2014-08-14,29.3956
2014-08-13,26.3486
2014-08-12,23.1028
2014-08-11,20.2245
2014-08-08,19.3750
2014-08-07,21.4693
2014-08-06,23.2325
2014-08-05,24.4331
2014-08-04,26.0322
2014-08-01,28.6580
2014-07-31,29.7007
2014-07-30,27.4999
2014-07-28,25.0545
2014-07-25,23.2473
2014-07-24,21.2393
2014-07-23,21.2804
2014-07-22,20.2958
2014-07-21,19.2084
2014-07-18,20.2050
2014-07-17,20.3834
2014-07-16,20.1564
2014-07-15,19.9042
2014-07-14,21.6851
2014-07-11,23.2471
2014-07-10,24.7621
2014-07-09,23.4575
2014-07-08,23.2323
2014-07-07,20.9253
2014-07-04,20.7075
2014-07-03,21.2612
2014-07-02,20.3790
2014-07-01,19.3988
2014-06-30,19.9130
2014-06-27,20.6102
2014-06-26,21.3848
2014-06-25,22.2454
2014-06-24,20.5378
2014-06-23,19.0183
2014-06-20,19.5475
2014-06-19,19.8302
2014-06-18,20.8886
2014-06-17,22.0646
2014-06-16,23.3713
2014-06-13,23.1008
2014-06-12,20.7036
2014-06-11,18.1048
2014-06-10,16.6971
2014-06-09,15.1329
2014-06-06,15.1040
2014-06-05,16.0222
2014-06-04,16.4250
2014-06-03,17.6990
2014-06-02,18.3552
2014-05-30,17.4793
2014-05-29,16.5060
2014-05-28,17.6165
2014-05-27,19.3224
2014-05-26,20.0612
2014-05-23,19.8730
2014-05-22,20.1729
2014-05-21,20.5061
2014-05-20,18.9200
2014-05-19,17.2613
2014-05-16,16.2111
2014-05-15,15.0441
2014-05-14,16.0994
2014-05-13,17.7549
2014-05-12,17.9899
2014-05-09,18.5375
2014-05-08,19.8593
2014-05-07,18.2104
2014-05-06,17.2035
2014-05-05,18.4573
2014-05-02,19.8056
2014-04-30,18.8873
2014-04-29,19.0895
2014-04-28,21.0702
2014-04-25,22.7212
2014-04-24,24.5557
2014-04-23,25.2362
2014-04-22,25.9922
2014-04-21,27.9290
2014-04-17,29.3445
2014-04-16,30.9173
2014-04-15,32.6648
2014-04-11,36.1888
2014-04-10,37.5393
2014-04-09,35.8559
2014-04-07,34.4685
2014-04-04,35.6871
2014-04-03,33.7344
2014-04-02,31.5648
2014-04-01,29.3135
2014-03-31,28.0697
2014-03-28,27.3310
2014-03-27,27.5033
2014-03-26,26.3769
2014-03-25,25.8316
2014-03-24,25.3565
2014-03-22,26.4135
2014-03-21,28.7643
2014-03-20,31.3763
2014-03-19,33.1456
2014-03-18,33.0398
2014-03-14,34.2310
2014-03-13,32.5028
2014-03-12,30.5826
2014-03-11,29.6894
2014-03-10,28.8882
2014-03-07,27.9981
2014-03-06,25.1616
2014-03-05,23.3843
2014-03-04,23.0923
2014-03-03,23.4715
2014-02-28,23.8929
2014-02-26,23.7714
2014-02-25,23.8881
2014-02-24,24.3061
2014-02-21,25.5803
2014-02-20,28.2531
2014-02-19,31.2230
2014-02-18,34.4168
2014-02-17,38.0588
2014-02-14,39.5194
2014-02-13,38.3593
2014-02-12,37.8013
2014-02-11,38.2226
2014-02-10,36.2481
2014-02-07,34.0541
2014-02-06,32.5315
2014-02-05,30.8398
2014-02-04,29.4611
2014-02-03,27.8983
2014-01-31,27.0147
2014-01-30,28.2311
2014-01-29,30.5203
2014-01-28,33.3817
2014-01-27,35.2753
2014-01-24,36.6726
2014-01-23,35.4759
2014-01-22,34.1462
2014-01-21,33.8807
2014-01-20,32.9432
2014-01-17,31.9014
2014-01-16,29.8700
2014-01-15,25.2992
2014-01-14,21.2487
2014-01-13,18.5497
2014-01-10,16.0531
2014-01-09,15.6739
2014-01-08,15.2383
2014-01-07,14.9926
2014-01-06,15.2820
2014-01-03,16.3130
2014-01-02,18.0791
2014-01-01,19.3897
2013-12-31,20.3621
2013-12-30,21.5311
2013-12-27,22.4438
2013-12-26,21.8711
2013-12-24,19.5686
2013-12-23,17.3737
2013-12-20,15.9269
2013-12-19,14.3193
2013-12-18,12.8530
2013-12-17,11.6359
2013-12-16,9.6358
2013-12-13,9.5999
2013-12-12,10.5421
2013-12-11,10.5302
2013-12-10,11.5006
2013-12-09,12.6928
2013-12-06,12.9125
2013-12-05,14.1744
2013-12-04,14.1714
2013-12-03,15.1049
2013-12-02,16.7122
2013-11-29,17.5476
2013-11-28,19.0968
2013-11-27,20.3158
2013-11-26,20.6969
2013-11-25,21.7987
2013-11-22,23.0229
2013-11-21,21.4280
2013-11-20,19.6558
2013-11-19,20.4481
2013-11-18,22.5250
2013-11-14,23.9118
2013-11-13,24.9594
2013-11-12,24.2147
2013-11-11,23.6647
2013-11-08,23.8146
2013-11-07,24.5112
2013-11-06,24.4795
2013-11-05,24.4443
2013-11-01,21.1808
2013-10-31,18.0269
2013-10-30,14.6817
2013-10-29,11.3456
2013-10-28,8.5513
2013-10-25,7.4132
2013-10-24,7.7617
2013-10-23,8.1489
2013-10-22,9.0497
2013-10-21,9.8975
2013-10-18,10.2135
2013-10-17,10.9291
2013-10-15,11.8375
2013-10-14,12.1180
2013-10-11,12.4296
2013-10-10,11.8950
2013-10-09,11.6909
2013-10-08,12.0577
2013-10-07,12.1835
2013-10-04,12.9907
2013-10-03,13.8195
2013-10-01,14.9029
2013-09-30,15.5121
2013-09-27,15.6777
2013-09-26,17.3865
2013-09-25,19.1632
2013-09-24,20.8955
2013-09-23,22.8202
2013-09-20,25.3308
2013-09-19,27.3653
2013-09-18,26.7905
2013-09-17,27.9740
2013-09-16,27.7749
2013-09-13,27.5310
2013-09-12,27.7839
2013-09-11,28.0648
2013-09-10,28.7145
2013-09-06,29.5207
2013-09-05,32.6049
2013-09-04,36.0318
2013-09-03,36.4696
2013-09-02,37.3083
2013-08-30,39.4320
2013-08-29,40.5710
2013-08-28,39.9010
2013-08-27,37.0434
2013-08-26,34.6988
2013-08-23,35.0245
2013-08-22,35.2161
2013-08-21,35.8912
2013-08-20,36.9484
2013-08-19,36.0486
2013-08-16,35.0595
2013-08-14,34.7349
2013-08-13,37.0840
2013-08-12,39.3871
2013-08-08,40.3625
2013-08-07,37.2979
2013-08-06,33.8928
2013-08-05,30.5522
2013-08-02,29.4955
2013-08-01,29.4015
2013-07-31,30.0064
2013-07-30,29.2424
2013-07-29,29.0295
2013-07-26,27.9670
2013-07-25,26.3653
2013-07-24,24.6688
2013-07-23,22.9549
2013-07-22,22.3818
2013-07-19,21.0997
2013-07-18,19.2729
2013-07-17,19.0346
2013-07-16,17.9762
2013-07-15,16.8915
2013-07-12,18.2044
2013-07-11,19.6632
2013-07-10,21.4346
2013-07-09,21.6758
2013-07-08,22.2816
2013-07-05,22.9546
2013-07-04,23.8215
2013-07-03,24.6434
2013-07-02,25.4743
2013-07-01,23.4758
2013-06-28,21.4389
2013-06-27,19.5742
2013-06-26,20.7866
2013-06-25,21.6107
2013-06-24,22.6772
2013-06-21,23.1563
2013-06-20,23.0036
2013-06-19,23.8431
2013-06-18,26.4679
2013-06-17,29.0803
2013-06-14,31.9830
2013-06-13,33.9049
2013-06-12,32.9309
2013-06-11,32.7707
2013-06-10,33.4590
2013-06-07,35.1507
2013-06-06,35.8699
2013-06-05,36.6985
2013-06-04,38.1515
2013-06-03,40.8530
2013-05-31,45.3120
2013-05-30,48.0520
2013-05-29,48.0580
2013-05-28,48.9173
2013-05-27,47.1008
2013-05-24,45.0826
2013-05-23,43.9801
2013-05-22,42.7552
2013-05-21,41.9591
2013-05-20,41.0037
2013-05-17,39.9420
2013-05-16,39.2037
2013-05-15,37.7515
2013-05-14,36.2175
2013-05-13,37.5271
2013-05-10,38.3862
2013-05-09,38.7333
2013-05-08,36.9454
2013-05-07,35.2345
2013-05-06,36.0685
2013-05-03,36.0669
2013-05-02,35.8468
2013-04-30,35.5659
2013-04-29,35.2538
2013-04-26,32.4034
2013-04-25,29.2364
2013-04-23,26.1019
2013-04-22,24.0322
2013-04-18,22.1138
2013-04-17,21.3003
2013-04-16,20.8536
2013-04-15,21.2312
2013-04-12,23.5467
2013-04-11,23.4427
2013-04-10,23.3322
2013-04-09,23.2095
2013-04-08,21.2425
2013-04-05,19.4862
2013-04-04,18.0781
2013-04-03,19.1907
2013-04-02,20.5589
2013-04-01,20.4757
2013-03-28,19.8353
2013-03-26,19.5917
2013-03-25,19.8276
2013-03-22,20.8191
2013-03-21,22.8462
2013-03-20,25.0984
2013-03-19,25.4419
2013-03-18,26.0459
2013-03-15,28.2782
2013-03-14,29.9229
2013-03-13,32.9375
2013-03-12,35.0845
2013-03-11,35.5264
2013-03-08,36.3284
2013-03-07,39.2070
2013-03-06,39.6856
2013-03-05,37.8491
2013-03-04,35.9868
2013-03-01,33.0388
2013-02-28,29.7632
2013-02-27,26.1236
2013-02-26,23.5100
2013-02-25,20.6060
2013-02-22,20.1585
2013-02-21,19.6614
2013-02-20,20.5586
2013-02-19,20.4874
2013-02-18,19.5809
2013-02-15,18.9855
2013-02-14,19.4176
2013-02-13,19.4829
2013-02-12,20.0877
2013-02-11,21.8845
2013-02-08,23.9797
2013-02-07,25.4184
2013-02-06,27.0170
2013-02-05,29.4445
2013-02-04,29.7689
2013-02-01,30.1294
2013-01-31,27.4563
2013-01-30,25.4046
2013-01-29,24.3952
2013-01-28,23.6068
2013-01-25,23.0498
2013-01-24,21.6313
2013-01-23,21.4615
2013-01-22,23.0803
2013-01-21,22.7927
2013-01-18,22.7353
2013-01-17,21.7954
2013-01-16,20.0142
2013-01-15,18.9021
2013-01-14,18.5332
2013-01-11,17.6665
2013-01-10,15.7721
2013-01-09,15.7653
2013-01-08,16.9749
2013-01-07,18.2182
2013-01-04,18.7380
2013-01-03,20.6691
2013-01-02,19.6654
2013-01-01,18.5980
2012-12-31,18.9386
2012-12-28,20.5789
2012-12-27,22.4015
2012-12-26,24.4267
2012-12-24,27.0365
2012-12-21,29.5391
2012-12-20,31.9668
2012-12-19,35.2322
2012-12-18,38.8573
2012-12-17,41.4195
2012-12-14,44.2664
2012-12-13,45.3210
2012-12-12,45.6806
2012-12-11,45.1774
2012-12-10,41.9797
2012-12-07,38.9021
2012-12-06,36.6795
2012-12-05,34.3251
2012-12-04,31.2511
2012-12-03,28.2284
2012-11-30,24.5564
2012-11-29,20.4764
2012-11-27,17.2866
2012-11-26,16.1962
2012-11-23,17.8138
2012-11-22,19.6219
2012-11-21,21.7755
2012-11-20,24.1684
2012-11-19,26.8272
2012-11-16,28.1326
2012-11-15,31.0442
2012-11-12,34.2793
2012-11-11,31.2307
2012-11-09,28.2364
2012-11-08,24.9221
2012-11-07,21.4575
2012-11-06,17.6078
2012-11-05,15.3931
2012-11-02,14.9692
2012-11-01,14.1805
2012-10-31,14.7759
2012-10-30,15.4375
2012-10-29,16.5439
2012-10-25,16.2308
2012-10-23,15.8828
2012-10-22,17.3710
2012-10-19,19.0244
2012-10-18,20.3099
2012-10-17,21.5709
2012-10-16,23.3454
2012-10-15,24.6247
2012-10-12,24.3717
2012-10-11,24.7737
2012-10-10,25.0507
2012-10-09,25.7833
2012-10-08,27.5261
2012-10-05,29.4086
2012-10-04,31.5002
2012-10-03,28.9440
2012-10-01,27.6709
2012-09-28,26.9327
2012-09-27,26.1126
2012-09-26,26.0834
2012-09-25,26.4869
2012-09-24,26.6238
2012-09-21,26.7759
2012-09-20,26.1250
2012-09-18,26.8984
2012-09-17,27.1340
2012-09-14,24.4476
2012-09-13,22.5681
2012-09-12,21.7026
2012-09-11,19.3906
2012-09-10,17.0875
2012-09-08,16.6875
2012-09-07,18.4108
2012-09-06,20.3257
2012-09-05,20.2559
2012-09-04,20.1784
2012-09-03,20.2521
2012-08-31,22.0854
2012-08-30,23.6792
2012-08-29,24.6283
2012-08-28,26.8332
2012-08-27,27.1629
2012-08-24,27.5292
2012-08-23,27.9362
2012-08-22,27.7779
2012-08-21,26.4983
2012-08-17,25.0766
2012-08-16,25.1662
2012-08-14,25.4581
2012-08-13,26.0624
2012-08-10,26.7338
2012-08-09,28.7505
2012-08-08,31.5022
2012-08-07,28.4205
2012-08-06,25.3106
2012-08-03,22.8940
2012-08-02,21.9379
2012-08-01,19.3958
2012-07-31,16.5712
2012-07-30,14.9707
2012-07-27,16.4594
2012-07-26,18.1134
2012-07-25,18.9949
2012-07-24,20.7292
2012-07-23,22.6562
2012-07-20,24.5159
2012-07-19,24.4214
2012-07-18,22.2574
2012-07-17,21.1246
2012-07-16,20.8601
2012-07-13,21.3232
2012-07-12,22.1097
2012-07-11,22.9836
2012-07-10,23.3362
2012-07-09,22.9123
2012-07-06,22.4412
2012-07-05,21.2800
2012-07-04,20.6800
2012-07-03,17.1470
2012-07-02,14.0548
2012-06-29,12.6831
2012-06-28,11.5968
2012-06-27,12.2903
2012-06-26,13.3952
2012-06-25,13.9644
2012-06-22,14.5968
2012-06-21,13.9440
2012-06-20,15.0800
2012-06-19,15.0944
2012-06-18,15.1104
2012-06-15,15.1282
2012-06-14,14.4118
2012-06-13,14.2873
2012-06-12,15.0165
2012-06-11,16.0243
2012-06-08,16.1915
2012-06-07,17.6494
2012-06-06,19.0147
2012-06-05,20.5972
2012-06-04,20.9458
2012-06-01,20.5565
2012-05-31,21.0641
2012-05-30,22.0907
2012-05-29,24.1761
2012-05-28,25.7010
2012-05-25,27.4413
2012-05-24,30.0009
2012-05-23,32.8449
2012-05-22,33.0490
2012-05-21,34.1915
2012-05-18,34.6008
2012-05-17,32.6578
2012-05-16,30.6162
2012-05-15,26.3850
2012-05-14,24.2277
2012-05-11,21.8308
2012-05-10,20.1474
2012-05-09,19.0200
2012-05-08,17.0011
2012-05-07,15.6671
2012-05-04,12.9965
2012-05-03,12.0893
2012-05-02,12.6683
2012-04-30,13.5783
2012-04-27,12.5158
2012-04-26,11.3352
2012-04-25,10.5907
2012-04-24,10.3426
2012-04-23,11.3188
2012-04-20,12.2436
2012-04-19,13.2711
2012-04-18,12.5501
2012-04-17,11.7490
2012-04-16,12.1041
2012-04-13,12.5728
2012-04-12,13.8493
2012-04-11,14.7869
2012-04-10,14.6461
2012-04-09,15.2307
2012-04-04,15.8803
2012-04-03,15.6996
2012-04-02,14.6613
2012-03-30,14.3732
2012-03-29,15.3385
2012-03-28,16.6886
2012-03-27,17.1727
2012-03-26,17.7106
2012-03-23,19.3303
2012-03-22,20.2252
2012-03-21,21.2195
2012-03-20,22.9934
2012-03-19,24.8065
2012-03-16,26.8210
2012-03-15,28.2759
2012-03-14,29.9077
2012-03-13,29.9152
2012-03-12,30.7762
2012-03-09,31.7328
2012-03-07,33.8115
2012-03-06,32.3847
2012-03-05,30.7994
2012-03-03,29.5337
2012-03-02,29.1569
2012-03-01,28.7591
2012-02-29,26.9740
2012-02-28,25.1031
2012-02-27,23.6316
2012-02-24,21.5868
2012-02-23,19.8194
2012-02-22,21.6244
2012-02-21,22.6646
2012-02-17,20.4070
2012-02-16,17.8986
2012-02-15,16.0565
2012-02-14,14.6921
2012-02-13,15.6164
2012-02-10,16.8892
2012-02-09,18.3035
2012-02-08,20.2343
2012-02-07,22.3796
2012-02-06,24.7633
2012-02-03,25.7110
2012-02-02,28.0770
2012-02-01,31.0778
2012-01-31,34.0044
2012-01-30,35.2723
2012-01-27,36.8384
2012-01-25,35.9571
2012-01-24,32.9140
2012-01-23,30.0352
2012-01-20,27.4244
2012-01-19,24.9294
2012-01-18,22.3474
2012-01-17,20.9760
2012-01-16,19.7532
2012-01-13,18.3671
2012-01-12,16.7023
2012-01-11,14.8526
2012-01-10,14.0191
2012-01-09,13.8656
2012-01-07,14.3698
2012-01-06,14.8641
2012-01-05,15.4133
2012-01-04,15.3141
2012-01-03,16.0373
2012-01-02,16.8409
2011-12-30,17.3140
2011-12-29,18.6315
2011-12-28,20.0378
2011-12-27,20.9180
2011-12-26,21.0120
2011-12-23,21.1406
2011-12-22,21.7187
2011-12-21,22.6395
2011-12-20,24.0378
2011-12-19,23.2086
2011-12-16,21.3647
2011-12-15,21.4644
2011-12-14,20.4884
2011-12-13,19.8154
2011-12-12,20.1424
2011-12-09,21.4858
2011-12-08,23.3736
2011-12-07,23.9955
2011-12-05,24.7603
2011-12-02,26.3323
2011-12-01,28.1366
2011-11-30,30.9504
2011-11-29,31.9445
2011-11-28,34.1320
2011-11-25,36.0594
2011-11-24,33.6368
2011-11-23,31.0115
2011-11-22,28.5876
2011-11-21,26.7966
2011-11-18,24.1465
2011-11-17,21.9644
2011-11-16,19.6648
2011-11-15,17.1098
2011-11-14,17.1653
2011-11-11,18.9451
2011-11-09,20.9226
2011-11-08,20.9405
2011-11-04,20.9603
2011-11-03,20.5393
2011-11-02,20.5938
2011-11-01,19.7759
2011-10-31,19.0615
2011-10-28,18.2678
2011-10-25,17.7655
2011-10-24,18.7605
2011-10-21,18.3835
2011-10-20,17.9645
2011-10-19,18.2687
2011-10-18,17.3341
2011-10-17,16.4954
2011-10-14,15.6400
2011-10-13,15.5669
2011-10-12,14.7495
2011-10-11,14.0867
2011-10-10,12.3620
2011-10-07,11.6055
2011-10-05,11.7968
2011-10-04,12.2873
2011-10-03,12.2494
2011-09-30,12.2380
2011-09-29,12.9068
2011-09-28,13.4014
2011-09-27,14.5499
2011-09-26,15.7149
2011-09-23,15.0380
2011-09-22,14.8242
2011-09-21,16.0622
2011-09-20,14.9490
2011-09-19,13.7254
2011-09-16,14.0904
2011-09-15,13.7729
2011-09-14,14.6630
2011-09-13,15.3251
2011-09-12,16.7097
2011-09-09,18.2056
2011-09-08,18.7672
2011-09-07,19.7752
2011-09-06,20.5423
2011-09-05,22.6509
2011-09-02,24.9937
2011-08-30,26.6169
2011-08-29,28.6463
2011-08-26,28.7216
2011-08-25,26.8545
2011-08-24,25.6792
2011-08-23,25.8102
2011-08-22,24.5171
2011-08-19,23.6206
2011-08-18,21.9004
2011-08-17,20.7177
2011-08-16,20.1729
2011-08-12,19.5676
2011-08-11,20.7983
2011-08-10,21.7425
2011-08-09,20.9453
2011-08-08,18.4952
2011-08-05,17.3994
2011-08-04,17.9806
2011-08-03,19.1772
2011-08-02,20.1723
2011-08-01,22.3875
2011-07-29,23.3923
2011-07-28,24.7918
2011-07-27,26.8872
2011-07-26,28.7486
2011-07-25,30.7510
2011-07-22,30.9379
2011-07-21,30.2555
2011-07-20,31.0292
2011-07-19,31.6536
2011-07-18,31.8547
2011-07-15,32.7659
2011-07-14,33.5503
2011-07-13,34.4219
2011-07-12,36.8093
2011-07-11,39.2061
2011-07-08,38.9228
2011-07-07,36.8656
2011-07-06,35.1027
2011-07-05,34.1426
2011-07-04,34.0019
2011-07-01,32.7331
2011-06-30,30.1063
2011-06-29,27.5743
2011-06-28,25.3521
2011-06-27,23.6287
2011-06-24,22.5137
2011-06-23,22.8770
2011-06-22,22.7932
2011-06-21,22.6861
2011-06-20,22.5670
2011-06-17,20.5147
2011-06-16,19.7393
2011-06-15,19.7690
2011-06-14,20.3176
2011-06-13,19.8106
2011-06-10,19.7097
2011-06-09,19.0160
2011-06-08,19.0334
2011-06-07,20.1331
2011-06-06,22.0498
2011-06-03,24.0501
2011-06-02,26.2726
2011-06-01,26.5030
2011-05-31,25.6435
2011-05-30,25.4610
2011-05-27,27.1568
2011-05-26,28.8008
2011-05-25,29.8492
2011-05-24,31.8373
2011-05-23,34.6977
2011-05-20,37.0933
2011-05-19,39.7550
2011-05-18,40.0498
2011-05-17,39.7492
2011-05-16,37.3733
2011-05-13,35.0748
2011-05-12,33.3074
2011-05-11,31.5871
2011-05-10,30.5617
2011-05-09,29.4225
2011-05-06,27.6393
2011-05-05,25.9546
2011-05-04,24.0827
2011-05-03,22.6447
2011-05-02,22.8499
2011-04-29,24.7629
2011-04-28,27.0472
2011-04-27,29.1444
2011-04-26,30.3782
2011-04-25,31.7491
2011-04-21,30.5144
2011-04-20,29.3272
2011-04-19,29.4974
2011-04-18,31.2568
2011-04-15,32.8845
2011-04-13,32.7272
2011-04-11,32.7591
2011-04-08,34.2765
2011-04-07,32.4288
2011-04-06,30.7009
2011-04-05,29.7618
2011-04-04,28.2059
2011-04-01,25.9351
2011-03-31,23.7546
2011-03-30,21.3318
2011-03-29,19.5830
2011-03-28,18.5226
2011-03-25,18.1469
2011-03-24,19.0906
2011-03-23,19.6707
2011-03-22,19.9708
2011-03-21,19.5956
2011-03-18,18.0938
2011-03-17,16.4251
2011-03-16,15.7989
2011-03-15,17.1038
2011-03-14,18.7842
2011-03-11,20.0523
2011-03-10,22.0019
2011-03-09,21.6601
2011-03-08,21.2649
2011-03-07,21.3312
2011-03-04,21.5906
2011-03-03,20.0376
2011-03-01,18.8934
2011-02-28,19.6312
2011-02-25,20.6496
2011-02-24,21.9413
2011-02-23,23.6210
2011-02-22,23.5436
2011-02-21,25.3332
2011-02-18,27.3216
2011-02-17,28.4715
2011-02-16,31.1286
2011-02-15,34.5391
2011-02-14,37.5130
2011-02-11,41.5612
2011-02-10,43.1937
2011-02-09,43.9552
2011-02-08,44.4661
2011-02-07,42.3413
2011-02-04,40.0812
2011-02-03,38.1351
2011-02-02,36.9033
2011-02-01,35.5346
2011-01-31,34.9950
2011-01-28,33.1758
2011-01-27,32.8041
2011-01-25,34.7838
2011-01-24,37.5050
2011-01-21,39.2377
2011-01-20,38.1049
2011-01-19,36.8461
2011-01-18,35.7375
2011-01-17,34.5057
2011-01-14,32.3126
2011-01-13,29.8758
2011-01-12,29.2690
2011-01-11,28.5480
2011-01-10,26.2636
2011-01-07,23.8306
2011-01-06,23.4630
2011-01-05,25.9625
2011-01-04,27.9359
2011-01-03,25.8360
2010-12-31,23.9135
2010-12-30,21.9180
2010-12-29,20.1753
2010-12-28,19.6198
2010-12-27,20.8197
2010-12-24,22.1529
2010-12-23,23.1173
2010-12-22,24.6340
2010-12-21,26.3192
2010-12-20,28.1916
2010-12-16,29.7411
2010-12-15,29.7104
2010-12-14,30.1233
2010-12-13,31.4290
2010-12-10,32.1776
2010-12-09,29.4947
2010-12-08,26.6858
2010-12-07,25.1867
2010-12-06,25.3620
2010-12-03,26.0382
2010-12-02,26.2897
2010-12-01,27.3790
2010-11-30,26.4083
2010-11-29,24.2577
2010-11-26,22.5148
2010-11-25,20.5782
2010-11-24,19.9454
2010-11-23,18.8499
2010-11-22,19.7652
2010-11-19,21.0417
2010-11-18,20.3683
2010-11-16,19.9118
2010-11-15,19.5631
2010-11-12,20.2369
2010-11-11,21.4172
2010-11-10,23.3843
2010-11-09,24.7076
2010-11-08,26.4499
2010-11-04,27.1112
2010-11-03,27.8459
2010-11-02,29.9933
2010-11-01,32.2119
2010-10-29,33.6689
2010-10-28,32.5939
2010-10-27,31.3995
2010-10-26,30.0724
2010-10-25,30.4733
2010-10-22,30.9187
2010-10-21,31.0080
2010-10-20,31.7305
2010-10-19,32.8181
2010-10-18,36.0108
2010-10-15,39.5582
2010-10-14,42.0356
2010-10-13,44.1994
2010-10-12,47.3657
2010-10-11,52.1559
2010-10-08,55.3499
2010-10-07,58.8989
2010-10-06,61.0950
2010-10-05,60.7447
2010-10-04,60.3554
2010-10-01,59.8236
2010-09-30,59.9842
2010-09-29,60.6125
2010-09-28,62.0689
2010-09-27,62.9341
2010-09-24,60.4557
2010-09-23,57.7794
2010-09-22,54.4014
2010-09-21,50.6909
2010-09-20,46.5710
2010-09-17,42.2498
2010-09-16,37.4484
2010-09-15,33.5093
2010-09-14,30.0714
2010-09-13,26.4392
2010-09-09,23.1912
2010-09-08,23.3355
2010-09-07,23.0871
2010-09-06,22.8112
2010-09-03,21.3594
2010-09-02,20.5175
2010-09-01,19.8425
2010-08-31,19.0924
2010-08-30,21.0683
2010-08-27,20.9596
2010-08-26,20.8389
2010-08-25,21.3846
2010-08-24,22.2939
2010-08-23,23.3042
2010-08-20,22.8152
2010-08-19,20.2392
2010-08-18,17.3770
2010-08-17,16.9138
2010-08-16,17.8475
2010-08-13,18.6149
2010-08-12,20.5202
2010-08-11,21.7409
2010-08-10,23.9165
2010-08-09,22.3544
2010-08-06,20.7428
2010-08-05,20.0930
2010-08-04,20.0222
2010-08-03,19.9434
2010-08-02,20.4742
2010-07-30,22.0649
2010-07-29,23.2685
2010-07-28,25.2004
2010-07-27,25.8854
2010-07-26,28.4202
2010-07-23,30.6361
2010-07-22,31.2801
2010-07-21,32.5352
2010-07-20,33.5152
2010-07-19,32.1091
2010-07-16,30.8615
2010-07-15,30.1139
2010-07-14,28.1626
2010-07-13,24.6170
2010-07-12,22.0162
2010-07-09,20.8170
2010-07-08,20.7794
2010-07-07,22.2673
2010-07-06,24.7348
2010-07-05,25.8230
2010-07-02,27.3400
2010-07-01,29.3969
2010-06-30,31.6825
2010-06-29,34.2219
2010-06-28,35.9218
2010-06-25,36.6381
2010-06-24,36.9298
2010-06-23,33.9265
2010-06-22,30.9774
2010-06-21,27.8004
2010-06-18,24.2703
2010-06-17,21.8321
2010-06-16,19.1231
2010-06-15,16.5181
2010-06-14,14.8851
2010-06-11,13.7664
2010-06-10,13.5693
2010-06-09,14.7075
2010-06-08,15.5049
2010-06-07,16.3910
2010-06-04,15.5286
2010-06-03,17.0049
2010-06-02,18.6452
2010-06-01,19.3407
2010-05-31,20.3274
2010-05-28,21.0058
2010-05-27,21.7595
2010-05-26,23.3361
2010-05-25,23.9799
2010-05-24,21.3971
2010-05-21,20.1454
2010-05-20,18.8453
2010-05-19,16.5731
2010-05-18,14.5684
2010-05-17,13.8635
2010-05-14,13.2844
2010-05-13,14.3248
2010-05-12,15.6077
2010-05-11,16.6339
2010-05-10,17.9368
2010-05-07,19.3434
2010-05-06,18.5632
2010-05-05,18.6411
2010-05-04,20.2150
2010-05-03,20.7183
2010-04-30,21.2776
2010-04-29,21.4372
2010-04-28,21.3318
2010-04-27,21.6516
2010-04-26,20.3014
2010-04-23,19.7449
2010-04-22,21.7817
2010-04-21,24.0449
2010-04-20,24.1391
2010-04-19,24.0560
2010-04-16,23.6926
2010-04-15,23.9235
2010-04-13,25.4589
2010-04-12,27.5007
2010-04-09,27.6595
2010-04-08,27.9489
2010-04-07,29.8385
2010-04-06,28.3846
2010-04-05,26.7692
2010-04-01,25.8042
2010-03-31,24.9690
2010-03-30,26.0747
2010-03-29,28.5952
2010-03-26,31.6876
2010-03-25,33.1441
2010-03-23,34.0194
2010-03-22,36.7925
2010-03-19,39.8738
2010-03-18,40.9765
2010-03-17,39.2912
2010-03-16,38.0756
2010-03-15,37.7974
2010-03-12,35.9896
2010-03-11,33.7048
2010-03-10,30.5456
2010-03-09,27.1545
2010-03-08,24.3251
2010-03-05,22.5798
2010-03-04,20.6406
2010-03-03,19.2270
2010-03-02,17.6563
2010-02-26,17.4586
2010-02-25,19.2750
2010-02-24,20.9959
2010-02-23,20.8950
2010-02-22,20.7828
2010-02-19,20.9846
2010-02-18,22.2268
2010-02-17,24.2876
2010-02-16,26.9684
2010-02-15,29.1019
2010-02-11,29.0157
2010-02-10,29.3134
2010-02-09,29.6441
2010-02-08,29.7978
2010-02-06,29.9687
2010-02-05,31.9223
2010-02-04,33.9295
2010-02-03,37.2562
2010-02-02,40.7039
2010-02-01,42.6048
2010-01-29,42.3610
2010-01-28,42.0901
2010-01-27,39.6992
2010-01-25,36.3266
2010-01-22,33.4186
2010-01-21,30.1876
2010-01-20,27.9409
2010-01-19,27.1443
2010-01-18,26.2592
2010-01-15,27.2176
2010-01-14,25.0234
2010-01-13,22.7963
2010-01-12,20.3218
2010-01-11,18.7128
2010-01-08,18.2525
2010-01-07,17.9479
2010-01-06,19.1832
2010-01-05,20.1493
2010-01-04,20.6209
2009-12-31,21.1448
2009-12-30,22.6780
2009-12-29,25.0977
2009-12-24,27.3251
2009-12-23,29.6013
2009-12-22,32.7704
2009-12-21,30.3660
2009-12-18,27.6943
2009-12-17,24.9057
2009-12-16,21.8073
2009-12-15,19.3639
2009-12-14,16.7830
2009-12-11,15.4936
2009-12-10,14.2555
2009-12-09,13.8872
2009-12-08,14.2916
2009-12-07,15.4803
2009-12-04,15.5231
2009-12-03,15.1052
2009-12-02,15.0720
2009-12-01,15.4920
2009-11-30,16.9417
2009-11-27,18.0464
2009-11-26,16.9503
2009-11-25,18.7250
2009-11-24,18.3502
2009-11-23,17.9338
2009-11-20,16.7011
2009-11-19,15.8655
2009-11-18,17.0982
2009-11-17,18.9458
2009-11-16,20.9988
2009-11-13,21.8846
2009-11-12,23.4595
2009-11-11,25.2094
2009-11-10,27.2405
2009-11-09,30.1980
2009-11-06,33.2895
2009-11-05,35.1419
2009-11-04,34.6463
2009-11-03,33.9745
2009-10-30,33.3653
2009-10-29,33.7506
2009-10-28,33.1001
2009-10-27,32.9256
2009-10-26,33.2960
2009-10-23,33.8312
2009-10-22,33.5327
2009-10-21,31.9954
2009-10-20,34.7678
2009-10-16,34.0220
2009-10-15,31.8827
2009-10-14,29.5056
2009-10-13,27.6752
2009-10-12,27.6420
2009-10-09,27.6052
2009-10-08,28.7957
2009-10-07,29.3983
2009-10-06,30.0677
2009-10-05,31.5510
2009-10-01,33.1990
2009-09-30,33.2251
2009-09-29,31.3295
2009-09-25,28.3455
2009-09-24,25.5194
2009-09-23,22.5801
2009-09-22,20.6737
2009-09-18,18.5554
2009-09-17,19.1944
2009-09-16,18.6225
2009-09-15,17.9870
2009-09-14,17.6330
2009-09-11,18.7078
2009-09-10,17.5096
2009-09-09,16.1781
2009-09-08,16.3749
2009-09-07,15.3385
2009-09-04,14.4575
2009-09-03,15.1297
2009-09-02,15.6109
2009-09-01,16.1456
2009-08-31,17.6102
2009-08-28,17.4417
2009-08-27,17.2545
2009-08-26,17.5333
2009-08-25,17.0672
2009-08-24,16.5493
2009-08-21,15.2727
2009-08-20,15.7543
2009-08-19,16.8320
2009-08-18,17.9062
2009-08-17,18.0137
2009-08-14,17.2716
2009-08-13,18.0119
2009-08-12,19.2845
2009-08-11,17.9878
2009-08-10,16.5469
2009-08-07,16.0602
2009-08-06,17.1901
2009-08-05,18.8889
2009-08-04,19.4029
2009-08-03,18.3848
2009-07-31,17.2536
2009-07-30,16.1497
2009-07-29,16.3706
2009-07-28,18.1582
2009-07-27,19.6325
2009-07-24,21.6962
2009-07-23,23.0581
2009-07-22,24.7011
2009-07-21,25.9665
2009-07-20,24.6692
2009-07-17,22.9137
2009-07-16,21.5726
2009-07-15,20.9221
2009-07-14,20.8444
2009-07-13,21.4874
2009-07-10,22.0762
2009-07-09,22.8297
2009-07-08,23.6108
2009-07-07,24.8697
2009-07-06,24.5003
2009-07-03,23.8963
2009-07-02,20.6491
2009-07-01,20.4872
2009-06-30,21.3522
2009-06-29,22.3133
2009-06-26,21.7306
2009-06-25,21.1076
2009-06-24,21.2469
2009-06-23,22.5222
2009-06-22,23.9392
2009-06-19,26.2665
2009-06-18,27.6679
2009-06-17,29.2249
2009-06-16,30.4230
2009-06-15,33.0122
2009-06-12,35.4291
2009-06-11,37.0230
2009-06-10,37.9526
2009-06-09,38.1606
2009-06-08,39.3655
2009-06-05,40.5594
2009-06-04,39.4124
2009-06-03,38.5878
2009-06-02,36.5735
2009-06-01,34.7400
2009-05-29,33.5450
2009-05-28,33.2743
2009-05-27,32.9735
2009-05-26,33.0497
2009-05-25,33.5945
2009-05-22,33.6610
2009-05-21,33.7349
2009-05-20,33.2540
2009-05-19,30.8553
2009-05-18,26.5174
2009-05-15,22.1788
2009-05-14,21.2034
2009-05-13,20.9079
2009-05-12,20.5725
2009-05-11,21.9396
2009-05-08,23.9293
2009-05-07,25.7395
2009-05-06,26.6851
2009-05-05,27.7357
2009-05-04,25.6706
2009-04-30,23.4859
2009-04-29,25.8647
2009-04-28,28.5078
2009-04-27,31.4445
2009-04-24,30.8662
2009-04-23,30.7082
2009-04-22,31.2403
2009-04-21,31.8316
2009-04-20,33.1721
2009-04-17,32.4108
2009-04-16,30.9024
2009-04-15,29.6565
2009-04-13,28.6129
2009-04-09,28.3739
2009-04-08,27.4935
2009-04-06,26.8885
2009-04-02,26.4441
2009-04-01,27.4885
2009-03-31,30.1565
2009-03-30,32.5040
2009-03-27,35.7275
2009-03-26,35.4534
2009-03-25,34.0835
2009-03-24,33.5314
2009-03-23,30.9171
2009-03-20,28.6762
2009-03-19,28.8806
2009-03-18,30.1933
2009-03-17,31.6519
2009-03-16,33.3669
2009-03-13,35.2724
2009-03-12,37.3897
2009-03-09,40.2894
2009-03-06,41.7593
2009-03-05,41.9902
2009-03-04,39.5812
2009-03-03,36.9115
2009-03-02,34.9008
2009-02-27,33.2015
2009-02-26,31.3135
2009-02-25,27.9285
2009-02-24,24.6948
2009-02-20,21.7419
2009-02-19,19.4376
2009-02-18,17.5919
2009-02-17,15.5412
2009-02-16,14.9855
2009-02-13,16.5300
2009-02-12,16.9810
2009-02-11,18.2714
2009-02-10,19.7051
2009-02-09,20.9330
2009-02-06,22.7627
2009-02-05,21.6626
2009-02-04,20.4404
2009-02-03,20.5587
2009-02-02,20.5367
2009-01-30,20.6103
2009-01-29,22.8405
2009-01-28,25.1062
2009-01-27,26.7211
2009-01-23,25.9704
2009-01-22,23.2623
2009-01-21,20.2533
2009-01-20,16.9100
2009-01-19,15.3276
2009-01-16,15.1436
2009-01-15,16.0757
2009-01-14,16.7880
2009-01-13,18.2106
2009-01-12,19.7912
2009-01-09,19.8291
2009-01-07,19.7777
2009-01-06,18.0798
2009-01-05,16.3833
2009-01-02,16.0878
2008-12-31,17.0816
2008-12-30,18.0621
2008-12-29,18.7564
2008-12-26,17.9991
2008-12-24,17.5458
2008-12-23,17.5373
2008-12-22,16.4182
2008-12-19,15.9728
2008-12-18,16.2379
2008-12-17,16.5326
2008-12-16,17.8295
2008-12-15,19.5391
2008-12-12,20.2021
2008-12-11,21.5970
2008-12-10,21.4635
2008-12-08,21.3152
2008-12-05,23.0373
2008-12-04,25.0012
2008-12-03,27.6560
2008-12-02,28.5678
2008-12-01,29.1855
2008-11-28,31.1225
2008-11-27,32.8238
2008-11-26,32.7107
2008-11-25,32.5850
2008-11-24,32.7549
2008-11-21,32.8218
2008-11-20,32.4075
2008-11-19,30.1038
2008-11-18,28.7686
2008-11-17,27.8339
2008-11-14,26.7953
2008-11-12,26.8271
2008-11-11,27.9126
2008-11-10,29.5195
2008-11-07,32.3541
2008-11-06,34.5069
2008-11-05,36.9951
2008-11-04,40.9500
2008-11-03,44.4057
2008-10-31,48.3194
2008-10-29,50.7998
2008-10-27,50.7878
2008-10-24,49.1935
2008-10-23,48.2576
2008-10-22,48.5402
2008-10-21,50.5822
2008-10-20,52.8763
2008-10-17,52.7668
2008-10-16,51.5460
2008-10-15,50.1896
2008-10-14,49.2641
2008-10-13,49.0179
2008-10-10,46.6850
2008-10-08,43.3849
2008-10-07,40.4933
2008-10-06,38.1588
2008-10-03,35.6195
2008-10-01,33.8076
2008-09-30,32.3719
2008-09-29,29.9577
2008-09-26,27.7537
2008-09-25,26.1172
2008-09-24,25.2333
2008-09-23,24.3965
2008-09-22,23.8155
2008-09-19,24.7870
2008-09-18,25.2940
2008-09-17,21.5030
2008-09-16,18.7535
2008-09-15,15.6984
2008-09-12,12.3038
2008-09-11,10.4745
2008-09-10,9.9926
2008-09-09,11.0721
2008-09-08,11.8391
2008-09-05,12.6913
2008-09-04,13.5903
2008-09-02,13.4584
2008-09-01,13.3117
2008-08-29,13.8963
2008-08-28,14.6641
2008-08-27,14.5847
2008-08-26,15.3468
2008-08-25,16.9360
2008-08-22,18.7016
2008-08-21,18.4911
2008-08-20,18.8877
2008-08-19,20.2964
2008-08-18,21.8616
2008-08-14,24.2160
2008-08-13,26.8489
2008-08-12,27.2423
2008-08-11,26.5453
2008-08-08,24.3676
2008-08-07,22.6518
2008-08-06,21.0016
2008-08-05,19.1681
2008-08-04,18.1379
2008-08-01,18.0672
2008-07-31,17.9886
2008-07-30,18.7189
2008-07-29,20.3790
2008-07-28,21.6215
2008-07-25,23.2669
2008-07-24,25.0950
2008-07-23,24.2615
2008-07-22,23.4473
2008-07-21,25.2603
2008-07-18,28.0521
2008-07-17,30.7410
2008-07-16,30.0457
2008-07-15,28.6718
2008-07-14,27.7221
2008-07-11,28.5925
2008-07-10,30.3910
2008-07-09,33.3907
2008-07-08,37.0830
2008-07-07,39.1321
2008-07-04,41.9177
2008-07-03,44.2736
2008-07-02,45.4754
2008-07-01,46.8107
2008-06-30,45.5298
2008-06-27,45.1456
2008-06-26,45.7153
2008-06-25,48.4468
2008-06-24,49.4489
2008-06-23,51.2440
2008-06-20,51.3902
2008-06-19,51.6666
2008-06-18,52.5243
2008-06-17,54.4308
2008-06-16,55.4820
2008-06-13,54.3801
2008-06-12,51.4692
2008-06-11,48.2349
2008-06-10,45.1430
2008-06-09,41.4202
2008-06-06,37.5052
2008-06-05,34.6814
2008-06-04,31.8569
2008-06-03,28.8777
2008-06-02,26.0746
2008-05-30,24.1322
2008-05-29,21.7071
2008-05-28,18.7986
2008-05-27,16.8932
2008-05-26,14.9990
2008-05-23,13.8273
2008-05-22,14.1706
2008-05-21,13.3623
2008-05-20,13.5656
2008-05-16,14.6130
2008-05-15,15.1574
2008-05-14,15.9272
2008-05-13,17.6454
2008-05-12,18.7928
2008-05-09,19.4919
2008-05-08,20.2686
2008-05-07,22.1287
2008-05-06,23.8881
2008-05-05,26.1870
2008-05-02,28.7414
2008-04-30,26.1658
2008-04-29,22.9642
2008-04-28,19.8034
2008-04-25,18.1731
2008-04-24,16.8394
2008-04-23,16.6039
2008-04-22,17.0947
2008-04-21,17.7701
2008-04-17,18.0916
2008-04-16,19.6411
2008-04-15,19.9776
2008-04-11,19.6979
2008-04-10,20.6142
2008-04-09,21.7178
2008-04-08,22.9440
2008-04-07,21.9070
2008-04-04,20.7549
2008-04-03,19.4850
2008-04-02,19.9738
2008-04-01,20.6493
2008-03-31,20.0623
2008-03-28,20.1054
2008-03-27,21.9425
2008-03-26,23.2732
2008-03-25,24.7519
2008-03-24,27.3678
2008-03-19,25.8286
2008-03-18,23.0498
2008-03-17,19.9622
2008-03-14,16.9256
2008-03-13,16.6229
2008-03-12,16.2866
2008-03-11,17.3203
2008-03-10,17.0462
2008-03-07,17.0361
2008-03-05,18.3839
2008-03-04,19.8815
2008-03-03,19.6077
2008-02-29,19.3179
2008-02-28,21.0674
2008-02-27,23.1003
2008-02-26,24.0485
2008-02-25,23.1194
2008-02-22,21.4800
2008-02-21,19.7123
2008-02-20,18.2512
2008-02-19,17.8915
2008-02-18,19.3283
2008-02-15,21.3691
2008-02-14,23.5709
2008-02-13,25.3055
2008-02-12,24.6598
2008-02-11,22.6258
2008-02-08,20.3658
2008-02-07,19.5088
2008-02-06,20.7534
2008-02-05,22.1362
2008-02-04,23.1525
2008-02-01,24.9093
2008-01-31,27.5654
2008-01-30,29.2905
2008-01-29,31.0337
2008-01-28,32.9062
2008-01-25,33.1915
2008-01-24,32.2132
2008-01-23,30.7100
2008-01-22,29.0398
2008-01-21,24.9071
2008-01-18,23.1606
2008-01-17,23.0300
2008-01-16,22.8849
2008-01-15,23.6569
2008-01-14,26.0509
2008-01-11,27.2085
2008-01-10,27.5979
2008-01-09,24.7996
2008-01-08,21.6904
2008-01-07,19.0567
2008-01-04,16.8310
2008-01-03,14.3579
2008-01-02,12.7034
2008-01-01,10.8651
2007-12-31,11.6803
2007-12-28,12.3505
2007-12-27,13.6872
2007-12-26,14.6402
2007-12-24,15.7870
2007-12-20,17.5201
2007-12-19,17.6151
2007-12-18,17.7207
2007-12-17,19.1007
2007-12-14,21.1404
2007-12-13,19.1464
2007-12-12,16.9308
2007-12-11,15.2395
2007-12-10,15.6655
2007-12-07,16.4895
2007-12-06,17.4050
2007-12-05,18.3218
2007-12-04,17.5196
2007-12-03,16.6614
2007-11-30,15.7078
2007-11-29,17.2384
2007-11-28,18.9906
2007-11-27,19.8540
2007-11-26,20.6665
2007-11-23,22.5085
2007-11-22,23.6550
2007-11-21,23.6322
2007-11-20,24.5665
2007-11-19,26.2428
2007-11-16,28.4218
2007-11-15,30.3672
2007-11-14,32.5288
2007-11-13,31.3398
2007-11-12,32.2898
2007-11-08,34.4810
2007-11-07,36.4452
2007-11-06,38.8543
2007-11-05,40.1424
2007-11-02,41.1199
2007-11-01,42.2059
2007-10-31,41.9878
2007-10-30,40.5195
2007-10-29,38.5755
2007-10-26,37.1633
2007-10-25,37.5094
2007-10-24,38.5458
2007-10-23,38.6607
2007-10-22,38.7884
2007-10-19,40.4829
2007-10-18,43.8657
2007-10-17,46.6300
2007-10-16,51.4179
2007-10-15,51.3329
2007-10-12,51.4566
2007-10-11,52.9037
2007-10-10,54.5116
2007-10-09,54.4639
2007-10-08,54.8019
2007-10-05,55.5212
2007-10-04,56.0278
2007-10-03,55.7882
2007-10-01,53.7746
2007-09-28,52.8735
2007-09-27,50.2220
2007-09-26,47.4346
2007-09-25,44.3374
2007-09-24,42.0932
2007-09-21,39.6069
2007-09-20,37.0171
2007-09-19,34.2603
2007-09-18,31.1973
2007-09-17,31.8042
2007-09-14,32.4786
2007-09-13,33.3707
2007-09-12,31.9356
2007-09-11,30.6745
2007-09-10,30.2268
2007-09-07,30.5442
2007-09-06,27.8062
2007-09-05,24.9291
2007-09-04,22.8033
2007-09-03,20.5460
2007-08-31,19.5452
2007-08-30,18.8579
2007-08-29,18.0942
2007-08-28,18.2641
2007-08-27,18.0174
2007-08-24,18.2976
2007-08-23,20.0475
2007-08-22,21.9567
2007-08-21,22.4398
2007-08-20,23.2204
2007-08-17,24.1890
2007-08-16,24.2391
2007-08-14,26.3246
2007-08-13,27.6113
2007-08-10,28.1350
2007-08-09,29.4929
2007-08-08,27.2504
2007-08-07,25.0174
2007-08-06,25.0126
2007-08-03,25.6203
2007-08-02,24.5814
2007-08-01,24.4270
2007-07-31,24.2555
2007-07-30,22.9720
2007-07-27,24.4187
2007-07-26,25.7112
2007-07-25,24.1035
2007-07-24,25.8131
2007-07-23,26.3292
2007-07-20,26.1055
2007-07-19,25.9539
2007-07-18,26.9396
2007-07-17,28.0348
2007-07-16,28.9262
2007-07-13,28.2399
2007-07-12,27.8871
2007-07-11,28.8034
2007-07-10,31.3356
2007-07-09,34.1491
2007-07-06,36.6384
2007-07-05,39.4043
2007-07-04,41.2251
2007-07-03,40.7886
2007-07-02,40.3035
2007-06-29,37.6750
2007-06-28,34.8109
2007-06-27,32.6725
2007-06-26,32.1982
2007-06-25,30.3300
2007-06-22,28.3301
2007-06-21,26.5053
2007-06-20,25.5814
2007-06-19,26.0864
2007-06-18,27.6064
2007-06-15,28.3297
2007-06-14,28.3299
2007-06-13,28.6736
2007-06-12,31.5773
2007-06-11,34.8036
2007-06-08,37.7991
2007-06-07,41.8960
2007-06-06,43.5975
2007-06-05,43.7770
2007-06-04,42.1383
2007-06-01,40.3175
2007-05-31,38.7018
2007-05-30,37.1664
2007-05-29,35.8572
2007-05-28,34.4025
2007-05-25,31.5051
2007-05-24,29.0880
2007-05-23,27.1779
2007-05-22,24.2596
2007-05-21,21.0170
2007-05-18,20.2183
2007-05-17,19.9060
2007-05-16,18.3077
2007-05-15,17.6853
2007-05-14,16.9884
2007-05-11,16.4262
2007-05-10,16.9044
2007-05-09,17.4357
2007-05-08,17.4566
2007-05-07,18.8349
2007-05-04,20.7240
2007-05-03,22.5071
2007-04-30,23.1180
2007-04-27,24.6899
2007-04-26,24.1175
2007-04-25,22.1655
2007-04-24,19.4375
2007-04-23,16.8935
2007-04-20,15.1130
2007-04-19,13.6574
2007-04-18,15.1168
2007-04-17,15.1952
2007-04-16,16.1218
2007-04-13,17.5458
2007-04-12,19.0059
2007-04-11,20.6283
2007-04-10,21.2401
2007-04-09,21.9382
2007-04-05,24.3723
2007-04-04,25.6790
2007-04-03,25.6527
2007-04-02,22.7160
2007-03-30,19.9999
2007-03-29,19.4665
2007-03-28,19.2000
2007-03-26,18.9038
2007-03-23,20.9262
2007-03-22,23.0790
2007-03-21,24.1725
2007-03-20,24.6926
2007-03-19,25.9911
2007-03-16,25.7732
2007-03-15,25.5311
2007-03-14,25.5692
2007-03-13,26.9432
2007-03-12,29.7313
2007-03-09,32.8291
2007-03-08,34.9001
2007-03-07,36.7290
2007-03-06,37.8668
2007-03-05,39.1310
2007-03-02,39.0351
2007-03-01,39.4525
2007-02-28,37.2490
2007-02-27,34.8006
2007-02-26,34.9331
2007-02-23,32.6798
2007-02-22,30.4791
2007-02-21,29.8391
2007-02-20,29.4758
2007-02-19,29.0722
2007-02-15,29.6421
2007-02-14,30.2789
2007-02-13,30.9864
2007-02-12,33.9284
2007-02-09,37.3822
2007-02-08,36.0860
2007-02-07,34.8120
2007-02-06,32.7936
2007-02-05,29.2813
2007-02-02,25.3788
2007-02-01,22.1697
2007-01-31,20.7196
2007-01-29,19.3843
2007-01-25,16.8070
2007-01-24,13.9434
2007-01-23,12.6164
2007-01-22,13.2568
2007-01-19,13.7779
2007-01-18,14.3569
2007-01-17,15.2911
2007-01-16,15.8022
2007-01-15,17.4494
2007-01-12,17.4279
2007-01-11,18.9032
2007-01-10,18.1157
2007-01-09,17.4434
2007-01-08,16.6964
2007-01-05,17.4506
2007-01-04,18.2887
2007-01-03,19.4565
2007-01-02,21.0699
2006-12-29,21.1519
2006-12-28,20.3030
2006-12-27,19.5683
2006-12-26,18.7762
2006-12-22,19.9608
2006-12-21,21.8536
2006-12-20,23.9567
2006-12-19,26.2935
2006-12-18,28.2335
2006-12-15,28.9246
2006-12-14,31.5986
2006-12-13,33.8692
2006-12-12,33.4266
2006-12-11,33.1317
2006-12-08,35.8853
2006-12-07,39.2933
2006-12-06,43.5470
2006-12-05,47.1419
2006-12-04,48.5575
2006-12-01,47.9510
2006-11-30,47.6362
2006-11-29,47.2864
2006-11-28,47.6808
2006-11-27,46.9654
2006-11-24,44.8685
2006-11-23,42.5386
2006-11-22,40.0261
2006-11-21,37.3611
2006-11-20,34.4000
2006-11-17,31.1098
2006-11-16,29.0832
2006-11-15,27.8659
2006-11-14,26.9091
2006-11-13,24.8662
2006-11-10,22.9587
2006-11-09,22.8313
2006-11-08,21.8623
2006-11-07,19.3394
2006-11-06,16.8233
2006-11-03,15.0266
2006-11-02,15.2726
2006-11-01,16.3661
2006-10-31,17.5811
2006-10-30,17.9092
2006-10-27,19.6344
2006-10-26,21.5513
2006-10-23,23.4795
2006-10-20,25.1543
2006-10-19,27.8265
2006-10-18,30.6778
2006-10-17,32.9942
2006-10-16,33.9076
2006-10-13,33.0098
2006-10-12,32.3509
2006-10-11,32.5629
2006-10-10,35.4424
2006-10-09,38.8748
2006-10-06,42.6886
2006-10-05,45.4441
2006-10-04,47.2330
2006-10-03,49.2207
2006-09-29,46.6465
2006-09-28,43.7005
2006-09-27,40.6720
2006-09-26,38.7938
2006-09-25,37.8305
2006-09-22,37.0941
2006-09-21,36.2760
2006-09-20,36.1759
2006-09-19,38.2203
2006-09-18,37.4699
2006-09-15,36.9322
2006-09-14,37.9565
2006-09-13,37.8561
2006-09-12,36.6167
2006-09-11,36.5990
2006-09-08,35.8067
2006-09-07,34.3169
2006-09-06,33.0779
2006-09-05,33.9759
2006-09-04,34.9737
2006-09-01,34.8387
2006-08-31,35.0490
2006-08-30,35.5169
2006-08-29,36.2607
2006-08-28,38.1448
2006-08-25,42.0380
2006-08-24,44.5406
2006-08-23,47.8951
2006-08-22,49.2230
2006-08-21,48.8665
2006-08-18,49.0160
2006-08-17,47.5036
2006-08-16,45.2945
2006-08-14,42.8401
2006-08-11,40.3345
2006-08-10,38.3795
2006-08-09,36.2706
2006-08-08,34.1579
2006-08-07,32.0315
2006-08-04,30.3347
2006-08-03,27.8185
2006-08-02,25.6480
2006-08-01,25.0917
2006-07-31,24.4735
2006-07-28,23.7867
2006-07-27,23.3428
2006-07-26,22.8496
2006-07-25,25.3605
2006-07-24,26.7627
2006-07-21,25.7696
2006-07-20,25.3522
2006-07-19,24.9579
2006-07-18,24.5198
2006-07-17,24.4774
2006-07-14,25.2583
2006-07-13,27.0304
2006-07-12,27.2048
2006-07-11,27.2475
2006-07-10,27.4177
2006-07-07,27.1037
2006-07-06,26.7549
2006-07-05,24.4694
2006-07-04,22.1376
2006-07-03,21.0833
2006-06-30,20.8709
2006-06-29,20.6349
2006-06-28,22.2840
2006-06-27,24.5595
2006-06-26,27.0878
2006-06-23,29.8970
2006-06-22,32.4750
2006-06-21,35.3395
2006-06-20,35.5594
2006-06-19,35.8037
2006-06-16,36.5032
2006-06-15,37.6264
2006-06-14,37.4238
2006-06-13,36.2256
2006-06-12,35.5942
2006-06-09,37.0872
2006-06-08,38.4135
2006-06-07,37.2135
2006-06-06,37.0032
2006-06-05,37.2527
2006-06-02,38.2402
2006-06-01,36.9727
2006-05-31,35.4533
2006-05-30,33.0849
2006-05-29,32.1805
2006-05-26,31.6072
2006-05-25,30.9701
2006-05-24,27.3309
2006-05-23,24.6939
2006-05-22,22.4625
2006-05-19,20.2475
2006-05-18,18.8955
2006-05-17,19.1668
2006-05-16,20.5536
2006-05-15,22.1990
2006-05-12,20.5847
2006-05-11,19.8661
2006-05-10,19.0676
2006-05-09,19.5473
2006-05-08,20.0803
2006-05-05,21.3847
2006-05-04,21.5622
2006-05-03,21.7595
2006-05-02,22.3280
2006-04-28,23.4383
2006-04-27,22.8590
2006-04-26,25.1883
2006-04-25,26.5858
2006-04-24,24.9613
2006-04-21,23.6151
2006-04-20,22.5861
2006-04-19,21.4428
2006-04-18,21.5677
2006-04-17,21.7065
2006-04-13,18.3280
2006-04-12,15.5916
2006-04-10,13.8103
2006-04-07,15.0210
2006-04-05,16.3663
2006-04-04,15.8499
2006-04-03,15.2461
2006-03-31,16.3422
2006-03-30,16.6240
2006-03-29,15.8258
2006-03-28,16.8131
2006-03-27,17.9102
2006-03-24,17.6769
2006-03-23,17.4555
2006-03-22,17.2097
2006-03-21,16.9364
2006-03-20,16.6329
2006-03-17,17.4272
2006-03-16,18.9848
2006-03-14,20.2736
2006-03-13,20.2340
2006-03-10,20.2974
2006-03-09,19.3828
2006-03-08,17.4613
2006-03-07,16.4325
2006-03-06,17.6001
2006-03-03,17.4779
2006-03-02,17.3420
2006-03-01,18.9052
2006-02-28,20.6420
2006-02-27,22.5719
2006-02-24,22.9547
2006-02-23,23.9117
2006-02-22,23.6210
2006-02-21,24.2689
2006-02-20,26.8093
2006-02-17,28.4957
2006-02-16,30.9058
2006-02-15,32.8634
2006-02-14,35.0386
2006-02-13,34.9745
2006-02-10,34.9033
2006-02-08,35.0015
2006-02-07,36.0311
2006-02-06,36.0344
2006-02-03,36.0381
2006-02-02,36.8236
2006-02-01,33.8037
2006-01-31,30.4483
2006-01-30,28.0144
2006-01-27,25.5101
2006-01-25,23.7813
2006-01-24,22.4504
2006-01-23,22.6577
2006-01-20,22.8880
2006-01-19,23.1439
2006-01-18,24.3570
2006-01-17,23.7304
2006-01-16,24.5116
2006-01-13,26.3125
2006-01-12,28.6313
2006-01-10,31.7925
2006-01-09,32.7300
2006-01-06,31.6010
2006-01-05,30.9479
2006-01-04,31.4705
2006-01-03,32.0513
2006-01-02,33.3984
2005-12-30,35.6921
2005-12-29,37.3379
2005-12-28,38.9273
2005-12-27,41.7872
2005-12-26,45.5812
2005-12-23,49.7967
2005-12-22,52.0021
2005-12-21,49.4387
2005-12-20,47.0815
2005-12-19,45.0675
2005-12-16,42.8297
2005-12-15,40.4822
2005-12-14,39.4337
2005-12-13,38.4667
2005-12-12,38.3608
2005-12-09,40.2671
2005-12-08,43.6299
2005-12-07,47.3665
2005-12-06,49.7003
2005-12-05,52.2935
2005-12-02,54.2801
2005-12-01,52.1613
2005-11-30,50.1490
2005-11-29,47.9131
2005-11-28,45.6353
2005-11-25,43.1787
2005-11-24,41.0089
2005-11-23,39.5283
2005-11-22,39.6347
2005-11-21,39.7529
2005-11-18,39.7532
2005-11-17,40.2338
2005-11-16,40.2683
2005-11-14,38.3866
2005-11-11,36.2957
2005-11-10,35.0568
2005-11-09,33.7801
2005-11-08,30.7578
2005-11-07,28.2789
2005-11-04,26.0666
2005-11-02,24.7018
2005-10-31,23.1852
2005-10-28,23.0078
2005-10-27,24.7166
2005-10-26,26.6153
2005-10-25,25.9855
2005-10-24,23.4487
2005-10-21,20.8188
2005-10-20,18.3002
2005-10-19,16.9720
2005-10-18,17.2389
2005-10-17,18.6562
2005-10-14,20.2309
2005-10-13,21.9573
2005-10-11,23.8754
2005-10-10,24.9916
2005-10-07,27.5160
2005-10-06,30.5402
2005-10-05,33.2969
2005-10-04,33.6017
2005-10-03,34.1810
2005-09-30,34.8247
2005-09-29,35.5399
2005-09-28,35.2906
2005-09-27,35.2166
2005-09-26,36.6114
2005-09-23,38.8874
2005-09-22,42.0555
2005-09-21,45.5117
2005-09-20,47.4096
2005-09-19,45.9129
2005-09-16,42.1892
2005-09-15,38.0517
2005-09-14,34.8748
2005-09-13,31.3449
2005-09-12,28.7359
2005-09-09,27.1491
2005-09-08,25.5028
2005-09-06,23.6735
2005-09-05,24.0108
2005-09-02,24.0057
2005-09-01,23.9411
2005-08-31,23.5650
2005-08-30,23.5768
2005-08-29,23.5901
2005-08-26,25.8311
2005-08-25,26.7969
2005-08-24,25.9394
2005-08-23,26.7360
2005-08-22,28.9135
2005-08-19,31.3331
2005-08-18,31.9137
2005-08-17,32.5589
2005-08-16,31.6627
2005-08-12,30.2946
2005-08-11,28.7744
2005-08-10,27.4680
2005-08-09,29.5818
2005-08-08,32.1429
2005-08-05,34.9885
2005-08-04,38.4945
2005-08-03,40.4480
2005-08-02,40.8646
2005-08-01,40.5483
2005-07-29,39.3811
2005-07-28,38.0842
2005-07-27,39.2673
2005-07-26,40.5819
2005-07-25,41.0848
2005-07-22,41.6437
2005-07-21,43.3160
2005-07-20,43.8035
2005-07-19,44.3452
2005-07-18,45.6899
2005-07-15,47.1622
2005-07-14,50.0503
2005-07-13,53.2592
2005-07-12,56.2351
2005-07-11,59.5416
2005-07-08,57.7433
2005-07-07,56.2695
2005-07-06,54.6321
2005-07-05,52.8127
2005-07-04,51.4150
2005-07-01,49.8621
2005-06-30,49.2954
2005-06-29,48.6657
2005-06-28,50.3519
2005-06-27,50.8330
2005-06-24,51.6934
2005-06-23,53.3346
2005-06-22,52.5309
2005-06-21,51.6380
2005-06-20,51.7736
2005-06-17,50.2153
2005-06-16,48.4838
2005-06-15,47.2292
2005-06-14,47.3699
2005-06-13,46.9217
2005-06-10,44.3058
2005-06-09,41.3993
2005-06-08,38.3314
2005-06-07,35.4546
2005-06-06,32.4197
2005-06-03,31.7535
2005-06-02,33.4810
2005-06-01,35.4005
2005-05-31,35.7224
2005-05-30,37.3861
2005-05-27,39.3840
2005-05-26,38.7201
2005-05-25,37.9824
2005-05-24,39.5935
2005-05-23,41.3837
2005-05-20,43.0859
2005-05-19,43.5756
2005-05-18,44.3381
2005-05-17,45.1854
2005-05-16,43.5965
2005-05-13,41.8312
2005-05-12,39.8697
2005-05-11,39.1341
2005-05-10,39.7738
2005-05-09,39.7648
2005-05-06,39.5694
2005-05-05,39.2322
2005-05-04,37.9756
2005-05-03,36.8495
2005-05-02,36.0938
2005-04-29,36.1948
2005-04-28,35.1275
2005-04-27,33.9417
2005-04-26,33.9739
2005-04-25,34.6385
2005-04-22,35.3770
2005-04-21,36.9569
2005-04-20,38.8671
2005-04-19,40.9894
2005-04-18,41.4343
2005-04-15,40.0397
2005-04-13,39.8587
2005-04-12,40.7081
2005-04-11,39.3409
2005-04-08,37.8218
2005-04-07,37.1311
2005-04-06,36.7137
2005-04-05,36.2499
2005-04-04,35.8026
2005-04-01,35.7459
2005-03-31,35.6828
2005-03-30,36.3432
2005-03-29,37.0770
2005-03-28,33.6336
2005-03-24,30.4165
2005-03-23,26.8419
2005-03-22,23.5068
2005-03-21,21.8420
2005-03-18,21.3434
2005-03-17,21.4652
2005-03-16,22.9858
2005-03-15,24.2068
2005-03-14,25.5636
2005-03-11,24.1492
2005-03-10,22.1551
2005-03-09,20.4849
2005-03-08,20.5547
2005-03-07,20.6321
2005-03-04,20.7182
2005-03-03,21.0076
2005-03-02,20.3780
2005-03-01,19.8678
2005-02-28,20.3407
2005-02-25,18.7542
2005-02-24,16.1744
2005-02-23,15.6717
2005-02-22,15.4941
2005-02-21,15.7015
2005-02-18,15.9319
2005-02-17,17.4041
2005-02-16,18.0947
2005-02-15,19.1371
2005-02-14,21.2557
2005-02-11,23.1812
2005-02-10,25.3205
2005-02-09,26.4382
2005-02-08,24.7147
2005-02-07,22.8072
2005-02-04,20.6878
2005-02-03,18.5189
2005-02-02,18.2307
2005-02-01,19.8972
2005-01-31,20.9567
2005-01-28,22.3503
2005-01-27,23.4742
2005-01-25,24.7230
2005-01-24,25.4575
2005-01-20,25.4660
2005-01-19,27.1382
2005-01-18,27.6851
2005-01-17,28.2927
2005-01-14,31.2188
2005-01-13,31.4827
2005-01-12,28.8537
2005-01-11,26.4485
2005-01-10,23.7761
2005-01-07,21.8165
2005-01-06,18.9559
2005-01-05,16.8419
2005-01-04,15.4178
2005-01-03,16.7769
2004-12-31,18.0359
2004-12-30,20.0295
2004-12-29,21.0547
2004-12-28,22.3524
2004-12-27,23.3924
2004-12-24,24.8598
2004-12-23,25.3724
2004-12-22,25.9420
2004-12-21,28.8094
2004-12-20,30.9807
2004-12-17,33.3933
2004-12-16,35.5803
2004-12-15,36.0105
2004-12-14,36.4885
2004-12-13,36.1900
2004-12-10,37.4049
2004-12-09,39.3309
2004-12-08,41.4710
2004-12-07,44.9188
2004-12-06,46.2882
2004-12-03,47.1456
2004-12-02,48.0983
2004-12-01,46.9327
2004-11-30,46.0068
2004-11-29,42.7338
2004-11-26,39.7873
2004-11-25,36.7333
2004-11-24,33.4196
2004-11-23,30.6186
2004-11-22,28.6858
2004-11-19,26.5383
2004-11-18,25.4731
2004-11-17,25.0042
2004-11-16,26.2122
2004-11-15,26.1904
2004-11-12,24.6040
2004-11-11,23.3280
2004-11-10,21.9104
2004-11-09,19.7327
2004-11-08,17.3793
2004-11-05,17.1478
2004-11-04,18.1565
2004-11-03,18.9635
2004-11-02,20.1768
2004-11-01,20.4739
2004-10-29,19.8007
2004-10-28,20.4676
2004-10-27,21.2990
2004-10-26,22.6346
2004-10-25,22.7755
2004-10-22,24.4599
2004-10-21,25.5952
2004-10-20,28.0765
2004-10-19,30.1837
2004-10-18,32.1923
2004-10-15,33.8385
2004-10-14,35.5564
2004-10-13,39.3885
2004-10-12,38.2905
2004-10-11,37.0704
2004-10-08,36.9239
2004-10-07,36.7727
2004-10-06,37.3699
2004-10-05,38.1269
2004-10-04,41.1185
2004-10-01,39.7518
2004-09-30,39.9554
2004-09-29,42.9142
2004-09-28,46.2018
2004-09-27,49.4132
2004-09-24,52.9814
2004-09-23,54.2696
2004-09-22,53.0865
2004-09-21,51.7719
2004-09-20,50.6380
2004-09-17,49.5050
2004-09-16,48.3072
2004-09-15,47.5429
2004-09-14,43.8881
2004-09-13,39.5405
2004-09-10,34.8200
2004-09-09,30.2871
2004-09-08,25.2506
2004-09-07,21.1409
2004-09-06,19.2374
2004-09-03,17.4437
2004-09-02,17.5134
2004-09-01,17.1673
2004-08-31,16.7828
2004-08-30,17.5873
2004-08-27,18.4812
2004-08-26,18.5912
2004-08-25,19.8871
2004-08-24,21.4038
2004-08-23,21.9311
2004-08-20,21.5978
2004-08-19,20.1106
2004-08-18,18.7701
2004-08-17,15.5777
2004-08-16,12.7530
2004-08-13,11.7266
2004-08-12,12.9679
2004-08-11,14.2859
2004-08-10,14.8275
2004-08-09,15.4293
2004-08-06,16.7250
2004-08-05,17.8960
2004-08-04,19.1350
2004-08-03,20.9203
2004-08-02,22.3723
2004-07-30,23.5710
2004-07-29,24.9259
2004-07-28,26.4314
2004-07-27,26.9593
2004-07-26,26.3779
2004-07-23,23.9621
2004-07-22,21.2780
2004-07-21,18.2956
2004-07-20,17.3001
2004-07-19,18.9804
2004-07-16,20.3867
2004-07-15,20.9787
2004-07-14,21.3910
2004-07-13,22.1319
2004-07-12,24.4188
2004-07-09,26.9683
2004-07-08,29.4999
2004-07-07,32.1856
2004-07-06,34.1914
2004-07-05,34.1743
2004-07-02,33.0934
2004-07-01,31.2537
2004-06-30,28.6960
2004-06-29,25.8541
2004-06-28,23.4562
2004-06-25,21.7820
2004-06-24,20.2331
2004-06-23,18.5121
2004-06-22,19.7278
2004-06-21,21.2152
2004-06-18,21.7322
2004-06-17,21.4062
2004-06-16,21.1758
2004-06-15,21.0421
2004-06-14,22.6935
2004-06-11,25.1729
2004-06-10,26.7010
2004-06-09,26.8937
2004-06-08,27.9905
2004-06-07,29.2134
2004-06-04,30.6100
2004-06-03,32.7552
2004-06-02,33.2101
2004-06-01,32.9142
2004-05-31,32.5853
2004-05-28,32.7652
2004-05-27,32.1165
2004-05-26,31.6511
2004-05-25,31.1340
2004-05-24,30.5594
2004-05-21,31.1049
2004-05-20,30.7567
2004-05-19,30.3697
2004-05-18,30.8359
2004-05-17,31.3539
2004-05-14,27.7924
2004-05-13,25.0027
2004-05-12,24.1654
2004-05-11,23.6261
2004-05-10,25.5427
2004-05-07,25.8709
2004-05-06,26.9131
2004-05-05,28.0711
2004-05-04,30.1633
2004-05-03,32.3338
2004-04-30,32.0955
2004-04-29,30.6020
2004-04-28,29.3421
2004-04-27,29.0724
2004-04-26,28.9717
2004-04-23,31.1101
2004-04-22,30.2317
2004-04-21,29.9085
2004-04-20,29.5494
2004-04-19,28.2716
2004-04-16,27.0682
2004-04-15,27.0830
2004-04-14,28.3188
2004-04-13,30.5678
2004-04-12,33.0668
2004-04-09,35.6730
2004-04-08,36.9694
2004-04-07,38.4099
2004-04-06,35.4291
2004-04-05,32.5262
2004-04-02,29.3008
2004-04-01,26.2882
2004-03-31,23.2811
2004-03-30,21.6028
2004-03-29,23.0544
2004-03-26,25.1857
2004-03-25,27.0833
2004-03-24,28.9961
2004-03-23,31.9735
2004-03-22,34.0173
2004-03-19,33.6574
2004-03-18,31.6279
2004-03-17,29.3730
2004-03-16,26.8675
2004-03-15,26.2545
2004-03-12,26.0838
2004-03-11,26.1471
2004-03-10,25.1524
2004-03-09,24.0472
2004-03-08,23.3818
2004-03-05,24.7698
2004-03-04,26.3119
2004-03-03,28.0254
2004-03-02,29.9293
2004-03-01,30.5288
2004-02-27,31.1950
2004-02-26,28.3608
2004-02-25,25.8317
2004-02-24,23.0217
2004-02-23,20.1744
2004-02-20,18.4105
2004-02-19,17.0651
2004-02-18,18.0857
2004-02-17,19.0923
2004-02-16,18.9139
2004-02-13,20.8190
2004-02-12,20.4267
2004-02-11,19.9909
2004-02-10,17.9946
2004-02-09,15.9647
2004-02-06,15.1012
2004-02-05,15.3073
2004-02-04,15.5363
2004-02-03,15.4981
2004-02-02,15.6506
2004-01-30,17.1994
2004-01-29,18.9203
2004-01-28,20.5893
2004-01-27,22.4438
2004-01-26,22.4262
2004-01-23,24.6677
2004-01-22,26.7405
2004-01-21,29.0436
2004-01-20,31.6853
2004-01-19,30.6584
2004-01-16,29.6719
2004-01-15,31.8980
2004-01-14,33.6538
2004-01-13,35.7299
2004-01-12,38.2649
2004-01-09,39.0132
2004-01-08,39.8448
2004-01-07,41.6625
2004-01-06,43.2328
2004-01-05,42.8925
2004-01-02,43.2604
2004-01-01,44.0327
2003-12-31,45.5713
2003-12-30,47.0117
2003-12-29,47.3423
2003-12-26,48.1701
2003-12-25,49.0899
2003-12-24,46.3000
2003-12-23,43.2002
2003-12-22,43.5126
2003-12-19,43.6231
2003-12-18,42.7805
2003-12-17,41.6105
2003-12-16,40.3105
2003-12-15,39.1692
2003-12-12,35.6729
2003-12-11,31.7881
2003-12-10,28.8862
2003-12-09,27.9440
2003-12-08,27.7330
2003-12-05,27.5933
2003-12-04,27.8262
2003-12-03,28.4686
2003-12-02,26.3448
2003-12-01,23.9850
2003-11-28,21.3071
2003-11-27,20.0655
2003-11-26,19.4210
2003-11-25,20.0158
2003-11-24,19.7724
2003-11-21,19.5020
2003-11-20,19.5552
2003-11-19,18.5753
2003-11-18,16.9219
2003-11-17,18.2684
2003-11-14,19.5875
2003-11-13,20.4137
2003-11-12,22.0093
2003-11-11,23.7822
2003-11-10,22.8134
2003-11-07,22.5227
2003-11-06,21.7475
2003-11-05,20.8862
2003-11-04,20.9932
2003-11-03,20.9307
2003-10-31,20.3457
2003-10-30,19.6957
2003-10-29,18.9735
2003-10-28,19.8809
2003-10-27,20.8892
2003-10-24,22.5085
2003-10-23,24.8715
2003-10-22,26.1368
2003-10-21,28.6787
2003-10-20,29.9006
2003-10-17,30.1106
2003-10-16,28.3280
2003-10-15,26.8799
2003-10-14,27.4369
2003-10-13,27.1290
2003-10-10,25.6628
2003-10-09,25.2215
2003-10-08,24.8165
2003-10-07,24.3664
2003-10-06,21.1017
2003-10-03,17.7368
2003-10-02,16.3337
2003-10-01,16.2037
2003-09-30,16.2650
2003-09-29,17.7232
2003-09-26,19.3434
2003-09-25,18.0988
2003-09-24,15.7381
2003-09-23,13.1150
2003-09-22,13.4850
2003-09-19,14.7994
2003-09-18,15.8811
2003-09-17,16.8993
2003-09-16,17.9943
2003-09-15,19.7521
2003-09-12,19.9159
2003-09-11,20.0978
2003-09-10,21.5161
2003-09-09,23.0919
2003-09-08,24.0068
2003-09-05,25.0232
2003-09-04,26.7983
2003-09-03,29.1423
2003-09-02,31.8418
2003-09-01,34.8413
2003-08-29,38.1135
2003-08-28,39.9648
2003-08-27,41.1705
2003-08-26,43.0354
2003-08-25,45.3944
2003-08-22,47.5715
2003-08-21,49.8424
2003-08-20,50.7493
2003-08-19,48.4050
2003-08-18,45.8002
2003-08-15,44.3221
2003-08-14,44.5167
2003-08-13,44.3584
2003-08-12,41.2447
2003-08-11,37.7850
2003-08-08,35.4922
2003-08-07,33.5724
2003-08-06,32.8211
2003-08-05,31.9863
2003-08-04,28.8819
2003-08-01,25.5909
2003-07-31,23.4939
2003-07-30,22.3419
2003-07-29,21.0620
2003-07-28,21.7511
2003-07-25,22.2205
2003-07-24,22.1580
2003-07-23,22.6256
2003-07-22,25.0129
2003-07-21,25.9643
2003-07-18,27.0215
2003-07-17,29.5483
2003-07-16,32.0913
2003-07-15,34.1700
2003-07-14,36.4798
2003-07-11,36.7933
2003-07-10,37.1418
2003-07-09,38.1460
2003-07-08,39.5827
2003-07-07,41.1791
2003-07-04,42.0097
2003-07-03,42.9326
2003-07-02,43.9581
2003-07-01,47.6583
2003-06-30,52.2264
2003-06-27,52.3771
2003-06-26,52.3292
2003-06-25,52.2759
2003-06-24,53.1040
2003-06-23,54.0242
2003-06-20,54.7722
2003-06-19,55.7441
2003-06-18,53.5855
2003-06-17,51.4474
2003-06-16,49.2115
2003-06-13,47.2880
2003-06-12,45.5109
2003-06-11,45.3122
2003-06-10,43.4717
2003-06-09,41.4266
2003-06-06,39.1543
2003-06-05,38.6828
2003-06-04,38.1589
2003-06-03,36.0629
2003-06-02,32.5384
2003-05-30,29.1695
2003-05-29,26.2185
2003-05-28,22.9397
2003-05-27,20.5644
2003-05-26,17.9252
2003-05-23,14.9928
2003-05-22,13.9475
2003-05-21,13.5934
2003-05-20,14.7844
2003-05-19,16.4262
2003-05-16,18.1633
2003-05-15,19.7206
2003-05-14,21.4510
2003-05-13,21.8163
2003-05-12,23.1267
2003-05-09,24.5920
2003-05-08,26.1156
2003-05-07,27.8084
2003-05-06,29.6894
2003-05-05,30.4490
2003-05-02,30.3918
2003-05-01,30.3282
2003-04-30,33.6640
2003-04-29,37.3704
2003-04-28,39.0392
2003-04-25,36.9565
2003-04-24,32.9884
2003-04-23,29.9819
2003-04-22,27.8525
2003-04-21,24.0966
2003-04-18,20.6132
2003-04-17,17.4711
2003-04-16,13.9797
2003-04-15,13.3887
2003-04-14,13.1066
2003-04-11,14.1502
2003-04-10,15.2971
2003-04-09,16.9671
2003-04-08,18.4580
2003-04-07,20.0385
2003-04-04,21.1596
2003-04-03,22.4051
2003-04-02,24.5694
2003-04-01,26.9741
2003-03-31,29.6460
2003-03-28,27.3028
2003-03-27,24.9240
2003-03-26,23.9981
2003-03-25,22.9908
2003-03-24,23.5295
2003-03-21,24.5367
2003-03-20,25.6557
2003-03-19,27.3711
2003-03-18,29.2770
2003-03-17,25.2755
2003-03-14,20.8294
2003-03-13,17.7926
2003-03-12,15.6731
2003-03-11,14.1916
2003-03-10,15.3387
2003-03-07,16.6133
2003-03-06,16.0973
2003-03-05,16.5556
2003-03-04,17.0648
2003-03-03,17.4017
2003-02-28,17.5711
2003-02-27,16.2663
2003-02-26,16.3910
2003-02-25,16.0195
2003-02-24,16.6590
2003-02-21,17.3695
2003-02-20,18.3334
2003-02-19,19.0789
2003-02-18,19.9071
2003-02-17,20.8274
2003-02-14,21.3248
2003-02-13,21.8774
2003-02-12,24.0730
2003-02-11,24.3820
2003-02-10,22.1069
2003-02-07,19.5791
2003-02-06,21.3952
2003-02-05,23.0806
2003-02-04,24.9532
2003-02-03,25.5677
2003-01-31,27.4066
2003-01-30,28.2408
2003-01-29,29.6970
2003-01-28,30.1165
2003-01-27,30.5826
2003-01-24,31.2923
2003-01-23,33.4495
2003-01-22,32.0490
2003-01-21,30.4929
2003-01-20,28.7639
2003-01-17,28.0900
2003-01-16,26.7522
2003-01-15,24.0798
2003-01-14,21.2944
2003-01-13,18.7863
2003-01-10,16.4213
2003-01-09,13.7935
2003-01-08,14.0345
2003-01-07,14.6727
2003-01-06,15.7401
2003-01-03,16.9050
2003-01-02,17.2191
2003-01-01,18.8765
2002-12-31,20.9542
2002-12-30,22.9538
2002-12-27,24.7042
2002-12-26,26.6491
2002-12-25,29.0148
2002-12-24,31.3602
2002-12-23,33.9662
2002-12-20,35.4274
2002-12-19,36.7236
2002-12-18,38.1638
2002-12-17,38.9997
2002-12-16,39.9283
2002-12-13,37.0671
2002-12-12,33.8881
2002-12-11,35.6546
2002-12-10,39.5986
2002-12-09,42.2191
2002-12-06,45.8027
2002-12-05,49.7845
2002-12-04,53.0242
2002-12-03,56.6240
2002-12-02,62.8879
2002-11-29,67.2059
2002-11-28,67.2023
2002-11-27,67.1983
2002-11-26,66.3944
2002-11-25,65.5012
2002-11-22,64.6741
2002-11-21,62.6925
2002-11-20,60.4907
2002-11-19,58.9757
2002-11-18,57.9924
2002-11-15,55.7710
2002-11-14,53.3028
2002-11-13,51.4573
2002-11-12,49.9409
2002-11-11,48.3635
2002-11-08,47.1210
2002-11-07,46.1842
2002-11-06,45.1433
2002-11-05,45.7855
2002-11-04,45.3479
2002-11-01,43.9834
2002-10-31,42.8172
2002-10-30,41.8972
2002-10-29,40.5276
2002-10-28,38.9033
2002-10-25,37.4838
2002-10-24,35.6083
2002-10-23,34.1709
2002-10-22,32.5471
2002-10-21,31.1900
2002-10-18,30.8371
2002-10-17,29.3445
2002-10-16,27.6860
2002-10-15,23.9580
2002-10-14,20.6416
2002-10-11,16.9566
2002-10-10,12.8622
2002-10-09,13.8725
2002-10-08,14.9951
2002-10-07,16.2052
2002-10-04,17.3509
2002-10-03,18.7231
2002-10-02,20.1474
2002-10-01,20.5095
2002-09-30,20.9118
2002-09-27,22.1341
2002-09-26,23.4923
2002-09-25,25.5604
2002-09-24,27.7614
2002-09-23,30.3595
2002-09-20,33.2464
2002-09-19,33.2247
2002-09-18,33.3118
2002-09-17,33.4087
2002-09-16,32.7618
2002-09-13,32.1217
2002-09-12,31.7893
2002-09-11,31.7196
2002-09-10,31.6284
2002-09-09,28.7912
2002-09-06,25.6811
2002-09-05,22.4297
2002-09-04,18.8172
2002-09-03,19.9221
2002-09-02,21.9529
2002-08-30,24.2093
2002-08-29,25.1680
2002-08-28,23.5661
2002-08-27,21.7863
2002-08-26,18.6648
2002-08-23,15.1965
2002-08-22,14.6155
2002-08-21,15.3274
2002-08-20,16.9699
2002-08-19,17.8847
2002-08-16,17.2306
2002-08-15,16.0231
2002-08-14,15.8014
2002-08-13,17.1088
2002-08-12,17.8123
2002-08-09,16.7762
2002-08-08,15.6250
2002-08-07,17.1197
2002-08-06,18.5483
2002-08-05,20.1356
2002-08-02,20.9617
2002-08-01,19.8762
2002-07-31,18.0578
2002-07-30,17.2748
2002-07-29,19.0759
2002-07-26,19.9025
2002-07-25,20.8209
2002-07-24,22.8361
2002-07-23,21.9800
2002-07-22,21.6135
2002-07-19,21.5259
2002-07-18,21.9767
2002-07-17,21.9600
2002-07-16,21.9416
2002-07-15,23.1962
2002-07-12,24.5903
2002-07-11,24.2320
2002-07-10,24.4705
2002-07-09,25.4409
2002-07-08,27.2602
2002-07-05,30.0566
2002-07-04,33.1636
2002-07-03,33.1105
2002-07-02,32.6038
2002-07-01,34.7826
2002-06-28,36.7604
2002-06-27,37.9920
2002-06-26,39.1303
2002-06-25,39.7507
2002-06-24,37.7795
2002-06-21,35.5893
2002-06-20,33.1446
2002-06-19,31.3093
2002-06-18,29.2702
2002-06-17,28.9946
2002-06-14,28.6884
2002-06-13,28.3481
2002-06-12,29.5002
2002-06-11,30.7802
2002-06-10,32.4142
2002-06-07,35.5414
2002-06-06,39.0160
2002-06-05,41.6354
2002-06-04,40.0734
2002-06-03,38.8749
2002-05-31,38.5251
2002-05-30,38.1363
2002-05-29,35.3578
2002-05-28,32.6485
2002-05-27,29.7667
2002-05-24,27.3962
2002-05-23,25.3411
2002-05-22,23.0577
2002-05-21,20.5205
2002-05-20,18.2916
2002-05-17,16.7929
2002-05-16,15.1277
2002-05-15,14.9814
2002-05-14,14.5782
2002-05-13,15.9685
2002-05-10,16.5036
2002-05-09,17.0981
2002-05-08,18.6650
2002-05-07,20.4061
2002-05-06,22.3406
2002-05-03,23.2944
2002-05-02,24.4985
2002-05-01,25.8364
2002-04-30,27.9290
2002-04-29,30.5655
2002-04-26,33.3729
2002-04-25,35.8636
2002-04-24,35.6742
2002-04-23,34.1175
2002-04-22,30.4223
2002-04-19,26.3166
2002-04-18,23.6810
2002-04-17,21.8489
2002-04-16,22.6917
2002-04-15,23.3303
2002-04-12,24.0398
2002-04-11,23.6425
2002-04-10,21.2435
2002-04-09,18.5780
2002-04-08,18.0284
2002-04-05,18.1135
2002-04-04,18.2080
2002-04-03,19.1199
2002-04-02,20.7643
2002-04-01,22.5913
2002-03-29,24.8115
2002-03-28,24.0391
2002-03-27,23.1808
2002-03-26,25.4093
2002-03-25,26.6210
2002-03-22,25.9097
2002-03-21,26.4145
2002-03-20,24.4167
2002-03-19,22.1970
2002-03-18,20.6604
2002-03-15,18.9530
2002-03-14,20.1711
2002-03-13,21.7525
2002-03-12,23.1800
2002-03-11,24.7660
2002-03-08,27.0095
2002-03-07,29.7918
2002-03-06,32.8833
2002-03-05,36.5237
2002-03-04,40.5687
2002-03-01,42.8155
2002-02-28,45.3267
2002-02-27,45.2081
2002-02-26,45.1753
2002-02-25,42.9437
2002-02-22,41.2437
2002-02-21,39.7727
2002-02-20,38.1382
2002-02-19,37.1860
2002-02-18,34.1464
2002-02-15,30.8631
2002-02-14,27.2149
2002-02-13,23.1613
2002-02-12,22.1394
2002-02-11,22.5960
2002-02-08,24.6889
2002-02-07,27.0264
2002-02-06,28.6130
2002-02-05,30.3758
2002-02-04,33.0722
2002-02-01,35.5033
2002-01-31,38.2045
2002-01-30,39.7873
2002-01-29,41.5460
2002-01-28,43.5811
2002-01-25,45.8423
2002-01-24,49.3854
2002-01-23,51.1246
2002-01-22,51.5534
2002-01-21,52.5656
2002-01-18,52.1525
2002-01-17,51.6934
2002-01-16,51.9945
2002-01-15,52.7348
2002-01-14,53.6568
2002-01-11,55.4139
2002-01-10,56.4130
2002-01-09,58.3609
2002-01-08,60.5253
2002-01-07,57.8150
2002-01-04,54.8865
2002-01-03,52.2778
2002-01-02,49.7027
2002-01-01,46.8619
2001-12-31,44.6380
2001-12-28,42.1669
2001-12-27,38.3046
2001-12-26,35.5007
2001-12-25,32.7118
2001-12-24,30.0743
2001-12-21,27.1437
2001-12-20,23.8876
2001-12-19,20.2696
2001-12-18,17.2790
2001-12-17,16.3203
2001-12-14,15.3108
2001-12-13,13.3481
2001-12-12,11.1673
2001-12-11,11.0699
2001-12-10,10.3524
2001-12-07,9.5551
2001-12-06,10.4056
2001-12-05,11.2953
2001-12-04,11.0254
2001-12-03,11.8794
2001-11-30,12.5954
2001-11-29,11.6406
2001-11-28,11.7138
2001-11-27,12.5953
2001-11-26,12.2553
2001-11-23,11.8776
2001-11-22,11.8023
2001-11-21,11.7186
2001-11-20,11.9237
2001-11-19,13.2436
2001-11-16,12.8900
2001-11-15,13.9290
2001-11-14,13.9355
2001-11-13,13.5653
2001-11-12,13.1539
2001-11-09,14.3667
2001-11-08,15.7143
2001-11-07,16.4772
2001-11-06,16.5008
2001-11-05,17.7176
2001-11-02,19.0697
2001-11-01,17.7009
2001-10-31,16.4992
2001-10-30,15.6395
2001-10-29,14.6844
2001-10-26,13.6231
2001-10-25,13.9530
2001-10-24,14.7482
2001-10-23,15.6316
2001-10-22,15.8589
2001-10-19,14.9392
2001-10-18,13.9173
2001-10-17,13.3826
2001-10-16,13.2221
2001-10-15,14.5305
2001-10-12,15.4013
2001-10-11,16.6083
2001-10-10,17.9965
2001-10-09,19.5388
2001-10-08,20.5506
2001-10-05,22.7504
2001-10-04,21.8214
2001-10-03,21.0624
2001-10-02,23.3331
2001-10-01,25.4727
2001-09-28,27.8501
2001-09-27,28.2667
2001-09-26,28.7296
2001-09-25,29.5434
2001-09-24,30.9285
2001-09-21,29.5713
2001-09-20,29.6060
2001-09-19,29.6447
2001-09-18,30.1145
2001-09-17,28.7025
2001-09-14,25.7507
2001-09-13,23.2312
2001-09-12,24.7842
2001-09-11,26.5098
2001-09-10,24.3829
2001-09-07,22.6226
2001-09-06,21.4518
2001-09-05,20.6764
2001-09-04,21.2788
2001-09-03,21.9482
2001-08-31,22.6920
2001-08-30,21.8049
2001-08-29,21.5023
2001-08-28,23.0855
2001-08-27,24.8446
2001-08-24,26.7991
2001-08-23,24.2448
2001-08-22,21.4067
2001-08-21,19.1607
2001-08-20,16.6652
2001-08-17,14.9262
2001-08-16,13.7996
2001-08-15,14.4212
2001-08-14,15.7972
2001-08-13,16.9766
2001-08-10,17.7642
2001-08-09,17.7341
2001-08-08,19.4516
2001-08-07,21.4627
2001-08-06,23.1308
2001-08-03,25.6851
2001-08-02,28.5233
2001-08-01,31.6768
2001-07-31,35.1807
2001-07-30,37.6901
2001-07-27,39.4148
2001-07-26,42.8936
2001-07-25,46.2750
2001-07-24,49.0556
2001-07-23,51.5515
2001-07-20,52.1605
2001-07-19,53.6219
2001-07-18,55.9804
2001-07-17,59.1638
2001-07-16,63.0412
2001-07-13,67.3495
2001-07-12,64.1932
2001-07-11,61.0631
2001-07-10,57.5954
2001-07-09,53.7528
2001-07-06,49.3668
2001-07-05,44.5766
2001-07-04,39.2871
2001-07-03,33.4098
2001-07-02,28.3948
2001-06-29,23.7655
2001-06-28,22.4923
2001-06-27,21.0775
2001-06-26,20.6217
2001-06-25,20.1153
2001-06-22,21.6153
2001-06-21,23.4561
2001-06-20,25.2664
2001-06-19,27.2778
2001-06-18,30.2262
2001-06-15,31.6842
2001-06-14,32.4865
2001-06-13,32.5882
2001-06-12,33.2840
2001-06-11,34.0572
2001-06-08,32.5906
2001-06-07,32.2115
2001-06-06,31.7903
2001-06-05,32.6549
2001-06-04,29.8500
2001-06-01,26.8067
2001-05-31,23.4252
2001-05-30,21.4399
2001-05-29,20.1227
2001-05-28,19.1183
2001-05-25,20.2541
2001-05-24,21.3960
2001-05-23,22.6648
2001-05-22,24.5162
2001-05-21,26.7022
2001-05-18,28.4845
2001-05-17,29.8829
2001-05-16,30.7057
2001-05-15,29.1978
2001-05-14,27.6647
2001-05-11,26.2198
2001-05-10,24.6659
2001-05-09,23.1206
2001-05-08,21.4036
2001-05-07,20.9605
2001-05-04,21.7531
2001-05-03,21.9767
2001-05-02,24.3399
2001-05-01,26.7740
2001-04-30,26.3298
2001-04-27,25.8362
2001-04-26,25.7895
2001-04-25,28.2122
2001-04-24,30.9041
2001-04-23,30.9761
2001-04-20,29.8209
2001-04-19,28.5374
2001-04-18,28.0122
2001-04-17,29.2887
2001-04-16,30.7070
2001-04-13,32.2830
2001-04-12,34.4218
2001-04-11,32.9000
2001-04-10,31.2090
2001-04-09,29.3302
2001-04-06,27.5488
2001-04-05,25.8334
2001-04-04,25.3125
2001-04-03,23.2002
2001-04-02,20.8532
2001-03-30,18.9577
2001-03-29,18.1692
2001-03-28,17.2931
2001-03-27,15.9517
2001-03-26,17.5543
2001-03-23,19.3050
2001-03-22,20.7809
2001-03-21,20.7400
2001-03-20,21.5602
2001-03-19,23.6112
2001-03-16,25.8902
2001-03-15,27.7068
2001-03-14,29.7252
2001-03-13,30.7038
2001-03-12,29.6521
2001-03-09,28.4834
2001-03-08,28.9251
2001-03-07,30.4885
2001-03-06,32.2256
2001-03-05,35.3387
2001-03-02,38.7977
2001-03-01,39.7707
2001-02-28,39.9910
2001-02-27,38.5096
2001-02-26,38.2083
2001-02-23,38.3855
2001-02-22,38.9839
2001-02-21,39.6488
2001-02-20,41.0728
2001-02-19,41.1709
2001-02-16,41.2800
2001-02-15,42.3281
2001-02-14,43.4927
2001-02-13,46.5254
2001-02-12,49.8950
2001-02-09,49.8478
2001-02-08,49.7953
2001-02-07,50.0817
2001-02-06,50.3999
2001-02-05,51.6292
2001-02-02,53.4418
2001-02-01,55.3776
2001-01-31,56.6563
2001-01-30,57.0442
2001-01-29,57.4751
2001-01-26,57.5454
2001-01-25,56.5110
2001-01-24,55.3616
2001-01-23,54.0846
2001-01-22,52.7091
2001-01-19,51.2676
2001-01-18,49.2725
2001-01-17,47.0558
2001-01-16,43.8904
2001-01-15,40.0287
2001-01-12,35.1892
2001-01-11,29.3502
2001-01-10,30.5677
2001-01-09,31.8124
2001-01-08,33.1955
2001-01-05,36.2739
2001-01-04,39.6943
2001-01-03,43.7629
2001-01-02,45.9009
2001-01-01,48.1683
2000-12-29,50.2198
2000-12-28,52.2240
2000-12-27,53.9863
2000-12-26,56.2127
2000-12-25,57.2649
2000-12-22,58.5251
2000-12-21,59.8937
2000-12-20,60.4869
2000-12-19,59.8161
2000-12-18,59.1375
2000-12-15,58.6690
2000-12-14,58.1087
2000-12-13,56.1595
2000-12-12,53.9937
2000-12-11,51.6210
2000-12-08,49.0630
2000-12-07,47.1181
2000-12-06,45.2447
2000-12-05,43.9060
2000-12-04,42.9205
2000-12-01,42.0487
2000-11-30,40.5279
2000-11-29,38.1997
2000-11-28,36.2685
2000-11-27,33.4580
2000-11-24,30.3353
2000-11-23,28.1827
2000-11-22,28.8536
2000-11-21,31.9182
2000-11-20,35.3232
2000-11-17,38.7495
2000-11-16,38.6093
2000-11-15,36.7385
2000-11-14,33.9309
2000-11-13,30.4450
2000-11-10,26.8609
2000-11-09,23.8232
2000-11-08,21.9151
2000-11-07,19.7949
2000-11-06,18.6749
2000-11-03,17.4305
2000-11-02,15.6305
2000-11-01,13.6306
2000-10-31,12.9376
2000-10-30,14.0040
2000-10-27,15.1890
2000-10-26,15.1394
2000-10-25,15.7433
2000-10-24,16.6041
2000-10-23,17.5605
2000-10-20,19.4038
2000-10-19,20.4868
2000-10-18,21.6902
2000-10-17,22.1026
2000-10-16,21.7544
2000-10-13,21.3674
2000-10-12,23.3389
2000-10-11,25.1867
2000-10-10,27.5325
2000-10-09,30.1956
2000-10-06,33.1120
2000-10-05,34.8242
2000-10-04,36.9726
2000-10-03,39.5982
2000-10-02,41.6032
2000-09-29,42.2581
2000-09-28,42.8511
2000-09-27,43.5099
2000-09-26,39.1394
2000-09-25,34.2355
2000-09-22,30.1293
2000-09-21,25.5669
2000-09-20,23.1162
2000-09-19,20.3932
2000-09-18,19.6357
2000-09-15,18.7940
2000-09-14,17.8588
2000-09-13,16.8938
2000-09-12,15.8216
2000-09-11,16.3555
2000-09-08,18.1329
2000-09-07,18.1720
2000-09-06,17.4964
2000-09-05,16.8868
2000-09-04,16.2094
2000-09-01,16.6478
2000-08-31,15.4329
2000-08-30,14.5437
2000-08-29,14.1737
2000-08-28,15.2146
2000-08-25,15.8884
2000-08-24,16.4990
2000-08-23,16.3199
2000-08-22,14.9958
2000-08-21,13.5246
2000-08-18,11.8899
2000-08-17,11.7683
2000-08-16,13.0328
2000-08-15,14.4377
2000-08-14,12.3637
2000-08-11,10.0593
2000-08-10,10.7117
2000-08-09,10.7554
2000-08-08,10.8039
2000-08-07,11.1557
2000-08-04,12.1035
2000-08-03,12.5711
2000-08-02,12.4789
2000-08-01,12.3765
2000-07-31,12.8959
2000-07-28,13.6071
2000-07-27,14.9102
2000-07-26,16.1040
2000-07-25,17.4304
2000-07-24,18.2005
2000-07-21,20.0718
2000-07-20,20.9687
2000-07-19,21.9652
2000-07-18,20.6772
2000-07-17,20.7329
2000-07-14,20.4755
2000-07-13,20.1895
2000-07-12,21.1890
2000-07-11,22.2995
2000-07-10,23.2567
2000-07-07,25.1030
2000-07-06,27.0934
2000-07-05,29.7416
2000-07-04,29.9084
2000-07-03,30.0938
2000-06-30,30.1990
2000-06-29,28.3089
2000-06-28,26.1690
2000-06-27,23.7913
2000-06-26,20.7364
2000-06-23,18.8519
2000-06-22,17.0951
2000-06-21,15.6399
2000-06-20,14.4086
2000-06-19,14.0430
2000-06-16,14.3796
2000-06-15,14.7925
2000-06-14,15.6304
2000-06-13,16.7415
2000-06-12,18.3315
2000-06-09,20.0982
2000-06-08,20.8307
2000-06-07,21.0237
2000-06-06,21.1513
2000-06-05,19.9991
2000-06-02,18.7189
2000-06-01,18.6618
2000-05-31,20.0632
2000-05-30,21.6203
2000-05-29,18.1959
2000-05-26,16.0315
2000-05-25,17.0436
2000-05-24,18.8780
2000-05-23,18.0196
2000-05-22,17.5407
2000-05-19,17.0087
2000-05-18,16.5801
2000-05-17,15.8290
2000-05-16,15.2020
2000-05-15,14.5053
2000-05-12,13.9817
2000-05-11,13.3208
2000-05-10,14.2274
2000-05-09,14.6878
2000-05-08,12.6782
2000-05-05,11.1943
2000-05-04,11.1228
2000-05-03,11.0435
2000-05-02,11.0333
2000-05-01,11.3891
2000-04-28,11.8908
2000-04-27,12.5851
2000-04-26,13.4949
2000-04-25,14.9625
2000-04-24,15.8879
2000-04-21,17.1015
2000-04-20,15.4295
2000-04-19,13.5716
2000-04-18,13.1212
2000-04-17,13.4545
2000-04-14,14.5042
2000-04-13,15.7306
2000-04-12,17.1902
2000-04-11,18.2749
2000-04-10,18.2211
2000-04-07,17.7116
2000-04-06,17.4035
2000-04-05,18.5695
2000-04-04,19.5734
2000-04-03,18.1350
2000-03-31,16.5368
2000-03-30,14.5675
2000-03-29,14.1024
2000-03-28,15.5585
2000-03-27,14.7965
2000-03-24,13.5096
2000-03-23,14.1422
2000-03-22,14.4648
2000-03-21,15.3560
2000-03-20,16.3152
2000-03-17,15.8969
2000-03-16,15.4636
2000-03-15,16.1735
2000-03-14,16.9624
2000-03-13,17.9439
2000-03-10,19.2382
2000-03-09,21.1232
2000-03-08,23.2177
2000-03-07,25.5976
2000-03-06,27.4156
2000-03-03,27.5526
2000-03-02,27.7047
2000-03-01,23.9255
2000-02-29,21.3345
2000-02-28,18.4556
2000-02-25,16.7552
2000-02-24,16.8568
2000-02-23,17.9939
2000-02-22,18.8056
2000-02-21,18.8207
2000-02-18,20.1633
2000-02-17,21.6550
2000-02-16,22.8058
2000-02-15,23.9393
2000-02-14,25.1987
2000-02-11,24.5165
2000-02-10,25.9242
2000-02-09,27.5818
2000-02-08,30.2788
2000-02-07,28.0854
2000-02-04,25.6482
2000-02-03,23.1246
2000-02-02,21.2810
2000-02-01,18.3031
2000-01-31,15.0421
2000-01-28,11.6403
