time,VWAP
2020-04-15 05:55,904.9322
2020-04-15 05:50,905.6259
2020-04-15 05:45,906.8770
2020-04-15 05:40,907.2099
2020-04-15 05:35,907.7830
2020-04-15 05:30,908.4113
2020-04-15 05:25,908.9745
2020-04-15 05:20,909.2116
2020-04-15 05:15,909.5315
2020-04-15 05:10,909.6503
2020-04-15 05:05,909.7839
2020-04-15 05:00,909.9726
2020-04-15 04:55,910.1508
2020-04-15 04:50,910.2836
2020-04-15 04:45,910.4744
2020-04-15 04:40,910.6968
2020-04-15 04:35,910.9365
2020-04-15 04:30,911.0101
2020-04-15 04:25,911.0397
2020-04-15 04:20,911.0537
2020-04-15 04:15,911.0665
2020-04-15 04:10,911.1628
2020-04-15 04:05,911.1449
2020-04-15 04:00,911.1259
2020-04-15 03:55,911.1000
2020-04-15 03:50,911.0450
2020-04-15 03:45,910.9641
2020-04-15 03:40,910.9110
2020-04-15 03:35,910.7508
2020-04-15 03:30,910.7167
2020-04-15 03:25,910.6290
2020-04-15 03:20,910.4316
2020-04-15 03:15,910.1772
2020-04-15 03:10,909.8382
2020-04-15 03:05,909.0888
2020-04-15 03:00,908.7101
2020-04-15 02:55,908.6565
2020-04-15 02:50,908.4111
2020-04-15 02:45,907.7000
2020-04-15 02:40,907.1287
2020-04-15 02:35,906.4782
2020-04-15 02:30,906.4286
2020-04-15 02:25,906.2546
2020-04-15 02:20,906.1283
2020-04-15 02:15,905.9207
2020-04-15 02:10,905.8859
2020-04-15 02:05,905.8563
2020-04-15 02:00,905.7747
2020-04-15 01:55,905.7212
2020-04-15 01:50,905.3875
2020-04-15 01:45,904.0347
2020-04-15 01:40,903.9276
2020-04-15 01:35,903.9274
2020-04-15 01:30,903.8949
2020-04-15 01:25,903.8649
2020-04-15 01:20,903.7721
2020-04-15 01:15,903.6568
2020-04-15 01:10,903.1195
2020-04-15 01:05,903.0501
2020-04-15 01:00,901.9534
2020-04-15 00:55,901.7684
2020-04-15 00:50,901.4441
2020-04-15 00:45,901.0376
2020-04-15 00:40,900.3962
2020-04-15 00:35,899.4424
2020-04-15 00:30,899.0945
2020-04-15 00:25,899.1150
2020-04-15 00:20,899.2356
2020-04-15 00:15,899.3013
2020-04-15 00:10,899.3974
2020-04-15 00:05,900.2745
2020-04-15 00:00,901.1933
2020-04-14 23:55,893.4687
2020-04-14 23:50,883.9271
2020-04-14 23:45,880.9333
2020-04-13 05:55,848.8676
2020-04-13 05:50,848.6783
2020-04-13 05:45,848.2037
2020-04-13 05:40,847.9922
2020-04-13 05:35,847.2409
2020-04-13 05:30,846.5696
2020-04-13 05:25,846.3892
2020-04-13 05:20,845.6925
2020-04-13 05:15,845.2663
2020-04-13 05:10,844.6937
2020-04-13 05:05,844.4749
2020-04-13 05:00,844.3186
2020-04-13 04:55,844.0093
2020-04-13 04:50,843.8876
2020-04-13 04:45,843.8266
2020-04-13 04:40,843.7494
2020-04-13 04:35,843.7348
2020-04-13 04:30,843.6399
2020-04-13 04:25,843.5911
2020-04-13 04:20,843.5754
2020-04-13 04:15,843.5569
2020-04-13 04:10,843.5365
2020-04-13 04:05,843.4812
2020-04-13 04:00,843.4596
2020-04-13 03:55,843.4438
2020-04-13 03:50,843.4010
2020-04-13 03:45,843.3726
2020-04-13 03:40,843.3476
2020-04-13 03:35,843.3060
2020-04-13 03:30,843.2602
2020-04-13 03:25,843.1976
2020-04-13 03:20,843.1533
2020-04-13 03:15,843.1354
2020-04-13 03:10,843.0350
2020-04-13 03:05,842.9998
2020-04-13 03:00,842.9656
2020-04-13 02:55,842.9170
2020-04-13 02:50,842.8782
2020-04-13 02:45,842.8077
2020-04-13 02:40,842.6744
2020-04-13 02:35,842.6286
2020-04-13 02:30,842.3772
2020-04-13 02:25,842.2716
2020-04-13 02:20,842.1102
2020-04-13 02:15,841.8602
2020-04-13 02:10,841.5129
2020-04-13 02:05,841.2707
2020-04-13 02:00,840.9456
2020-04-13 01:55,840.3679
2020-04-13 01:50,839.0181
2020-04-13 01:45,835.6817
2020-04-13 01:40,834.2406
2020-04-13 01:35,832.8162
2020-04-13 01:30,832.3575
2020-04-13 01:25,831.9722
2020-04-13 01:20,830.3142
2020-04-13 01:15,827.2883
2020-04-13 01:10,826.9118
2020-04-13 01:05,824.8443
2020-04-13 01:00,822.6250
2020-04-13 00:55,821.7566
2020-04-13 00:50,821.7314
2020-04-13 00:45,821.7395
2020-04-13 00:40,821.7182
2020-04-13 00:35,821.6875
2020-04-13 00:30,821.5412
2020-04-13 00:25,821.4669
2020-04-13 00:20,821.1054
2020-04-13 00:15,820.9353
2020-04-13 00:10,820.7714
2020-04-13 00:05,817.7582
2020-04-13 00:00,814.6633
2020-04-12 23:55,817.0189
2020-04-12 23:50,817.1260
2020-04-12 23:45,816.3500
2020-04-09 05:55,817.0717
2020-04-09 05:50,817.1895
2020-04-09 05:45,817.2801
2020-04-09 05:40,817.3578
2020-04-09 05:35,817.4215
2020-04-09 05:30,817.4432
2020-04-09 05:25,817.4676
2020-04-09 05:20,817.4937
2020-04-09 05:15,817.5162
2020-04-09 05:10,817.6086
2020-04-09 05:05,817.6474
2020-04-09 05:00,817.6945
2020-04-09 04:55,817.7534
2020-04-09 04:50,817.8889
2020-04-09 04:45,817.9386
2020-04-09 04:40,818.0073
2020-04-09 04:35,818.0984
2020-04-09 04:30,818.1188
2020-04-09 04:25,818.1525
2020-04-09 04:20,818.2146
2020-04-09 04:15,818.3395
2020-04-09 04:10,818.5060
2020-04-09 04:05,818.6429
2020-04-09 04:00,818.7698
2020-04-09 03:55,818.8823
2020-04-09 03:50,818.9198
2020-04-09 03:45,818.9317
2020-04-09 03:40,818.9535
2020-04-09 03:35,818.8876
2020-04-09 03:30,818.7832
2020-04-09 03:25,818.7944
2020-04-09 03:20,818.8188
2020-04-09 03:15,818.8560
2020-04-09 03:10,818.8815
2020-04-09 03:05,818.9719
2020-04-09 03:00,818.9502
2020-04-09 02:55,818.8200
2020-04-09 02:50,818.8326
2020-04-09 02:45,818.9026
2020-04-09 02:40,818.9512
2020-04-09 02:35,818.9700
2020-04-09 02:30,819.0630
2020-04-09 02:25,819.2138
2020-04-09 02:20,819.2771
2020-04-09 02:15,819.4143
2020-04-09 02:10,819.4764
2020-04-09 02:05,819.6121
2020-04-09 02:00,819.7009
2020-04-09 01:55,819.9775
2020-04-09 01:50,820.1342
2020-04-09 01:45,820.5302
2020-04-09 01:40,820.6367
2020-04-09 01:35,820.8600
2020-04-09 01:30,821.2494
2020-04-09 01:25,821.4773
2020-04-09 01:20,821.6442
2020-04-09 01:15,821.8483
2020-04-09 01:10,822.1863
2020-04-09 01:05,822.2224
2020-04-09 01:00,822.2867
2020-04-09 00:55,822.3365
2020-04-09 00:50,822.4295
2020-04-09 00:45,822.5435
2020-04-09 00:40,822.7628
2020-04-09 00:35,822.9487
2020-04-09 00:30,823.5550
2020-04-09 00:25,823.7382
2020-04-09 00:20,823.9443
2020-04-09 00:15,825.1465
2020-04-09 00:10,825.2190
2020-04-09 00:05,825.6558
2020-04-09 00:00,825.2267
2020-04-08 23:55,813.8954
2020-04-08 23:50,813.7341
2020-04-08 23:45,813.5249
2020-04-08 05:55,813.2314
2020-04-08 05:50,813.2868
2020-04-08 05:45,813.3207
2020-04-08 05:40,813.3681
2020-04-08 05:35,813.4457
2020-04-08 05:30,813.4836
2020-04-08 05:25,813.5228
2020-04-08 05:20,813.5966
2020-04-08 05:15,813.6284
2020-04-08 05:10,813.7319
2020-04-08 05:05,813.7685
2020-04-08 05:00,813.7954
2020-04-08 04:55,813.8143
2020-04-08 04:50,813.8359
2020-04-08 04:45,813.9296
2020-04-08 04:40,814.0572
2020-04-08 04:35,814.0933
2020-04-08 04:30,814.1913
2020-04-08 04:25,814.2702
2020-04-08 04:20,814.3656
2020-04-08 04:15,814.7569
2020-04-08 04:10,814.8915
2020-04-08 04:05,815.0236
2020-04-08 04:00,815.0644
2020-04-08 03:55,815.1096
2020-04-08 03:50,815.1355
2020-04-08 03:45,815.1898
2020-04-08 03:40,815.2017
2020-04-08 03:35,815.2436
2020-04-08 03:30,815.3214
2020-04-08 03:25,815.4421
2020-04-08 03:20,815.7542
2020-04-08 03:15,815.8961
2020-04-08 03:10,816.3209
2020-04-08 03:05,816.4619
2020-04-08 03:00,816.6369
2020-04-08 02:55,816.7156
2020-04-08 02:50,816.7979
2020-04-08 02:45,816.8623
2020-04-08 02:40,816.9593
2020-04-08 02:35,817.0390
2020-04-08 02:30,817.6196
2020-04-08 02:25,817.6472
2020-04-08 02:20,817.7675
2020-04-08 02:15,817.8745
2020-04-08 02:10,818.2457
2020-04-08 02:05,818.4240
2020-04-08 02:00,818.5214
2020-04-08 01:55,818.5181
2020-04-08 01:50,818.5049
2020-04-08 01:45,818.4480
2020-04-08 01:40,818.4651
2020-04-08 01:35,818.4888
2020-04-08 01:30,818.5840
2020-04-08 01:25,818.5896
2020-04-08 01:20,818.5938
2020-04-08 01:15,818.5656
2020-04-08 01:10,818.4812
2020-04-08 01:05,818.6035
2020-04-08 01:00,818.7758
2020-04-08 00:55,818.8829
2020-04-08 00:50,819.5620
2020-04-08 00:45,819.9043
2020-04-08 00:40,820.2309
2020-04-08 00:35,820.7995
2020-04-08 00:30,820.9756
2020-04-08 00:25,821.0680
2020-04-08 00:20,821.1615
2020-04-08 00:15,821.4504
2020-04-08 00:10,821.6670
2020-04-08 00:05,822.3790
2020-04-08 00:00,823.9000
2020-04-07 23:55,805.1790
2020-04-07 23:50,804.6089
2020-04-07 23:45,804.3302
2020-04-07 05:55,803.9134
2020-04-07 05:50,803.9478
2020-04-07 05:45,803.9891
2020-04-07 05:40,804.0593
2020-04-07 05:35,804.1448
2020-04-07 05:30,804.1514
2020-04-07 05:25,804.1604
2020-04-07 05:20,804.1893
2020-04-07 05:15,804.2037
2020-04-07 05:10,804.2290
2020-04-07 05:05,804.3270
2020-04-07 05:00,804.4002
2020-04-07 04:55,804.3825
2020-04-07 04:50,804.3684
2020-04-07 04:45,804.3289
2020-04-07 04:40,804.3067
2020-04-07 04:35,804.2738
2020-04-07 04:30,804.1858
2020-04-07 04:25,804.0996
2020-04-07 04:20,804.0260
2020-04-07 04:15,803.9150
2020-04-07 04:10,803.8247
2020-04-07 04:05,803.6736
2020-04-07 04:00,803.5919
2020-04-07 03:55,803.5101
2020-04-07 03:50,803.4964
2020-04-07 03:45,803.4791
2020-04-07 03:40,803.4661
2020-04-07 03:35,803.4199
2020-04-07 03:30,803.3594
2020-04-07 03:25,803.3690
2020-04-07 03:20,803.2597
2020-04-07 03:15,803.2202
2020-04-07 03:10,803.1747
2020-04-07 03:05,803.0718
2020-04-07 03:00,802.9448
2020-04-07 02:55,802.7232
2020-04-07 02:50,802.6486
2020-04-07 02:45,802.6210
2020-04-07 02:40,802.5619
2020-04-07 02:35,802.5253
2020-04-07 02:30,802.4805
2020-04-07 02:25,802.2369
2020-04-07 02:20,802.0436
2020-04-07 02:15,801.9925
2020-04-07 02:10,801.7971
2020-04-07 02:05,801.7464
2020-04-07 02:00,801.6317
2020-04-07 01:55,801.4720
2020-04-07 01:50,801.2959
2020-04-07 01:45,801.0692
2020-04-07 01:40,800.9343
2020-04-07 01:35,800.8711
2020-04-07 01:30,800.6633
2020-04-07 01:25,800.6555
2020-04-07 01:20,800.6598
2020-04-07 01:15,800.7157
2020-04-07 01:10,800.7587
2020-04-07 01:05,800.7900
2020-04-07 01:00,800.9281
2020-04-07 00:55,801.2269
2020-04-07 00:50,801.4034
2020-04-07 00:45,801.8102
2020-04-07 00:40,802.1973
2020-04-07 00:35,802.7274
2020-04-07 00:30,803.8779
2020-04-07 00:25,805.0010
2020-04-07 00:20,805.1708
2020-04-07 00:15,805.7193
2020-04-07 00:10,804.9017
2020-04-07 00:05,803.2600
2020-04-07 00:00,801.8500
2020-04-06 23:55,805.4078
2020-04-06 23:50,805.9932
2020-04-06 23:45,806.1667
2020-04-03 05:55,773.2046
2020-04-03 05:50,773.1027
2020-04-03 05:45,772.3991
2020-04-03 05:40,772.3745
2020-04-03 05:35,772.4786
2020-04-03 05:30,772.6201
2020-04-03 05:25,772.7666
2020-04-03 05:20,772.9543
2020-04-03 05:15,773.0007
2020-04-03 05:10,773.0704
2020-04-03 05:05,773.1202
2020-04-03 05:00,773.1994
2020-04-03 04:55,773.2999
2020-04-03 04:50,773.4266
2020-04-03 04:45,773.7690
2020-04-03 04:40,774.0491
2020-04-03 04:35,774.1927
2020-04-03 04:30,774.2327
2020-04-03 04:25,774.2701
2020-04-03 04:20,774.3548
2020-04-03 04:15,774.0451
2020-04-03 04:10,773.6321
2020-04-03 04:05,773.4380
2020-04-03 04:00,773.5161
2020-04-03 03:55,773.6203
2020-04-03 03:50,773.7162
2020-04-03 03:45,773.7853
2020-04-03 03:40,773.8550
2020-04-03 03:35,773.9142
2020-04-03 03:30,773.9577
2020-04-03 03:25,774.0466
2020-04-03 03:20,774.0953
2020-04-03 03:15,774.2287
2020-04-03 03:10,774.4858
2020-04-03 03:05,774.5368
2020-04-03 03:00,774.5562
2020-04-03 02:55,774.5854
2020-04-03 02:50,774.6256
2020-04-03 02:45,774.6337
2020-04-03 02:40,774.6432
2020-04-03 02:35,774.6822
2020-04-03 02:30,774.7013
2020-04-03 02:25,774.7734
2020-04-03 02:20,774.8341
2020-04-03 02:15,774.9087
2020-04-03 02:10,774.9627
2020-04-03 02:05,775.0157
2020-04-03 02:00,775.0473
2020-04-03 01:55,775.1251
2020-04-03 01:50,775.1691
2020-04-03 01:45,775.1731
2020-04-03 01:40,775.1094
2020-04-03 01:35,775.1435
2020-04-03 01:30,775.1958
2020-04-03 01:25,775.2446
2020-04-03 01:20,775.4588
2020-04-03 01:15,775.5642
2020-04-03 01:10,775.6279
2020-04-03 01:05,775.5746
2020-04-03 01:00,775.6687
2020-04-03 00:55,775.6473
2020-04-03 00:50,775.6060
2020-04-03 00:45,775.6746
2020-04-03 00:40,775.6593
2020-04-03 00:35,775.6255
2020-04-03 00:30,775.5360
2020-04-03 00:25,775.1567
2020-04-03 00:20,774.6933
2020-04-03 00:15,772.8765
2020-04-03 00:10,768.5726
2020-04-03 00:05,768.6738
2020-04-03 00:00,769.9267
2020-04-02 23:55,772.9298
2020-04-02 23:50,774.7976
2020-04-02 23:45,776.5333
2020-04-01 05:55,779.2755
2020-04-01 05:50,779.3954
2020-04-01 05:45,779.4767
2020-04-01 05:40,779.5857
2020-04-01 05:35,779.7384
2020-04-01 05:30,779.8594
2020-04-01 05:25,779.9627
2020-04-01 05:20,780.1119
2020-04-01 05:15,780.2066
2020-04-01 05:10,780.3149
2020-04-01 05:05,780.4054
2020-04-01 05:00,780.4896
2020-04-01 04:55,780.6140
2020-04-01 04:50,780.8225
2020-04-01 04:45,780.9122
2020-04-01 04:40,781.1176
2020-04-01 04:35,781.2445
2020-04-01 04:30,781.3950
2020-04-01 04:25,781.8501
2020-04-01 04:20,782.1308
2020-04-01 04:15,782.2973
2020-04-01 04:10,782.4078
2020-04-01 04:05,782.5742
2020-04-01 04:00,782.7709
2020-04-01 03:55,782.9762
2020-04-01 03:50,783.0674
2020-04-01 03:45,783.1534
2020-04-01 03:40,783.4998
2020-04-01 03:35,783.5920
2020-04-01 03:30,783.8496
2020-04-01 03:25,783.9484
2020-04-01 03:20,784.1326
2020-04-01 03:15,784.1561
2020-04-01 03:10,784.1951
2020-04-01 03:05,784.2007
2020-04-01 03:00,784.2133
2020-04-01 02:55,784.2333
2020-04-01 02:50,784.2662
2020-04-01 02:45,784.2926
2020-04-01 02:40,784.4245
2020-04-01 02:35,784.6263
2020-04-01 02:30,784.8360
2020-04-01 02:25,784.9551
2020-04-01 02:20,785.4779
2020-04-01 02:15,785.6768
2020-04-01 02:10,785.7370
2020-04-01 02:05,785.7994
2020-04-01 02:00,785.8622
2020-04-01 01:55,785.9233
2020-04-01 01:50,786.0204
2020-04-01 01:45,786.1700
2020-04-01 01:40,786.3791
2020-04-01 01:35,786.6517
2020-04-01 01:30,786.7361
2020-04-01 01:25,786.8276
2020-04-01 01:20,786.9515
2020-04-01 01:15,787.0103
2020-04-01 01:10,787.0550
2020-04-01 01:05,787.0875
2020-04-01 01:00,787.1479
2020-04-01 00:55,787.1223
2020-04-01 00:50,787.1880
2020-04-01 00:45,787.2724
2020-04-01 00:40,787.4156
2020-04-01 00:35,787.6822
2020-04-01 00:30,787.8049
2020-04-01 00:25,787.8553
2020-04-01 00:20,788.2756
2020-04-01 00:15,790.5408
2020-04-01 00:10,791.5754
2020-04-01 00:05,796.5389
2020-04-01 00:00,798.4000
2020-03-31 23:55,806.2901
2020-03-31 23:50,806.3479
2020-03-31 23:45,806.3759
2020-03-31 05:55,806.3230
2020-03-31 05:50,806.2829
2020-03-31 05:45,806.2791
2020-03-31 05:40,806.2922
2020-03-31 05:35,806.3058
2020-03-31 05:30,806.3157
2020-03-31 05:25,806.3135
2020-03-31 05:20,806.2767
2020-03-31 05:15,806.2160
2020-03-31 05:10,806.1959
2020-03-31 05:05,806.1494
2020-03-31 05:00,806.1061
2020-03-31 04:55,805.8823
2020-03-31 04:50,805.8210
2020-03-31 04:45,805.7939
2020-03-31 04:40,805.7721
2020-03-31 04:35,805.7485
2020-03-31 04:30,805.7112
2020-03-31 04:25,805.5554
2020-03-31 04:20,805.5148
2020-03-31 04:15,805.3137
2020-03-31 04:10,805.2705
2020-03-31 04:05,805.2520
2020-03-31 04:00,805.2310
2020-03-31 03:55,805.2196
2020-03-31 03:50,805.1886
2020-03-31 03:45,805.1343
2020-03-31 03:40,805.0876
2020-03-31 03:35,805.0801
2020-03-31 03:30,805.0412
2020-03-31 03:25,804.9932
2020-03-31 03:20,804.9550
2020-03-31 03:15,804.9060
2020-03-31 03:10,804.8423
2020-03-31 03:05,804.6688
2020-03-31 03:00,804.6382
2020-03-31 02:55,804.6229
2020-03-31 02:50,804.5906
2020-03-31 02:45,804.5379
2020-03-31 02:40,804.3995
2020-03-31 02:35,804.2799
2020-03-31 02:30,804.2453
2020-03-31 02:25,804.1645
2020-03-31 02:20,804.1425
2020-03-31 02:15,804.1232
2020-03-31 02:10,804.0553
2020-03-31 02:05,803.9523
2020-03-31 02:00,803.8953
2020-03-31 01:55,803.9058
2020-03-31 01:50,803.9336
2020-03-31 01:45,804.0795
2020-03-31 01:40,804.1569
2020-03-31 01:35,804.4903
2020-03-31 01:30,804.7606
2020-03-31 01:25,804.7955
2020-03-31 01:20,804.9054
2020-03-31 01:15,804.9402
2020-03-31 01:10,804.8828
2020-03-31 01:05,803.4187
2020-03-31 01:00,801.5626
2020-03-31 00:55,801.3116
2020-03-31 00:50,801.1216
2020-03-31 00:45,801.0300
2020-03-31 00:40,801.0463
2020-03-31 00:35,801.0869
2020-03-31 00:30,801.0785
2020-03-31 00:25,801.0822
2020-03-31 00:20,800.8295
2020-03-31 00:15,800.4591
2020-03-31 00:10,799.2586
2020-03-31 00:05,797.5035
2020-03-31 00:00,802.4833
2020-03-30 23:55,802.9738
2020-03-30 23:50,802.9029
2020-03-30 23:45,802.7163
2020-03-30 05:55,802.3814
2020-03-30 05:50,802.4491
2020-03-30 05:45,802.5401
2020-03-30 05:40,802.6480
2020-03-30 05:35,802.8242
2020-03-30 05:30,802.8965
2020-03-30 05:25,802.9853
2020-03-30 05:20,803.1646
2020-03-30 05:15,803.3632
2020-03-30 05:10,803.5084
2020-03-30 05:05,803.5801
2020-03-30 05:00,803.6048
2020-03-30 04:55,803.6561
2020-03-30 04:50,803.6831
2020-03-30 04:45,803.7152
2020-03-30 04:40,803.7632
2020-03-30 04:35,803.8643
2020-03-30 04:30,803.9766
2020-03-30 04:25,804.1124
2020-03-30 04:20,804.1840
2020-03-30 04:15,804.4055
2020-03-30 04:10,804.5022
2020-03-30 04:05,804.5474
2020-03-30 04:00,804.6301
2020-03-30 03:55,804.6857
2020-03-30 03:50,804.7266
2020-03-30 03:45,804.7744
2020-03-30 03:40,804.9004
2020-03-30 03:35,804.9948
2020-03-30 03:30,805.2214
2020-03-30 03:25,805.3781
2020-03-30 03:20,805.5868
2020-03-30 03:15,805.7327
2020-03-30 03:10,805.9876
2020-03-30 03:05,806.4341
2020-03-30 03:00,806.6924
2020-03-30 02:55,806.7618
2020-03-30 02:50,806.9038
2020-03-30 02:45,806.9971
2020-03-30 02:40,807.1337
2020-03-30 02:35,807.7378
2020-03-30 02:30,807.9681
2020-03-30 02:25,808.1902
2020-03-30 02:20,808.3655
2020-03-30 02:15,808.3703
2020-03-30 02:10,808.3969
2020-03-30 02:05,808.5063
2020-03-30 02:00,808.5615
2020-03-30 01:55,808.5335
2020-03-30 01:50,808.4840
2020-03-30 01:45,808.4563
2020-03-30 01:40,808.4261
2020-03-30 01:35,808.3792
2020-03-30 01:30,808.3461
2020-03-30 01:25,808.3256
2020-03-30 01:20,808.2670
2020-03-30 01:15,808.1802
2020-03-30 01:10,808.0397
2020-03-30 01:05,807.9963
2020-03-30 01:00,807.9796
2020-03-30 00:55,807.8313
2020-03-30 00:50,807.8533
2020-03-30 00:45,807.8899
2020-03-30 00:40,808.1011
2020-03-30 00:35,808.0995
2020-03-30 00:30,807.8866
2020-03-30 00:25,807.1274
2020-03-30 00:20,806.7204
2020-03-30 00:15,806.7091
2020-03-30 00:10,806.6092
2020-03-30 00:05,807.1200
2020-03-30 00:00,806.7567
2020-03-29 23:55,805.8610
2020-03-29 23:50,807.3944
2020-03-29 23:45,807.4000
2020-03-27 05:55,843.1828
2020-03-27 05:50,843.2314
2020-03-27 05:45,843.2614
2020-03-27 05:40,843.3126
2020-03-27 05:35,843.4121
2020-03-27 05:30,843.4689
2020-03-27 05:25,843.5244
2020-03-27 05:20,843.5097
2020-03-27 05:15,843.5072
2020-03-27 05:10,843.5034
2020-03-27 05:05,843.4496
2020-03-27 05:00,843.3564
2020-03-27 04:55,842.8187
2020-03-27 04:50,842.1924
2020-03-27 04:45,841.1441
2020-03-27 04:40,840.2519
2020-03-27 04:35,839.6388
2020-03-27 04:30,839.3083
2020-03-27 04:25,839.2109
2020-03-27 04:20,839.4645
2020-03-27 04:15,839.6991
2020-03-27 04:10,840.2499
2020-03-27 04:05,840.6710
2020-03-27 04:00,841.2673
2020-03-27 03:55,841.4971
2020-03-27 03:50,841.8126
2020-03-27 03:45,842.2273
2020-03-27 03:40,842.3117
2020-03-27 03:35,842.5900
2020-03-27 03:30,842.7576
2020-03-27 03:25,842.8274
2020-03-27 03:20,842.9089
2020-03-27 03:15,843.1588
2020-03-27 03:10,843.2590
2020-03-27 03:05,843.4627
2020-03-27 03:00,843.6964
2020-03-27 02:55,845.5711
2020-03-27 02:50,846.2262
2020-03-27 02:45,846.3681
2020-03-27 02:40,846.7025
2020-03-27 02:35,846.8514
2020-03-27 02:30,847.2367
2020-03-27 02:25,847.5587
2020-03-27 02:20,847.9863
2020-03-27 02:15,848.2818
2020-03-27 02:10,849.0835
2020-03-27 02:05,849.5061
2020-03-27 02:00,850.1172
2020-03-27 01:55,850.9232
2020-03-27 01:50,852.0960
2020-03-27 01:45,853.2607
2020-03-27 01:40,853.7814
2020-03-27 01:35,854.8373
2020-03-27 01:30,856.2673
2020-03-27 01:25,858.9362
2020-03-27 01:20,861.5229
2020-03-27 01:15,862.9934
2020-03-27 01:10,864.3249
2020-03-27 01:05,866.2029
2020-03-27 01:00,867.3095
2020-03-27 00:55,868.9130
2020-03-27 00:50,869.5224
2020-03-27 00:45,870.4872
2020-03-27 00:40,871.9450
2020-03-27 00:35,875.6782
2020-03-27 00:30,877.0593
2020-03-27 00:25,878.1512
2020-03-27 00:20,878.9428
2020-03-27 00:15,880.0224
2020-03-27 00:10,881.9504
2020-03-27 00:05,884.0658
2020-03-27 00:00,885.1867
2020-03-26 23:55,816.2088
2020-03-26 23:50,816.1350
2020-03-26 23:45,816.0548
2020-03-26 05:55,815.9772
2020-03-26 05:50,815.9704
2020-03-26 05:45,815.9180
2020-03-26 05:40,815.9034
2020-03-26 05:35,815.8927
2020-03-26 05:30,815.8339
2020-03-26 05:25,815.8195
2020-03-26 05:20,815.8039
2020-03-26 05:15,815.7958
2020-03-26 05:10,815.7875
2020-03-26 05:05,815.7853
2020-03-26 05:00,815.7791
2020-03-26 04:55,815.7767
2020-03-26 04:50,815.7766
2020-03-26 04:45,815.7765
2020-03-26 04:40,815.7764
2020-03-26 04:35,815.7763
2020-03-26 04:30,815.7778
2020-03-26 04:25,815.7806
2020-03-26 04:20,815.7815
2020-03-26 04:15,815.7835
2020-03-26 04:10,815.7851
2020-03-26 04:05,815.7928
2020-03-26 04:00,815.8005
2020-03-26 03:55,815.8079
2020-03-26 03:50,815.8216
2020-03-26 03:45,815.8238
2020-03-26 03:40,815.8236
2020-03-26 03:35,815.8243
2020-03-26 03:30,815.8255
2020-03-26 03:25,815.8277
2020-03-26 03:20,815.8268
2020-03-26 03:15,815.8274
2020-03-26 03:10,815.8291
2020-03-26 03:05,815.8291
2020-03-26 03:00,815.8290
2020-03-26 02:55,815.8298
2020-03-26 02:50,815.8332
2020-03-26 02:45,815.8334
2020-03-26 02:40,815.8335
2020-03-26 02:35,815.8319
2020-03-26 02:30,815.8307
2020-03-26 02:25,793.5321
2020-03-26 02:20,793.2194
2020-03-26 02:15,792.9558
2020-03-26 02:10,792.7688
2020-03-26 02:05,792.6477
2020-03-26 02:00,792.6831
2020-03-26 01:55,792.7587
2020-03-26 01:50,792.8897
2020-03-26 01:45,793.4260
2020-03-26 01:40,793.6221
2020-03-26 01:35,793.7554
2020-03-26 01:30,793.8155
2020-03-26 01:25,793.8683
2020-03-26 01:20,793.9987
2020-03-26 01:15,794.2126
2020-03-26 01:10,794.2480
2020-03-26 01:05,794.0724
2020-03-26 01:00,793.7036
2020-03-26 00:55,793.1361
2020-03-26 00:50,792.0606
2020-03-26 00:45,790.1237
2020-03-26 00:40,788.8508
2020-03-26 00:35,788.3762
2020-03-26 00:30,788.4240
2020-03-26 00:25,789.2735
2020-03-26 00:20,789.9729
2020-03-26 00:15,790.2406
2020-03-26 00:10,788.8803
2020-03-26 00:05,789.0021
2020-03-26 00:00,789.1300
2020-03-25 23:55,709.6561
2020-03-25 23:50,708.6341
2020-03-25 23:45,707.5895
2020-03-25 05:55,706.3097
2020-03-25 05:50,704.7901
2020-03-25 05:45,704.5136
2020-03-25 05:40,703.8246
2020-03-25 05:35,702.7547
2020-03-25 05:30,700.8432
2020-03-25 05:25,699.6454
2020-03-25 05:20,699.3204
2020-03-25 05:15,698.8794
2020-03-25 05:10,698.2360
2020-03-25 05:05,695.9964
2020-03-25 05:00,694.7092
2020-03-25 04:55,693.3053
2020-03-25 04:50,691.5601
2020-03-25 04:45,690.8831
2020-03-25 04:40,690.5171
2020-03-25 04:35,690.1996
2020-03-25 04:30,689.6806
2020-03-25 04:25,689.3285
2020-03-25 04:20,688.8927
2020-03-25 04:15,688.4646
2020-03-25 04:10,686.6459
2020-03-25 04:05,683.4352
2020-03-25 04:00,683.1202
2020-03-25 03:55,682.8642
2020-03-25 03:50,682.5115
2020-03-25 03:45,681.5561
2020-03-25 03:40,680.2209
2020-03-25 03:35,679.2388
2020-03-25 03:30,678.7076
2020-03-25 03:25,678.5402
2020-03-25 03:20,678.2013
2020-03-25 03:15,677.7796
2020-03-25 03:10,677.1915
2020-03-25 03:05,676.3406
2020-03-25 03:00,675.8696
2020-03-25 02:55,675.2301
2020-03-25 02:50,674.6636
2020-03-25 02:45,674.3709
2020-03-25 02:40,674.1554
2020-03-25 02:35,673.7695
2020-03-25 02:30,673.6411
2020-03-25 02:25,673.3450
2020-03-25 02:20,672.9934
2020-03-25 02:15,672.4042
2020-03-25 02:10,672.1276
2020-03-25 02:05,672.0501
2020-03-25 02:00,671.9841
2020-03-25 01:55,671.7687
2020-03-25 01:50,671.7574
2020-03-25 01:45,671.7367
2020-03-25 01:40,671.7220
2020-03-25 01:35,671.7116
2020-03-25 01:30,671.7615
2020-03-25 01:25,671.8348
2020-03-25 01:20,671.8887
2020-03-25 01:15,671.9390
2020-03-25 01:10,672.0327
2020-03-25 01:05,672.0489
2020-03-25 01:00,672.0902
2020-03-25 00:55,672.0828
2020-03-25 00:50,671.8779
2020-03-25 00:45,671.7377
2020-03-25 00:40,671.5171
2020-03-25 00:35,671.2920
2020-03-25 00:30,671.1021
2020-03-25 00:25,671.1647
2020-03-25 00:20,671.9470
2020-03-25 00:15,673.3240
2020-03-25 00:10,675.6220
2020-03-25 00:05,677.0356
2020-03-25 00:00,679.9300
2020-03-24 23:55,703.9419
2020-03-24 23:50,704.3109
2020-03-24 23:45,704.5814
2020-03-24 05:55,705.0129
2020-03-24 05:50,704.9476
2020-03-24 05:45,704.8550
2020-03-24 05:40,704.7908
2020-03-24 05:35,704.7280
2020-03-24 05:30,704.7192
2020-03-24 05:25,704.7439
2020-03-24 05:20,704.6887
2020-03-24 05:15,704.6674
2020-03-24 05:10,704.1383
2020-03-24 05:05,704.0326
2020-03-24 05:00,703.1232
2020-03-24 04:55,702.9217
2020-03-24 04:50,702.7626
2020-03-24 04:45,702.6259
2020-03-24 04:40,702.5062
2020-03-24 04:35,702.4047
2020-03-24 04:30,702.3125
2020-03-24 04:25,702.1859
2020-03-24 04:20,701.9501
2020-03-24 04:15,701.7166
2020-03-24 04:10,701.5301
2020-03-24 04:05,701.3544
2020-03-24 04:00,701.1136
2020-03-24 03:55,700.9534
2020-03-24 03:50,700.7850
2020-03-24 03:45,700.6638
2020-03-24 03:40,700.5823
2020-03-24 03:35,700.4921
2020-03-24 03:30,700.2084
2020-03-24 03:25,700.1023
2020-03-24 03:20,699.7139
2020-03-24 03:15,699.5000
2020-03-24 03:10,699.1374
2020-03-24 03:05,698.4704
2020-03-24 03:00,698.2656
2020-03-24 02:55,698.0380
2020-03-24 02:50,697.8230
2020-03-24 02:45,697.6437
2020-03-24 02:40,697.4823
2020-03-24 02:35,697.0808
2020-03-24 02:30,696.8369
2020-03-24 02:25,696.5393
2020-03-24 02:20,695.9535
2020-03-24 02:15,695.3221
2020-03-24 02:10,694.6885
2020-03-24 02:05,693.8995
2020-03-24 02:00,693.1618
2020-03-24 01:55,692.1829
2020-03-24 01:50,691.8166
2020-03-24 01:45,691.1925
2020-03-24 01:40,690.9920
2020-03-24 01:35,690.8728
2020-03-24 01:30,690.8794
2020-03-24 01:25,690.8929
2020-03-24 01:20,690.7194
2020-03-24 01:15,690.3652
2020-03-24 01:10,689.9487
2020-03-24 01:05,689.8823
2020-03-24 01:00,689.7833
2020-03-24 00:55,689.8532
2020-03-24 00:50,690.1481
2020-03-24 00:45,690.3129
2020-03-24 00:40,690.4401
2020-03-24 00:35,690.4985
2020-03-24 00:30,690.6937
2020-03-24 00:25,690.5613
2020-03-24 00:20,690.0030
2020-03-24 00:15,689.4359
2020-03-24 00:10,688.9914
2020-03-24 00:05,688.6983
2020-03-24 00:00,688.6833
2020-03-23 23:55,741.2001
2020-03-23 23:50,741.8274
2020-03-23 23:45,742.4545
2020-03-23 05:55,743.6145
2020-03-23 05:50,744.0570
2020-03-23 05:45,744.7984
2020-03-23 05:40,745.5965
2020-03-23 05:35,745.7236
2020-03-23 05:30,745.8957
2020-03-23 05:25,746.1273
2020-03-23 05:20,746.3110
2020-03-23 05:15,746.4278
2020-03-23 05:10,747.1094
2020-03-23 05:05,747.2569
2020-03-23 05:00,747.8648
2020-03-23 04:55,748.1268
2020-03-23 04:50,749.0796
2020-03-23 04:45,749.3333
2020-03-23 04:40,749.6091
2020-03-23 04:35,750.0631
2020-03-23 04:30,750.4614
2020-03-23 04:25,751.2057
2020-03-23 04:20,752.2996
2020-03-23 04:15,752.8767
2020-03-23 04:10,753.3052
2020-03-23 04:05,753.8745
2020-03-23 04:00,754.4119
2020-03-23 03:55,754.9510
2020-03-23 03:50,755.4073
2020-03-23 03:45,756.3830
2020-03-23 03:40,757.4259
2020-03-23 03:35,758.7220
2020-03-23 03:30,761.9583
2020-03-23 03:25,763.3945
2020-03-23 03:20,763.9613
2020-03-23 03:15,764.5252
2020-03-23 03:10,765.3958
2020-03-23 03:05,766.1220
2020-03-23 03:00,766.9462
2020-03-23 02:55,769.4923
2020-03-23 02:50,770.9753
2020-03-23 02:45,771.5176
2020-03-23 02:40,772.5238
2020-03-23 02:35,773.4542
2020-03-23 02:30,775.2225
2020-03-23 02:25,778.6522
2020-03-23 02:20,781.8960
2020-03-23 02:15,782.8160
2020-03-23 02:10,783.2650
2020-03-23 02:05,784.2137
2020-03-23 02:00,787.3075
2020-03-23 01:55,787.8403
2020-03-23 01:50,788.3262
2020-03-23 01:45,789.2668
2020-03-23 01:40,790.9164
2020-03-23 01:35,791.2024
2020-03-23 01:30,791.3764
2020-03-23 01:25,791.9934
2020-03-23 01:20,792.3691
2020-03-23 00:25,792.4432
2020-03-23 00:20,792.5023
2020-03-23 00:15,792.9507
2020-03-23 00:10,793.5346
2020-03-23 00:05,794.0164
2020-03-23 00:00,796.4567
2020-03-22 23:55,804.8555
2020-03-22 23:50,807.9026
2020-03-22 23:45,812.7893
2020-03-20 05:55,853.1511
2020-03-20 05:50,852.9776
2020-03-20 05:45,852.7461
2020-03-20 05:40,852.4866
2020-03-20 05:35,852.3196
2020-03-20 05:30,852.1083
2020-03-20 05:25,852.0172
2020-03-20 05:20,851.9806
2020-03-20 05:15,851.8525
2020-03-20 05:10,851.7239
2020-03-20 05:05,851.6659
2020-03-20 05:00,851.6254
2020-03-20 04:55,851.5544
2020-03-20 04:50,851.4236
2020-03-20 04:45,851.3869
2020-03-20 04:40,851.4661
2020-03-20 04:35,851.5704
2020-03-20 04:30,851.7902
2020-03-20 04:25,851.7601
2020-03-20 04:20,851.6056
2020-03-20 04:15,851.1898
2020-03-20 04:10,850.7521
2020-03-20 04:05,850.1475
2020-03-20 04:00,849.6115
2020-03-20 03:55,849.2968
2020-03-20 03:50,848.3672
2020-03-20 03:45,848.2279
2020-03-20 03:40,848.1041
2020-03-20 03:35,847.7645
2020-03-20 03:30,847.4018
2020-03-20 03:25,847.0471
2020-03-20 03:20,846.5631
2020-03-20 03:15,846.3469
2020-03-20 03:10,846.0331
2020-03-20 03:05,845.6367
2020-03-20 03:00,845.3068
2020-03-20 02:55,844.8401
2020-03-20 02:50,843.9977
2020-03-20 02:45,843.4080
2020-03-20 02:40,842.5149
2020-03-20 02:35,842.0336
2020-03-20 02:30,841.3434
2020-03-20 02:25,840.8468
2020-03-20 02:20,840.7047
2020-03-20 02:15,840.6993
2020-03-20 02:10,840.4934
2020-03-20 02:05,840.5277
2020-03-20 02:00,840.5994
2020-03-20 01:55,840.7680
2020-03-20 01:50,841.2366
2020-03-20 01:45,841.4515
2020-03-20 01:40,841.8273
2020-03-20 01:35,842.0551
2020-03-20 01:30,842.4219
2020-03-20 01:25,842.6453
2020-03-20 01:20,842.8895
2020-03-20 01:15,843.0578
2020-03-20 01:10,843.1730
2020-03-20 01:05,843.2851
2020-03-20 01:00,843.3040
2020-03-20 00:55,843.1023
2020-03-20 00:50,843.0572
2020-03-20 00:45,843.0305
2020-03-20 00:40,843.2293
2020-03-20 00:35,843.0173
2020-03-20 00:30,842.5743
2020-03-20 00:25,841.6973
2020-03-20 00:20,841.2077
2020-03-20 00:15,841.4681
2020-03-20 00:10,841.7178
2020-03-20 00:05,842.8713
2020-03-20 00:00,844.3367
2020-03-19 23:55,855.0626
2020-03-19 23:50,860.4500
2020-03-19 23:45,0.0000
